Model,Glucose_uptake,Oxygen_uptake,Growth_rate
iYO844,0.0,0.0,0.0
iYO844,0.0,0.75,0.0
iYO844,0.0,1.5,0.0
iYO844,0.0,2.25,0.0
iYO844,0.0,3.0,0.0
iYO844,0.0,3.75,0.0
iYO844,0.0,4.5,0.0
iYO844,0.0,5.25,0.0
iYO844,0.0,6.0,0.0
iYO844,0.0,6.75,0.0
iYO844,0.0,7.5,0.0
iYO844,0.0,8.25,0.0
iYO844,0.0,9.0,0.0
iYO844,0.0,9.75,0.0
iYO844,0.0,10.5,0.0
iYO844,0.0,11.25,0.0
iYO844,0.0,12.0,0.0
iYO844,0.0,12.75,0.0
iYO844,0.0,13.5,0.0
iYO844,0.0,14.25,0.0
iYO844,0.0,15.0,0.0
iYO844,0.0,15.75,0.0
iYO844,0.0,16.5,0.0
iYO844,0.0,17.25,0.0
iYO844,0.0,18.0,0.0
iYO844,0.0,18.75,0.0
iYO844,0.0,19.5,0.0
iYO844,0.0,20.25,0.0
iYO844,0.0,21.0,0.0
iYO844,0.0,21.75,0.0
iYO844,0.0,22.5,0.0
iYO844,0.0,23.25,0.0
iYO844,0.0,24.0,0.0
iYO844,0.0,24.75,0.0
iYO844,0.0,25.5,0.0
iYO844,0.0,26.25,0.0
iYO844,0.0,27.0,0.0
iYO844,0.0,27.75,0.0
iYO844,0.0,28.5,0.0
iYO844,0.0,29.25,0.0
iYO844,0.0,30.0,0.0
iYO844,0.375,0.0,0.0
iYO844,0.375,0.75,0.0
iYO844,0.375,1.5,0.0
iYO844,0.375,2.25,0.0
iYO844,0.375,3.0,0.0
iYO844,0.375,3.75,0.0
iYO844,0.375,4.5,0.0
iYO844,0.375,5.25,0.0
iYO844,0.375,6.0,0.0
iYO844,0.375,6.75,0.0
iYO844,0.375,7.5,0.0
iYO844,0.375,8.25,0.0
iYO844,0.375,9.0,0.0
iYO844,0.375,9.75,0.0
iYO844,0.375,10.5,0.0
iYO844,0.375,11.25,0.0
iYO844,0.375,12.0,0.0
iYO844,0.375,12.75,0.0
iYO844,0.375,13.5,0.0
iYO844,0.375,14.25,0.0
iYO844,0.375,15.0,0.0
iYO844,0.375,15.75,0.0
iYO844,0.375,16.5,0.0
iYO844,0.375,17.25,0.0
iYO844,0.375,18.0,0.0
iYO844,0.375,18.75,0.0
iYO844,0.375,19.5,0.0
iYO844,0.375,20.25,0.0
iYO844,0.375,21.0,0.0
iYO844,0.375,21.75,0.0
iYO844,0.375,22.5,0.0
iYO844,0.375,23.25,0.0
iYO844,0.375,24.0,0.0
iYO844,0.375,24.75,0.0
iYO844,0.375,25.5,0.0
iYO844,0.375,26.25,0.0
iYO844,0.375,27.0,0.0
iYO844,0.375,27.75,0.0
iYO844,0.375,28.5,0.0
iYO844,0.375,29.25,0.0
iYO844,0.375,30.0,0.0
iYO844,0.75,0.0,0.0
iYO844,0.75,0.75,0.0
iYO844,0.75,1.5,0.0
iYO844,0.75,2.25,0.011577692728390052
iYO844,0.75,3.0,0.028301026669397978
iYO844,0.75,3.75,0.03338671395916961
iYO844,0.75,4.5,0.03338671395916961
iYO844,0.75,5.25,0.03338671395916961
iYO844,0.75,6.0,0.03338671395916961
iYO844,0.75,6.75,0.03338671395916961
iYO844,0.75,7.5,0.03338671395916961
iYO844,0.75,8.25,0.03338671395916961
iYO844,0.75,9.0,0.03338671395916961
iYO844,0.75,9.75,0.03338671395916961
iYO844,0.75,10.5,0.03338671395916961
iYO844,0.75,11.25,0.03338671395916961
iYO844,0.75,12.0,0.03338671395916961
iYO844,0.75,12.75,0.03338671395916961
iYO844,0.75,13.5,0.03338671395916961
iYO844,0.75,14.25,0.03338671395916961
iYO844,0.75,15.0,0.03338671395916961
iYO844,0.75,15.75,0.03338671395916961
iYO844,0.75,16.5,0.03338671395916961
iYO844,0.75,17.25,0.03338671395916961
iYO844,0.75,18.0,0.03338671395916961
iYO844,0.75,18.75,0.03338671395916961
iYO844,0.75,19.5,0.03338671395916961
iYO844,0.75,20.25,0.03338671395916961
iYO844,0.75,21.0,0.03338671395916961
iYO844,0.75,21.75,0.03338671395916961
iYO844,0.75,22.5,0.03338671395916961
iYO844,0.75,23.25,0.03338671395916961
iYO844,0.75,24.0,0.03338671395916961
iYO844,0.75,24.75,0.03338671395916961
iYO844,0.75,25.5,0.03338671395916961
iYO844,0.75,26.25,0.03338671395916961
iYO844,0.75,27.0,0.03338671395916961
iYO844,0.75,27.75,0.03338671395916961
iYO844,0.75,28.5,0.03338671395916961
iYO844,0.75,29.25,0.03338671395916961
iYO844,0.75,30.0,0.03338671395916961
iYO844,1.125,0.0,0.0
iYO844,1.125,0.75,0.0
iYO844,1.125,1.5,0.0
iYO844,1.125,2.25,0.02315538545678009
iYO844,1.125,3.0,0.03987871939778798
iYO844,1.125,3.75,0.056602053338795894
iYO844,1.125,4.5,0.06677342791833919
iYO844,1.125,5.25,0.06677342791833922
iYO844,1.125,6.0,0.06677342791833922
iYO844,1.125,6.75,0.06677342791833922
iYO844,1.125,7.5,0.06677342791833922
iYO844,1.125,8.25,0.06677342791833922
iYO844,1.125,9.0,0.06677342791833922
iYO844,1.125,9.75,0.06677342791833922
iYO844,1.125,10.5,0.06677342791833922
iYO844,1.125,11.25,0.06677342791833922
iYO844,1.125,12.0,0.06677342791833922
iYO844,1.125,12.75,0.06677342791833922
iYO844,1.125,13.5,0.06677342791833922
iYO844,1.125,14.25,0.06677342791833922
iYO844,1.125,15.0,0.06677342791833922
iYO844,1.125,15.75,0.06677342791833922
iYO844,1.125,16.5,0.06677342791833922
iYO844,1.125,17.25,0.06677342791833922
iYO844,1.125,18.0,0.06677342791833922
iYO844,1.125,18.75,0.06677342791833922
iYO844,1.125,19.5,0.06677342791833922
iYO844,1.125,20.25,0.06677342791833922
iYO844,1.125,21.0,0.06677342791833922
iYO844,1.125,21.75,0.06677342791833922
iYO844,1.125,22.5,0.06677342791833922
iYO844,1.125,23.25,0.06677342791833922
iYO844,1.125,24.0,0.06677342791833922
iYO844,1.125,24.75,0.06677342791833922
iYO844,1.125,25.5,0.06677342791833922
iYO844,1.125,26.25,0.06677342791833922
iYO844,1.125,27.0,0.06677342791833922
iYO844,1.125,27.75,0.06677342791833922
iYO844,1.125,28.5,0.06677342791833922
iYO844,1.125,29.25,0.06677342791833922
iYO844,1.125,30.0,0.06677342791833922
iYO844,1.5,0.0,0.0
iYO844,1.5,0.75,0.0
iYO844,1.5,1.5,0.005568517899962768
iYO844,1.5,2.25,0.030626848449795224
iYO844,1.5,3.0,0.05145641212617795
iYO844,1.5,3.75,0.06817974606718583
iYO844,1.5,4.5,0.08490308000819363
iYO844,1.5,5.25,0.10016014187750881
iYO844,1.5,6.0,0.10016014187750881
iYO844,1.5,6.75,0.10016014187750881
iYO844,1.5,7.5,0.10016014187750881
iYO844,1.5,8.25,0.10016014187750881
iYO844,1.5,9.0,0.10016014187750881
iYO844,1.5,9.75,0.10016014187750881
iYO844,1.5,10.5,0.10016014187750881
iYO844,1.5,11.25,0.10016014187750881
iYO844,1.5,12.0,0.10016014187750881
iYO844,1.5,12.75,0.10016014187750881
iYO844,1.5,13.5,0.10016014187750881
iYO844,1.5,14.25,0.10016014187750881
iYO844,1.5,15.0,0.10016014187750881
iYO844,1.5,15.75,0.10016014187750881
iYO844,1.5,16.5,0.10016014187750881
iYO844,1.5,17.25,0.10016014187750881
iYO844,1.5,18.0,0.10016014187750881
iYO844,1.5,18.75,0.10016014187750881
iYO844,1.5,19.5,0.10016014187750881
iYO844,1.5,20.25,0.10016014187750881
iYO844,1.5,21.0,0.10016014187750881
iYO844,1.5,21.75,0.10016014187750881
iYO844,1.5,22.5,0.10016014187750881
iYO844,1.5,23.25,0.10016014187750881
iYO844,1.5,24.0,0.10016014187750881
iYO844,1.5,24.75,0.10016014187750881
iYO844,1.5,25.5,0.10016014187750881
iYO844,1.5,26.25,0.10016014187750881
iYO844,1.5,27.0,0.10016014187750881
iYO844,1.5,27.75,0.10016014187750881
iYO844,1.5,28.5,0.10016014187750881
iYO844,1.5,29.25,0.10016014187750881
iYO844,1.5,30.0,0.10016014187750881
iYO844,1.875,0.0,0.0
iYO844,1.875,0.75,0.0
iYO844,1.875,1.5,0.011137035799925534
iYO844,1.875,2.25,0.03619536634975783
iYO844,1.875,3.0,0.061253696899590176
iYO844,1.875,3.75,0.07975743879557746
iYO844,1.875,4.5,0.09648077273658379
iYO844,1.875,5.25,0.11320410667759158
iYO844,1.875,6.0,0.12992744061859945
iYO844,1.875,6.75,0.13354685583667839
iYO844,1.875,7.5,0.1335468558366784
iYO844,1.875,8.25,0.1335468558366784
iYO844,1.875,9.0,0.1335468558366784
iYO844,1.875,9.75,0.1335468558366784
iYO844,1.875,10.5,0.1335468558366784
iYO844,1.875,11.25,0.1335468558366784
iYO844,1.875,12.0,0.1335468558366784
iYO844,1.875,12.75,0.1335468558366784
iYO844,1.875,13.5,0.1335468558366784
iYO844,1.875,14.25,0.1335468558366784
iYO844,1.875,15.0,0.1335468558366784
iYO844,1.875,15.75,0.1335468558366784
iYO844,1.875,16.5,0.1335468558366784
iYO844,1.875,17.25,0.1335468558366784
iYO844,1.875,18.0,0.1335468558366784
iYO844,1.875,18.75,0.1335468558366784
iYO844,1.875,19.5,0.1335468558366784
iYO844,1.875,20.25,0.1335468558366784
iYO844,1.875,21.0,0.1335468558366784
iYO844,1.875,21.75,0.1335468558366784
iYO844,1.875,22.5,0.1335468558366784
iYO844,1.875,23.25,0.1335468558366784
iYO844,1.875,24.0,0.1335468558366784
iYO844,1.875,24.75,0.1335468558366784
iYO844,1.875,25.5,0.1335468558366784
iYO844,1.875,26.25,0.1335468558366784
iYO844,1.875,27.0,0.1335468558366784
iYO844,1.875,27.75,0.1335468558366784
iYO844,1.875,28.5,0.1335468558366784
iYO844,1.875,29.25,0.1335468558366784
iYO844,1.875,30.0,0.1335468558366784
iYO844,2.25,0.0,0.0
iYO844,2.25,0.75,0.0
iYO844,2.25,1.5,0.016705553699888256
iYO844,2.25,2.25,0.04176388424972057
iYO844,2.25,3.0,0.06682221479955291
iYO844,2.25,3.75,0.0906005183350374
iYO844,2.25,4.5,0.10805846546497373
iYO844,2.25,5.25,0.12478179940598157
iYO844,2.25,6.0,0.1415051333469894
iYO844,2.25,6.75,0.15822846728799725
iYO844,2.25,7.5,0.16693356979584795
iYO844,2.25,8.25,0.16693356979584797
iYO844,2.25,9.0,0.16693356979584797
iYO844,2.25,9.75,0.16693356979584797
iYO844,2.25,10.5,0.16693356979584797
iYO844,2.25,11.25,0.16693356979584797
iYO844,2.25,12.0,0.16693356979584797
iYO844,2.25,12.75,0.16693356979584797
iYO844,2.25,13.5,0.16693356979584797
iYO844,2.25,14.25,0.16693356979584797
iYO844,2.25,15.0,0.16693356979584797
iYO844,2.25,15.75,0.16693356979584797
iYO844,2.25,16.5,0.16693356979584797
iYO844,2.25,17.25,0.16693356979584797
iYO844,2.25,18.0,0.16693356979584797
iYO844,2.25,18.75,0.16693356979584797
iYO844,2.25,19.5,0.16693356979584797
iYO844,2.25,20.25,0.16693356979584797
iYO844,2.25,21.0,0.16693356979584797
iYO844,2.25,21.75,0.16693356979584797
iYO844,2.25,22.5,0.16693356979584797
iYO844,2.25,23.25,0.16693356979584797
iYO844,2.25,24.0,0.16693356979584797
iYO844,2.25,24.75,0.16693356979584797
iYO844,2.25,25.5,0.16693356979584797
iYO844,2.25,26.25,0.16693356979584797
iYO844,2.25,27.0,0.16693356979584797
iYO844,2.25,27.75,0.16693356979584797
iYO844,2.25,28.5,0.16693356979584797
iYO844,2.25,29.25,0.16693356979584797
iYO844,2.25,30.0,0.16693356979584797
iYO844,2.625,0.0,0.0
iYO844,2.625,0.75,0.0
iYO844,2.625,1.5,0.02227407159985102
iYO844,2.625,2.25,0.04733240214968331
iYO844,2.625,3.0,0.07239073269951565
iYO844,2.625,3.75,0.09744906324934799
iYO844,2.625,4.5,0.11891318031473648
iYO844,2.625,5.25,0.1363594921343717
iYO844,2.625,6.0,0.1530828260753796
iYO844,2.625,6.75,0.1698061600163874
iYO844,2.625,7.5,0.18652949395739524
iYO844,2.625,8.25,0.20032028375501768
iYO844,2.625,9.0,0.20032028375501765
iYO844,2.625,9.75,0.20032028375501765
iYO844,2.625,10.5,0.20032028375501765
iYO844,2.625,11.25,0.20032028375501765
iYO844,2.625,12.0,0.20032028375501765
iYO844,2.625,12.75,0.20032028375501765
iYO844,2.625,13.5,0.20032028375501765
iYO844,2.625,14.25,0.20032028375501765
iYO844,2.625,15.0,0.20032028375501765
iYO844,2.625,15.75,0.20032028375501765
iYO844,2.625,16.5,0.20032028375501765
iYO844,2.625,17.25,0.20032028375501765
iYO844,2.625,18.0,0.20032028375501765
iYO844,2.625,18.75,0.20032028375501765
iYO844,2.625,19.5,0.20032028375501765
iYO844,2.625,20.25,0.20032028375501765
iYO844,2.625,21.0,0.20032028375501765
iYO844,2.625,21.75,0.20032028375501765
iYO844,2.625,22.5,0.20032028375501765
iYO844,2.625,23.25,0.20032028375501765
iYO844,2.625,24.0,0.20032028375501765
iYO844,2.625,24.75,0.20032028375501765
iYO844,2.625,25.5,0.20032028375501765
iYO844,2.625,26.25,0.20032028375501765
iYO844,2.625,27.0,0.20032028375501765
iYO844,2.625,27.75,0.20032028375501765
iYO844,2.625,28.5,0.20032028375501765
iYO844,2.625,29.25,0.20032028375501765
iYO844,2.625,30.0,0.20032028375501765
iYO844,3.0,0.0,0.0
iYO844,3.0,0.75,0.0027842589499813826
iYO844,3.0,1.5,0.027842589499813716
iYO844,3.0,2.25,0.05290092004964607
iYO844,3.0,3.0,0.0779592505994784
iYO844,3.0,3.75,0.10301758114931076
iYO844,3.0,4.5,0.1280759116991431
iYO844,3.0,5.25,0.14722584229443472
iYO844,3.0,6.0,0.16466051880376972
iYO844,3.0,6.75,0.1813838527447779
iYO844,3.0,7.5,0.19810718668578486
iYO844,3.0,8.25,0.21483052062679275
iYO844,3.0,9.0,0.23155385456780125
iYO844,3.0,9.75,0.23370699771418663
iYO844,3.0,10.5,0.23370699771418726
iYO844,3.0,11.25,0.23370699771418726
iYO844,3.0,12.0,0.23370699771418726
iYO844,3.0,12.75,0.23370699771418726
iYO844,3.0,13.5,0.23370699771418726
iYO844,3.0,14.25,0.23370699771418726
iYO844,3.0,15.0,0.23370699771418726
iYO844,3.0,15.75,0.23370699771418726
iYO844,3.0,16.5,0.23370699771418726
iYO844,3.0,17.25,0.23370699771418726
iYO844,3.0,18.0,0.23370699771418726
iYO844,3.0,18.75,0.23370699771418726
iYO844,3.0,19.5,0.23370699771418726
iYO844,3.0,20.25,0.23370699771418726
iYO844,3.0,21.0,0.23370699771418726
iYO844,3.0,21.75,0.23370699771418726
iYO844,3.0,22.5,0.23370699771418726
iYO844,3.0,23.25,0.23370699771418726
iYO844,3.0,24.0,0.23370699771418726
iYO844,3.0,24.75,0.23370699771418726
iYO844,3.0,25.5,0.23370699771418726
iYO844,3.0,26.25,0.23370699771418726
iYO844,3.0,27.0,0.23370699771418726
iYO844,3.0,27.75,0.23370699771418726
iYO844,3.0,28.5,0.23370699771418726
iYO844,3.0,29.25,0.23370699771418726
iYO844,3.0,30.0,0.23370699771418726
iYO844,3.375,0.0,0.0
iYO844,3.375,0.75,0.008352776849944114
iYO844,3.375,1.5,0.03341110739977645
iYO844,3.375,2.25,0.058469437949608793
iYO844,3.375,3.0,0.08352776849944113
iYO844,3.375,3.75,0.10858609904927345
iYO844,3.375,4.5,0.1336444295991058
iYO844,3.375,5.25,0.1580361314139582
iYO844,3.375,6.0,0.17553850427413478
iYO844,3.375,6.75,0.19296154547316746
iYO844,3.375,7.5,0.20968487941417538
iYO844,3.375,8.25,0.22640821335518324
iYO844,3.375,9.0,0.24313154729619102
iYO844,3.375,9.75,0.2598548812371989
iYO844,3.375,10.5,0.26709371167335677
iYO844,3.375,11.25,0.2670937116733568
iYO844,3.375,12.0,0.2670937116733568
iYO844,3.375,12.75,0.2670937116733568
iYO844,3.375,13.5,0.2670937116733568
iYO844,3.375,14.25,0.2670937116733568
iYO844,3.375,15.0,0.2670937116733568
iYO844,3.375,15.75,0.2670937116733568
iYO844,3.375,16.5,0.2670937116733568
iYO844,3.375,17.25,0.2670937116733568
iYO844,3.375,18.0,0.2670937116733568
iYO844,3.375,18.75,0.2670937116733568
iYO844,3.375,19.5,0.2670937116733568
iYO844,3.375,20.25,0.2670937116733568
iYO844,3.375,21.0,0.2670937116733568
iYO844,3.375,21.75,0.2670937116733568
iYO844,3.375,22.5,0.2670937116733568
iYO844,3.375,23.25,0.2670937116733568
iYO844,3.375,24.0,0.2670937116733568
iYO844,3.375,24.75,0.2670937116733568
iYO844,3.375,25.5,0.2670937116733568
iYO844,3.375,26.25,0.2670937116733568
iYO844,3.375,27.0,0.2670937116733568
iYO844,3.375,27.75,0.2670937116733568
iYO844,3.375,28.5,0.2670937116733568
iYO844,3.375,29.25,0.2670937116733568
iYO844,3.375,30.0,0.2670937116733568
iYO844,3.75,0.0,0.0
iYO844,3.75,0.75,0.013921294749906884
iYO844,3.75,1.5,0.03897962529973933
iYO844,3.75,2.25,0.06403795584957164
iYO844,3.75,3.0,0.08909628639940405
iYO844,3.75,3.75,0.1141546169492364
iYO844,3.75,4.5,0.1392129474990687
iYO844,3.75,5.25,0.16427127804890101
iYO844,3.75,6.0,0.18634879339365265
iYO844,3.75,6.75,0.20385116625383418
iYO844,3.75,7.5,0.22126257214256562
iYO844,3.75,8.25,0.23798590608357356
iYO844,3.75,9.0,0.2547092400245814
iYO844,3.75,9.75,0.27143257396558923
iYO844,3.75,10.5,0.2881559079065971
iYO844,3.75,11.25,0.30048042563252647
iYO844,3.75,12.0,0.3004804256325263
iYO844,3.75,12.75,0.3004804256325263
iYO844,3.75,13.5,0.3004804256325263
iYO844,3.75,14.25,0.3004804256325263
iYO844,3.75,15.0,0.3004804256325263
iYO844,3.75,15.75,0.3004804256325263
iYO844,3.75,16.5,0.3004804256325263
iYO844,3.75,17.25,0.3004804256325263
iYO844,3.75,18.0,0.3004804256325263
iYO844,3.75,18.75,0.3004804256325263
iYO844,3.75,19.5,0.3004804256325263
iYO844,3.75,20.25,0.3004804256325263
iYO844,3.75,21.0,0.3004804256325263
iYO844,3.75,21.75,0.3004804256325263
iYO844,3.75,22.5,0.3004804256325263
iYO844,3.75,23.25,0.3004804256325263
iYO844,3.75,24.0,0.3004804256325263
iYO844,3.75,24.75,0.3004804256325263
iYO844,3.75,25.5,0.3004804256325263
iYO844,3.75,26.25,0.3004804256325263
iYO844,3.75,27.0,0.3004804256325263
iYO844,3.75,27.75,0.3004804256325263
iYO844,3.75,28.5,0.3004804256325263
iYO844,3.75,29.25,0.3004804256325263
iYO844,3.75,30.0,0.3004804256325263
iYO844,4.125,0.0,0.0
iYO844,4.125,0.75,0.019489812649869594
iYO844,4.125,1.5,0.044548143199702045
iYO844,4.125,2.25,0.06960647374953435
iYO844,4.125,3.0,0.09466480429936672
iYO844,4.125,3.75,0.11972313484919908
iYO844,4.125,4.5,0.1447814653990314
iYO844,4.125,5.25,0.16983979594886375
iYO844,4.125,6.0,0.19489812649869606
iYO844,4.125,6.75,0.21466145537335535
iYO844,4.125,7.5,0.23216382823352927
iYO844,4.125,8.25,0.24956359881196313
iYO844,4.125,9.0,0.26628693275297094
iYO844,4.125,9.75,0.2830102666939788
iYO844,4.125,10.5,0.2997336006349867
iYO844,4.125,11.25,0.31645693457599444
iYO844,4.125,12.0,0.33318026851700233
iYO844,4.125,12.75,0.333867139591696
iYO844,4.125,13.5,0.3338671395916961
iYO844,4.125,14.25,0.3338671395916961
iYO844,4.125,15.0,0.3338671395916961
iYO844,4.125,15.75,0.3338671395916961
iYO844,4.125,16.5,0.3338671395916961
iYO844,4.125,17.25,0.3338671395916961
iYO844,4.125,18.0,0.3338671395916961
iYO844,4.125,18.75,0.3338671395916961
iYO844,4.125,19.5,0.3338671395916961
iYO844,4.125,20.25,0.3338671395916961
iYO844,4.125,21.0,0.3338671395916961
iYO844,4.125,21.75,0.3338671395916961
iYO844,4.125,22.5,0.3338671395916961
iYO844,4.125,23.25,0.3338671395916961
iYO844,4.125,24.0,0.3338671395916961
iYO844,4.125,24.75,0.3338671395916961
iYO844,4.125,25.5,0.3338671395916961
iYO844,4.125,26.25,0.3338671395916961
iYO844,4.125,27.0,0.3338671395916961
iYO844,4.125,27.75,0.3338671395916961
iYO844,4.125,28.5,0.3338671395916961
iYO844,4.125,29.25,0.3338671395916961
iYO844,4.125,30.0,0.3338671395916961
iYO844,4.5,0.0,0.0
iYO844,4.5,0.75,0.02505833054983251
iYO844,4.5,1.5,0.05011666109966472
iYO844,4.5,2.25,0.07517499164949702
iYO844,4.5,3.0,0.10023332219932939
iYO844,4.5,3.75,0.12529165274916174
iYO844,4.5,4.5,0.15034998329899404
iYO844,4.5,5.25,0.1754083138488264
iYO844,4.5,6.0,0.20046664439865872
iYO844,4.5,6.75,0.2254717444928769
iYO844,4.5,7.5,0.24297411735305488
iYO844,4.5,8.25,0.2604764902132328
iYO844,4.5,9.0,0.27786462548136176
iYO844,4.5,9.75,0.2945879594223697
iYO844,4.5,10.5,0.31131129336337754
iYO844,4.5,11.25,0.3280346273043854
iYO844,4.5,12.0,0.3447579612453933
iYO844,4.5,12.75,0.36148129518640126
iYO844,4.5,13.5,0.3672538535508649
iYO844,4.5,14.25,0.3672538535508656
iYO844,4.5,15.0,0.3672538535508656
iYO844,4.5,15.75,0.3672538535508656
iYO844,4.5,16.5,0.3672538535508656
iYO844,4.5,17.25,0.3672538535508656
iYO844,4.5,18.0,0.3672538535508656
iYO844,4.5,18.75,0.3672538535508656
iYO844,4.5,19.5,0.3672538535508656
iYO844,4.5,20.25,0.3672538535508656
iYO844,4.5,21.0,0.3672538535508656
iYO844,4.5,21.75,0.3672538535508656
iYO844,4.5,22.5,0.3672538535508656
iYO844,4.5,23.25,0.3672538535508656
iYO844,4.5,24.0,0.3672538535508656
iYO844,4.5,24.75,0.3672538535508656
iYO844,4.5,25.5,0.3672538535508656
iYO844,4.5,26.25,0.3672538535508656
iYO844,4.5,27.0,0.3672538535508656
iYO844,4.5,27.75,0.3672538535508656
iYO844,4.5,28.5,0.3672538535508656
iYO844,4.5,29.25,0.3672538535508656
iYO844,4.5,30.0,0.3672538535508656
iYO844,4.875,0.0,0.0
iYO844,4.875,0.75,0.03062684844979514
iYO844,4.875,1.5,0.055685178999627376
iYO844,4.875,2.25,0.08074350954945968
iYO844,4.875,3.0,0.10580184009929204
iYO844,4.875,3.75,0.1308601706491244
iYO844,4.875,4.5,0.1559185011989567
iYO844,4.875,5.25,0.18097683174878906
iYO844,4.875,6.0,0.20603516229862134
iYO844,4.875,6.75,0.2310934928484537
iYO844,4.875,7.5,0.2537844064725763
iYO844,4.875,8.25,0.2712867793327537
iYO844,4.875,9.0,0.28878915219293105
iYO844,4.875,9.75,0.30616565215075914
iYO844,4.875,10.5,0.32288898609176697
iYO844,4.875,11.25,0.3396123200327748
iYO844,4.875,12.0,0.35633565397378275
iYO844,4.875,12.75,0.3730589879147907
iYO844,4.875,13.5,0.3897823218557986
iYO844,4.875,14.25,0.40064056751003513
iYO844,4.875,15.0,0.40064056751003513
iYO844,4.875,15.75,0.40064056751003513
iYO844,4.875,16.5,0.40064056751003513
iYO844,4.875,17.25,0.40064056751003513
iYO844,4.875,18.0,0.40064056751003513
iYO844,4.875,18.75,0.40064056751003513
iYO844,4.875,19.5,0.40064056751003513
iYO844,4.875,20.25,0.40064056751003513
iYO844,4.875,21.0,0.40064056751003513
iYO844,4.875,21.75,0.40064056751003513
iYO844,4.875,22.5,0.40064056751003513
iYO844,4.875,23.25,0.40064056751003513
iYO844,4.875,24.0,0.40064056751003513
iYO844,4.875,24.75,0.40064056751003513
iYO844,4.875,25.5,0.40064056751003513
iYO844,4.875,26.25,0.40064056751003513
iYO844,4.875,27.0,0.40064056751003513
iYO844,4.875,27.75,0.40064056751003513
iYO844,4.875,28.5,0.40064056751003513
iYO844,4.875,29.25,0.40064056751003513
iYO844,4.875,30.0,0.40064056751003513
iYO844,5.25,0.0,0.0
iYO844,5.25,0.75,0.03619536634975777
iYO844,5.25,1.5,0.06125369689959025
iYO844,5.25,2.25,0.08631202744942262
iYO844,5.25,3.0,0.11137035799925502
iYO844,5.25,3.75,0.13642868854908738
iYO844,5.25,4.5,0.16148701909891977
iYO844,5.25,5.25,0.18654534964875216
iYO844,5.25,6.0,0.21160368019858453
iYO844,5.25,6.75,0.2366620107484169
iYO844,5.25,7.5,0.2617203412982493
iYO844,5.25,8.25,0.2820970684522756
iYO844,5.25,9.0,0.299599441312453
iYO844,5.25,9.75,0.3171018141726307
iYO844,5.25,10.5,0.33446667882015696
iYO844,5.25,11.25,0.35119001276116485
iYO844,5.25,12.0,0.36791334670217274
iYO844,5.25,12.75,0.3846366806431804
iYO844,5.25,13.5,0.4013600145841885
iYO844,5.25,14.25,0.4180833485251962
iYO844,5.25,15.0,0.4340272814692047
iYO844,5.25,15.75,0.4340272814692047
iYO844,5.25,16.5,0.4340272814692047
iYO844,5.25,17.25,0.4340272814692047
iYO844,5.25,18.0,0.4340272814692047
iYO844,5.25,18.75,0.4340272814692047
iYO844,5.25,19.5,0.4340272814692047
iYO844,5.25,20.25,0.4340272814692047
iYO844,5.25,21.0,0.4340272814692047
iYO844,5.25,21.75,0.4340272814692047
iYO844,5.25,22.5,0.4340272814692047
iYO844,5.25,23.25,0.4340272814692047
iYO844,5.25,24.0,0.4340272814692047
iYO844,5.25,24.75,0.4340272814692047
iYO844,5.25,25.5,0.4340272814692047
iYO844,5.25,26.25,0.4340272814692047
iYO844,5.25,27.0,0.4340272814692047
iYO844,5.25,27.75,0.4340272814692047
iYO844,5.25,28.5,0.4340272814692047
iYO844,5.25,29.25,0.4340272814692047
iYO844,5.25,30.0,0.4340272814692047
iYO844,5.625,0.0,0.0
iYO844,5.625,0.75,0.04176388424972064
iYO844,5.625,1.5,0.06682221479955312
iYO844,5.625,2.25,0.09188054534938543
iYO844,5.625,3.0,0.11693887589921784
iYO844,5.625,3.75,0.14199720644905015
iYO844,5.625,4.5,0.16705553699888245
iYO844,5.625,5.25,0.19211386754871482
iYO844,5.625,6.0,0.21717219809854713
iYO844,5.625,6.75,0.2422305286483791
iYO844,5.625,7.5,0.2672888591982114
iYO844,5.625,8.25,0.29234718974804375
iYO844,5.625,9.0,0.31040973043197495
iYO844,5.625,9.75,0.3279121032921522
iYO844,5.625,10.5,0.3454144761523298
iYO844,5.625,11.25,0.36276770548955495
iYO844,5.625,12.0,0.3794910394305629
iYO844,5.625,12.75,0.39621437337157056
iYO844,5.625,13.5,0.4129377073125787
iYO844,5.625,14.25,0.42966104125358656
iYO844,5.625,15.0,0.4463843751945944
iYO844,5.625,15.75,0.46310770913560206
iYO844,5.625,16.5,0.46741399542837453
iYO844,5.625,17.25,0.4674139954283746
iYO844,5.625,18.0,0.4674139954283746
iYO844,5.625,18.75,0.4674139954283746
iYO844,5.625,19.5,0.4674139954283746
iYO844,5.625,20.25,0.4674139954283746
iYO844,5.625,21.0,0.4674139954283746
iYO844,5.625,21.75,0.4674139954283746
iYO844,5.625,22.5,0.4674139954283746
iYO844,5.625,23.25,0.4674139954283746
iYO844,5.625,24.0,0.4674139954283746
iYO844,5.625,24.75,0.4674139954283746
iYO844,5.625,25.5,0.4674139954283746
iYO844,5.625,26.25,0.4674139954283746
iYO844,5.625,27.0,0.4674139954283746
iYO844,5.625,27.75,0.4674139954283746
iYO844,5.625,28.5,0.4674139954283746
iYO844,5.625,29.25,0.4674139954283746
iYO844,5.625,30.0,0.4674139954283746
iYO844,6.0,0.0,0.0
iYO844,6.0,0.75,0.0473324021496833
iYO844,6.0,1.5,0.0723907326995158
iYO844,6.0,2.25,0.09744906324934811
iYO844,6.0,3.0,0.12250739379918053
iYO844,6.0,3.75,0.14756572434901286
iYO844,6.0,4.5,0.17262405489884516
iYO844,6.0,5.25,0.19768238544867753
iYO844,6.0,6.0,0.22274071599850984
iYO844,6.0,6.75,0.2477990465483426
iYO844,6.0,7.5,0.2728573770981749
iYO844,6.0,8.25,0.2979157076480073
iYO844,6.0,9.0,0.3212200195514959
iYO844,6.0,9.75,0.33872239241167773
iYO844,6.0,10.5,0.35622476527185154
iYO844,6.0,11.25,0.3737271381320243
iYO844,6.0,12.0,0.3910687321589523
iYO844,6.0,12.75,0.4077920660999601
iYO844,6.0,13.5,0.42451540004096794
iYO844,6.0,14.25,0.44123873398197566
iYO844,6.0,15.0,0.4579620679229835
iYO844,6.0,15.75,0.4746854018639915
iYO844,6.0,16.5,0.4914087358049995
iYO844,6.0,17.25,0.500800709387544
iYO844,6.0,18.0,0.5008007093875442
iYO844,6.0,18.75,0.5008007093875442
iYO844,6.0,19.5,0.5008007093875442
iYO844,6.0,20.25,0.5008007093875442
iYO844,6.0,21.0,0.5008007093875442
iYO844,6.0,21.75,0.5008007093875442
iYO844,6.0,22.5,0.5008007093875442
iYO844,6.0,23.25,0.5008007093875442
iYO844,6.0,24.0,0.5008007093875442
iYO844,6.0,24.75,0.5008007093875442
iYO844,6.0,25.5,0.5008007093875442
iYO844,6.0,26.25,0.5008007093875442
iYO844,6.0,27.0,0.5008007093875442
iYO844,6.0,27.75,0.5008007093875442
iYO844,6.0,28.5,0.5008007093875442
iYO844,6.0,29.25,0.5008007093875442
iYO844,6.0,30.0,0.5008007093875442
iYO844,6.375,0.0,0.0
iYO844,6.375,0.75,0.05290092004964635
iYO844,6.375,1.5,0.07795925059947856
iYO844,6.375,2.25,0.10301758114931087
iYO844,6.375,3.0,0.12807591169914329
iYO844,6.375,3.75,0.1531342422489756
iYO844,6.375,4.5,0.1781925727988079
iYO844,6.375,5.25,0.2032509033486402
iYO844,6.375,6.0,0.2283092338984726
iYO844,6.375,6.75,0.2533675644483053
iYO844,6.375,7.5,0.2784258949981377
iYO844,6.375,8.25,0.30348422554797
iYO844,6.375,9.0,0.32854255609780236
iYO844,6.375,9.75,0.3495326815311953
iYO844,6.375,10.5,0.36703505439137274
iYO844,6.375,11.25,0.3845374272515506
iYO844,6.375,12.0,0.4020398001117281
iYO844,6.375,12.75,0.4193697588283508
iYO844,6.375,13.5,0.43609309276935876
iYO844,6.375,14.25,0.4528164267103666
iYO844,6.375,15.0,0.46953976065137437
iYO844,6.375,15.75,0.4862630945923822
iYO844,6.375,16.5,0.5029864285333903
iYO844,6.375,17.25,0.5197097624743979
iYO844,6.375,18.0,0.5341874233467139
iYO844,6.375,18.75,0.5341874233467138
iYO844,6.375,19.5,0.5341874233467138
iYO844,6.375,20.25,0.5341874233467138
iYO844,6.375,21.0,0.5341874233467138
iYO844,6.375,21.75,0.5341874233467138
iYO844,6.375,22.5,0.5341874233467138
iYO844,6.375,23.25,0.5341874233467138
iYO844,6.375,24.0,0.5341874233467138
iYO844,6.375,24.75,0.5341874233467138
iYO844,6.375,25.5,0.5341874233467138
iYO844,6.375,26.25,0.5341874233467138
iYO844,6.375,27.0,0.5341874233467138
iYO844,6.375,27.75,0.5341874233467138
iYO844,6.375,28.5,0.5341874233467138
iYO844,6.375,29.25,0.5341874233467138
iYO844,6.375,30.0,0.5341874233467138
iYO844,6.75,0.0,0.0
iYO844,6.75,0.75,0.05846943794960882
iYO844,6.75,1.5,0.08352776849944113
iYO844,6.75,2.25,0.10858609904927354
iYO844,6.75,3.0,0.13364442959910594
iYO844,6.75,3.75,0.15870276014893825
iYO844,6.75,4.5,0.18376109069877056
iYO844,6.75,5.25,0.20881942124860287
iYO844,6.75,6.0,0.23387775179843528
iYO844,6.75,6.75,0.258936082348268
iYO844,6.75,7.5,0.28399441289810035
iYO844,6.75,8.25,0.30905274344793265
iYO844,6.75,9.0,0.334111073997765
iYO844,6.75,9.75,0.3591694045475973
iYO844,6.75,10.5,0.3778453435108949
iYO844,6.75,11.25,0.3953477163710721
iYO844,6.75,12.0,0.41285008923125
iYO844,6.75,12.75,0.43035246209142747
iYO844,6.75,13.5,0.44767078549774864
iYO844,6.75,14.25,0.4643941194387567
iYO844,6.75,15.0,0.48111745337976436
iYO844,6.75,15.75,0.49784078732077236
iYO844,6.75,16.5,0.51456412126178
iYO844,6.75,17.25,0.531287455202788
iYO844,6.75,18.0,0.5480107891437958
iYO844,6.75,18.75,0.5647341230848035
iYO844,6.75,19.5,0.5675741373058831
iYO844,6.75,20.25,0.5675741373058814
iYO844,6.75,21.0,0.5675741373058814
iYO844,6.75,21.75,0.5675741373058814
iYO844,6.75,22.5,0.5675741373058814
iYO844,6.75,23.25,0.5675741373058814
iYO844,6.75,24.0,0.5675741373058814
iYO844,6.75,24.75,0.5675741373058814
iYO844,6.75,25.5,0.5675741373058814
iYO844,6.75,26.25,0.5675741373058814
iYO844,6.75,27.0,0.5675741373058814
iYO844,6.75,27.75,0.5675741373058814
iYO844,6.75,28.5,0.5675741373058814
iYO844,6.75,29.25,0.5675741373058814
iYO844,6.75,30.0,0.5675741373058814
iYO844,7.125,0.0,0.0
iYO844,7.125,0.75,0.06403795584957175
iYO844,7.125,1.5,0.08909628639940406
iYO844,7.125,2.25,0.11415461694923655
iYO844,7.125,3.0,0.13921294749906896
iYO844,7.125,3.75,0.16427127804890126
iYO844,7.125,4.5,0.18932960859873355
iYO844,7.125,5.25,0.21438793914856585
iYO844,7.125,6.0,0.23944626969839825
iYO844,7.125,6.75,0.2645046002482305
iYO844,7.125,7.5,0.28956293079806283
iYO844,7.125,8.25,0.3146212613478952
iYO844,7.125,9.0,0.33967959189772756
iYO844,7.125,9.75,0.36473792244755987
iYO844,7.125,10.5,0.38865563263041625
iYO844,7.125,11.25,0.4061580054905938
iYO844,7.125,12.0,0.4236603783507715
iYO844,7.125,12.75,0.4411627512109487
iYO844,7.125,13.5,0.45866512407112586
iYO844,7.125,14.25,0.4759718121671467
iYO844,7.125,15.0,0.4926951461081546
iYO844,7.125,15.75,0.5094184800491625
iYO844,7.125,16.5,0.5261418139901703
iYO844,7.125,17.25,0.5428651479311779
iYO844,7.125,18.0,0.5595884818721859
iYO844,7.125,18.75,0.5763118158131937
iYO844,7.125,19.5,0.5930351497542017
iYO844,7.125,20.25,0.6009608512650525
iYO844,7.125,21.0,0.6009608512650533
iYO844,7.125,21.75,0.6009608512650533
iYO844,7.125,22.5,0.6009608512650533
iYO844,7.125,23.25,0.6009608512650533
iYO844,7.125,24.0,0.6009608512650533
iYO844,7.125,24.75,0.6009608512650533
iYO844,7.125,25.5,0.6009608512650533
iYO844,7.125,26.25,0.6009608512650533
iYO844,7.125,27.0,0.6009608512650533
iYO844,7.125,27.75,0.6009608512650533
iYO844,7.125,28.5,0.6009608512650533
iYO844,7.125,29.25,0.6009608512650533
iYO844,7.125,30.0,0.6009608512650533
iYO844,7.5,0.0,0.0
iYO844,7.5,0.75,0.06960647374953435
iYO844,7.5,1.5,0.09466480429936665
iYO844,7.5,2.25,0.11972313484919915
iYO844,7.5,3.0,0.14478146539903156
iYO844,7.5,3.75,0.16983979594886395
iYO844,7.5,4.5,0.19489812649869626
iYO844,7.5,5.25,0.21995645704852856
iYO844,7.5,6.0,0.24501478759836096
iYO844,7.5,6.75,0.2700731181481933
iYO844,7.5,7.5,0.2951314486980256
iYO844,7.5,8.25,0.3201897792478579
iYO844,7.5,9.0,0.3452481097976902
iYO844,7.5,9.75,0.3703064403475225
iYO844,7.5,10.5,0.3953647708973549
iYO844,7.5,11.25,0.4169682946101154
iYO844,7.5,12.0,0.43447066747029267
iYO844,7.5,12.75,0.45197304033047037
iYO844,7.5,13.5,0.46947541319064845
iYO844,7.5,14.25,0.48697778605082565
iYO844,7.5,15.0,0.5042728388365436
iYO844,7.5,15.75,0.5209961727775516
iYO844,7.5,16.5,0.5377195067185595
iYO844,7.5,17.25,0.5544428406595672
iYO844,7.5,18.0,0.571166174600575
iYO844,7.5,18.75,0.5878895085415828
iYO844,7.5,19.5,0.6046128424825908
iYO844,7.5,20.25,0.6213361764235982
iYO844,7.5,21.0,0.6241848146320877
iYO844,7.5,21.75,0.6241848146320877
iYO844,7.5,22.5,0.6241848146320877
iYO844,7.5,23.25,0.6241848146320877
iYO844,7.5,24.0,0.6241848146320877
iYO844,7.5,24.75,0.6241848146320877
iYO844,7.5,25.5,0.6241848146320877
iYO844,7.5,26.25,0.6241848146320877
iYO844,7.5,27.0,0.6241848146320877
iYO844,7.5,27.75,0.6241848146320877
iYO844,7.5,28.5,0.6241848146320877
iYO844,7.5,29.25,0.6241848146320877
iYO844,7.5,30.0,0.6241848146320877
iYO844,7.875,0.0,0.0
iYO844,7.875,0.75,0.07517499164949722
iYO844,7.875,1.5,0.1002333221993295
iYO844,7.875,2.25,0.1252916527491618
iYO844,7.875,3.0,0.15034998329899418
iYO844,7.875,3.75,0.1754083138488265
iYO844,7.875,4.5,0.2004666443986588
iYO844,7.875,5.25,0.2255249749484911
iYO844,7.875,6.0,0.25058330549832347
iYO844,7.875,6.75,0.2756416360481558
iYO844,7.875,7.5,0.3006999665979881
iYO844,7.875,8.25,0.3257582971478205
iYO844,7.875,9.0,0.3508166276976528
iYO844,7.875,9.75,0.3758749582474852
iYO844,7.875,10.5,0.4009332887973175
iYO844,7.875,11.25,0.4259916193471498
iYO844,7.875,12.0,0.4452809565898144
iYO844,7.875,12.75,0.4627833294499919
iYO844,7.875,13.5,0.4802857023101694
iYO844,7.875,14.25,0.4977880751703473
iYO844,7.875,15.0,0.5152904480305248
iYO844,7.875,15.75,0.5325738655059418
iYO844,7.875,16.5,0.5492971994469497
iYO844,7.875,17.25,0.5660205333879578
iYO844,7.875,18.0,0.5827438673289653
iYO844,7.875,18.75,0.5994672012699732
iYO844,7.875,19.5,0.616190535210981
iYO844,7.875,20.25,0.6241848146321011
iYO844,7.875,21.0,0.6241848146320946
iYO844,7.875,21.75,0.6241848146320946
iYO844,7.875,22.5,0.6241848146320951
iYO844,7.875,23.25,0.6241848146320922
iYO844,7.875,24.0,0.6241848146320866
iYO844,7.875,24.75,0.6241848146320866
iYO844,7.875,25.5,0.6241848146320866
iYO844,7.875,26.25,0.6241848146320866
iYO844,7.875,27.0,0.6241848146320866
iYO844,7.875,27.75,0.6241848146320866
iYO844,7.875,28.5,0.6241848146320866
iYO844,7.875,29.25,0.6241848146320866
iYO844,7.875,30.0,0.6241848146320866
iYO844,8.25,0.0,0.0
iYO844,8.25,0.75,0.08074350954946
iYO844,8.25,1.5,0.1058018400992923
iYO844,8.25,2.25,0.1308601706491246
iYO844,8.25,3.0,0.15591850119895703
iYO844,8.25,3.75,0.18097683174878934
iYO844,8.25,4.5,0.20603516229862165
iYO844,8.25,5.25,0.23109349284845396
iYO844,8.25,6.0,0.25615182339828635
iYO844,8.25,6.75,0.28121015394811866
iYO844,8.25,7.5,0.30626848449795097
iYO844,8.25,8.25,0.3313268150477834
iYO844,8.25,9.0,0.3563851455976157
iYO844,8.25,9.75,0.381443476147448
iYO844,8.25,10.5,0.4065018066972803
iYO844,8.25,11.25,0.4315601372471126
iYO844,8.25,12.0,0.45609124570933507
iYO844,8.25,12.75,0.47359361856951343
iYO844,8.25,13.5,0.491095991429691
iYO844,8.25,14.25,0.5085983642898686
iYO844,8.25,15.0,0.5261007371500472
iYO844,8.25,15.75,0.5436031100102239
iYO844,8.25,16.5,0.5608748921753394
iYO844,8.25,17.25,0.5775982261163473
iYO844,8.25,18.0,0.5943215600573551
iYO844,8.25,18.75,0.6110448939983629
iYO844,8.25,19.5,0.6241848146320916
iYO844,8.25,20.25,0.6241848146320933
iYO844,8.25,21.0,0.624184814632099
iYO844,8.25,21.75,0.6241848146320876
iYO844,8.25,22.5,0.6241848146320876
iYO844,8.25,23.25,0.6241848146320876
iYO844,8.25,24.0,0.6241848146320876
iYO844,8.25,24.75,0.6241848146320876
iYO844,8.25,25.5,0.6241848146320876
iYO844,8.25,26.25,0.6241848146320876
iYO844,8.25,27.0,0.6241848146320876
iYO844,8.25,27.75,0.6241848146320876
iYO844,8.25,28.5,0.6241848146320876
iYO844,8.25,29.25,0.6241848146320876
iYO844,8.25,30.0,0.6241848146320876
iYO844,8.625,0.0,0.0
iYO844,8.625,0.75,0.0863120274494225
iYO844,8.625,1.5,0.11137035799925493
iYO844,8.625,2.25,0.13642868854908724
iYO844,8.625,3.0,0.16148701909891963
iYO844,8.625,3.75,0.18654534964875194
iYO844,8.625,4.5,0.21160368019858422
iYO844,8.625,5.25,0.23666201074841653
iYO844,8.625,6.0,0.26172034129824895
iYO844,8.625,6.75,0.2867786718480812
iYO844,8.625,7.5,0.3118370023979135
iYO844,8.625,8.25,0.33689533294774593
iYO844,8.625,9.0,0.36195366349757824
iYO844,8.625,9.75,0.38701199404741055
iYO844,8.625,10.5,0.41207032459724285
iYO844,8.625,11.25,0.4371286551470752
iYO844,8.625,12.0,0.4621869856969075
iYO844,8.625,12.75,0.4844039076890353
iYO844,8.625,13.5,0.5019062805492128
iYO844,8.625,14.25,0.5194086534093904
iYO844,8.625,15.0,0.5369110262695681
iYO844,8.625,15.75,0.5544133991297456
iYO844,8.625,16.5,0.5719157719899233
iYO844,8.625,17.25,0.5891759188447381
iYO844,8.625,18.0,0.6058992527857461
iYO844,8.625,18.75,0.622622586726754
iYO844,8.625,19.5,0.6241848146320939
iYO844,8.625,20.25,0.6241848146320914
iYO844,8.625,21.0,0.6241848146320971
iYO844,8.625,21.75,0.6241848146320905
iYO844,8.625,22.5,0.6241848146320905
iYO844,8.625,23.25,0.6241848146320905
iYO844,8.625,24.0,0.6241848146320905
iYO844,8.625,24.75,0.6241848146320905
iYO844,8.625,25.5,0.6241848146320905
iYO844,8.625,26.25,0.6241848146320905
iYO844,8.625,27.0,0.6241848146320905
iYO844,8.625,27.75,0.6241848146320905
iYO844,8.625,28.5,0.6241848146320905
iYO844,8.625,29.25,0.6241848146320905
iYO844,8.625,30.0,0.6241848146320905
iYO844,9.0,0.0,0.0
iYO844,9.0,0.75,0.09188054534938539
iYO844,9.0,1.5,0.11693887589921781
iYO844,9.0,2.25,0.14199720644904992
iYO844,9.0,3.0,0.16705553699888231
iYO844,9.0,3.75,0.19211386754871462
iYO844,9.0,4.5,0.21717219809854693
iYO844,9.0,5.25,0.24223052864837924
iYO844,9.0,6.0,0.26728885919821166
iYO844,9.0,6.75,0.29234718974804397
iYO844,9.0,7.5,0.3174055202978763
iYO844,9.0,8.25,0.34246385084770864
iYO844,9.0,9.0,0.36752218139754095
iYO844,9.0,9.75,0.39258051194737326
iYO844,9.0,10.5,0.41763884249720556
iYO844,9.0,11.25,0.442697173047038
iYO844,9.0,12.0,0.4677555035968703
iYO844,9.0,12.75,0.4928138341467026
iYO844,9.0,13.5,0.512716569668734
iYO844,9.0,14.25,0.5302189425289117
iYO844,9.0,15.0,0.5477213153890894
iYO844,9.0,15.75,0.5652236882492672
iYO844,9.0,16.5,0.5827260611094445
iYO844,9.0,17.25,0.6002284339696222
iYO844,9.0,18.0,0.617476945514135
iYO844,9.0,18.75,0.624184814632093
iYO844,9.0,19.5,0.624184814632089
iYO844,9.0,20.25,0.6241848146320871
iYO844,9.0,21.0,0.6241848146320871
iYO844,9.0,21.75,0.6241848146320933
iYO844,9.0,22.5,0.6241848146320874
iYO844,9.0,23.25,0.6241848146320874
iYO844,9.0,24.0,0.6241848146320874
iYO844,9.0,24.75,0.6241848146320874
iYO844,9.0,25.5,0.6241848146320874
iYO844,9.0,26.25,0.6241848146320874
iYO844,9.0,27.0,0.6241848146320874
iYO844,9.0,27.75,0.6241848146320874
iYO844,9.0,28.5,0.6241848146320874
iYO844,9.0,29.25,0.6241848146320874
iYO844,9.0,30.0,0.6241848146320874
iYO844,9.375,0.0,0.0
iYO844,9.375,0.75,0.09744906324934814
iYO844,9.375,1.5,0.12250739379918046
iYO844,9.375,2.25,0.14756572434901258
iYO844,9.375,3.0,0.17262405489884497
iYO844,9.375,3.75,0.19768238544867728
iYO844,9.375,4.5,0.22274071599850956
iYO844,9.375,5.25,0.24779904654834187
iYO844,9.375,6.0,0.27285737709817426
iYO844,9.375,6.75,0.29791570764800657
iYO844,9.375,7.5,0.3229740381978389
iYO844,9.375,8.25,0.34803236874767124
iYO844,9.375,9.0,0.37309069929750355
iYO844,9.375,9.75,0.39814902984733586
iYO844,9.375,10.5,0.4232073603971683
iYO844,9.375,11.25,0.4482656909470006
iYO844,9.375,12.0,0.4733240214968329
iYO844,9.375,12.75,0.49838235204666514
iYO844,9.375,13.5,0.5234406825964976
iYO844,9.375,14.25,0.5410292316484332
iYO844,9.375,15.0,0.558531604508611
iYO844,9.375,15.75,0.5760339773687886
iYO844,9.375,16.5,0.5935363502289652
iYO844,9.375,17.25,0.611038723089144
iYO844,9.375,18.0,0.6241848146320982
iYO844,9.375,18.75,0.624184814632102
iYO844,9.375,19.5,0.624184814632102
iYO844,9.375,20.25,0.624184814632102
iYO844,9.375,21.0,0.624184814632102
iYO844,9.375,21.75,0.624184814632102
iYO844,9.375,22.5,0.624184814632102
iYO844,9.375,23.25,0.624184814632102
iYO844,9.375,24.0,0.624184814632102
iYO844,9.375,24.75,0.624184814632102
iYO844,9.375,25.5,0.624184814632102
iYO844,9.375,26.25,0.624184814632102
iYO844,9.375,27.0,0.624184814632102
iYO844,9.375,27.75,0.624184814632102
iYO844,9.375,28.5,0.624184814632102
iYO844,9.375,29.25,0.624184814632102
iYO844,9.375,30.0,0.624184814632102
iYO844,9.75,0.0,0.0
iYO844,9.75,0.75,0.1030175811493109
iYO844,9.75,1.5,0.1280759116991433
iYO844,9.75,2.25,0.1531342422489757
iYO844,9.75,3.0,0.1781925727988081
iYO844,9.75,3.75,0.20325090334864046
iYO844,9.75,4.5,0.22830923389847288
iYO844,9.75,5.25,0.25336756444830527
iYO844,9.75,6.0,0.27842589499813764
iYO844,9.75,6.75,0.30348422554797
iYO844,9.75,7.5,0.3285425560978024
iYO844,9.75,8.25,0.3536008866476348
iYO844,9.75,9.0,0.3786592171974672
iYO844,9.75,9.75,0.40371754774729957
iYO844,9.75,10.5,0.42877587829713193
iYO844,9.75,11.25,0.45383420884696435
iYO844,9.75,12.0,0.47889253939679677
iYO844,9.75,12.75,0.5039508699466292
iYO844,9.75,13.5,0.5290092004964615
iYO844,9.75,14.25,0.5518395207679546
iYO844,9.75,15.0,0.5693418936281323
iYO844,9.75,15.75,0.5868442664883099
iYO844,9.75,16.5,0.6043466393484874
iYO844,9.75,17.25,0.6218490122086651
iYO844,9.75,18.0,0.6241848146320967
iYO844,9.75,18.75,0.6241848146321153
iYO844,9.75,19.5,0.6241848146320983
iYO844,9.75,20.25,0.6241848146320962
iYO844,9.75,21.0,0.6241848146320962
iYO844,9.75,21.75,0.6241848146320962
iYO844,9.75,22.5,0.6241848146320962
iYO844,9.75,23.25,0.6241848146320962
iYO844,9.75,24.0,0.6241848146320962
iYO844,9.75,24.75,0.6241848146320962
iYO844,9.75,25.5,0.6241848146320962
iYO844,9.75,26.25,0.6241848146320962
iYO844,9.75,27.0,0.6241848146320962
iYO844,9.75,27.75,0.6241848146320962
iYO844,9.75,28.5,0.6241848146320962
iYO844,9.75,29.25,0.6241848146320962
iYO844,9.75,30.0,0.6241848146320962
iYO844,10.125,0.0,0.0
iYO844,10.125,0.75,0.10858609904927348
iYO844,10.125,1.5,0.13364442959910605
iYO844,10.125,2.25,0.15870276014893844
iYO844,10.125,3.0,0.18376109069877086
iYO844,10.125,3.75,0.20881942124860323
iYO844,10.125,4.5,0.23387775179843562
iYO844,10.125,5.25,0.258936082348268
iYO844,10.125,6.0,0.2839944128981004
iYO844,10.125,6.75,0.30905274344793277
iYO844,10.125,7.5,0.3341110739977652
iYO844,10.125,8.25,0.35916940454759755
iYO844,10.125,9.0,0.3842277350974299
iYO844,10.125,9.75,0.40928606564726233
iYO844,10.125,10.5,0.43434439619709475
iYO844,10.125,11.25,0.4594027267469271
iYO844,10.125,12.0,0.4844610572967595
iYO844,10.125,12.75,0.5095193878465919
iYO844,10.125,13.5,0.5345777183964242
iYO844,10.125,14.25,0.5596360489462566
iYO844,10.125,15.0,0.580152182747654
iYO844,10.125,15.75,0.5976545556078314
iYO844,10.125,16.5,0.6151569284680092
iYO844,10.125,17.25,0.6241848146320874
iYO844,10.125,18.0,0.624184814632099
iYO844,10.125,18.75,0.624184814632099
iYO844,10.125,19.5,0.624184814632099
iYO844,10.125,20.25,0.624184814632099
iYO844,10.125,21.0,0.624184814632099
iYO844,10.125,21.75,0.624184814632099
iYO844,10.125,22.5,0.624184814632099
iYO844,10.125,23.25,0.624184814632099
iYO844,10.125,24.0,0.624184814632099
iYO844,10.125,24.75,0.624184814632099
iYO844,10.125,25.5,0.624184814632099
iYO844,10.125,26.25,0.624184814632099
iYO844,10.125,27.0,0.624184814632099
iYO844,10.125,27.75,0.624184814632099
iYO844,10.125,28.5,0.624184814632099
iYO844,10.125,29.25,0.624184814632099
iYO844,10.125,30.0,0.624184814632099
iYO844,10.5,0.0,0.0
iYO844,10.5,0.75,0.1141546169492362
iYO844,10.5,1.5,0.13921294749906865
iYO844,10.5,2.25,0.16427127804890107
iYO844,10.5,3.0,0.18932960859873327
iYO844,10.5,3.75,0.21438793914856566
iYO844,10.5,4.5,0.23944626969839797
iYO844,10.5,5.25,0.26450460024823025
iYO844,10.5,6.0,0.2895629307980623
iYO844,10.5,6.75,0.3146212613478946
iYO844,10.5,7.5,0.3396795918977269
iYO844,10.5,8.25,0.36473792244755926
iYO844,10.5,9.0,0.38979625299739157
iYO844,10.5,9.75,0.4148545835472239
iYO844,10.5,10.5,0.4399129140970563
iYO844,10.5,11.25,0.46497124464688855
iYO844,10.5,12.0,0.49002957519672086
iYO844,10.5,12.75,0.5150879057465532
iYO844,10.5,13.5,0.5401462362963856
iYO844,10.5,14.25,0.5652045668462179
iYO844,10.5,15.0,0.5902628973960502
iYO844,10.5,15.75,0.608464844727353
iYO844,10.5,16.5,0.6241848146320877
iYO844,10.5,17.25,0.6241848146320987
iYO844,10.5,18.0,0.6241848146320987
iYO844,10.5,18.75,0.6241848146320987
iYO844,10.5,19.5,0.6241848146320987
iYO844,10.5,20.25,0.6241848146320987
iYO844,10.5,21.0,0.6241848146320987
iYO844,10.5,21.75,0.6241848146320987
iYO844,10.5,22.5,0.6241848146320987
iYO844,10.5,23.25,0.6241848146320987
iYO844,10.5,24.0,0.6241848146320987
iYO844,10.5,24.75,0.6241848146320987
iYO844,10.5,25.5,0.6241848146320987
iYO844,10.5,26.25,0.6241848146320987
iYO844,10.5,27.0,0.6241848146320987
iYO844,10.5,27.75,0.6241848146320987
iYO844,10.5,28.5,0.6241848146320987
iYO844,10.5,29.25,0.6241848146320987
iYO844,10.5,30.0,0.6241848146320987
iYO844,10.875,0.0,0.0
iYO844,10.875,0.75,0.11972313484919911
iYO844,10.875,1.5,0.14478146539903158
iYO844,10.875,2.25,0.16983979594886395
iYO844,10.875,3.0,0.19489812649869637
iYO844,10.875,3.75,0.21995645704852873
iYO844,10.875,4.5,0.24501478759836112
iYO844,10.875,5.25,0.2700731181481935
iYO844,10.875,6.0,0.2951314486980259
iYO844,10.875,6.75,0.3201897792478583
iYO844,10.875,7.5,0.3452481097976907
iYO844,10.875,8.25,0.370306440347523
iYO844,10.875,9.0,0.39536477089735544
iYO844,10.875,9.75,0.4204231014471878
iYO844,10.875,10.5,0.4454814319970202
iYO844,10.875,11.25,0.47053976254685265
iYO844,10.875,12.0,0.495598093096685
iYO844,10.875,12.75,0.5206564236465173
iYO844,10.875,13.5,0.5457147541963497
iYO844,10.875,14.25,0.5707730847461822
iYO844,10.875,15.0,0.5958314152960146
iYO844,10.875,15.75,0.6192751338468655
iYO844,10.875,16.5,0.6241848146320987
iYO844,10.875,17.25,0.6241848146320876
iYO844,10.875,18.0,0.6241848146320876
iYO844,10.875,18.75,0.6241848146320876
iYO844,10.875,19.5,0.6241848146320876
iYO844,10.875,20.25,0.6241848146320876
iYO844,10.875,21.0,0.6241848146320876
iYO844,10.875,21.75,0.6241848146320876
iYO844,10.875,22.5,0.6241848146320876
iYO844,10.875,23.25,0.6241848146320876
iYO844,10.875,24.0,0.6241848146320876
iYO844,10.875,24.75,0.6241848146320876
iYO844,10.875,25.5,0.6241848146320876
iYO844,10.875,26.25,0.6241848146320876
iYO844,10.875,27.0,0.6241848146320876
iYO844,10.875,27.75,0.6241848146320876
iYO844,10.875,28.5,0.6241848146320876
iYO844,10.875,29.25,0.6241848146320876
iYO844,10.875,30.0,0.6241848146320876
iYO844,11.25,0.0,0.0
iYO844,11.25,0.75,0.1252916527491617
iYO844,11.25,1.5,0.15034998329899435
iYO844,11.25,2.25,0.1754083138488267
iYO844,11.25,3.0,0.2004666443986591
iYO844,11.25,3.75,0.22552497494849147
iYO844,11.25,4.5,0.25058330549832386
iYO844,11.25,5.25,0.2756416360481563
iYO844,11.25,6.0,0.3006999665979887
iYO844,11.25,6.75,0.325758297147821
iYO844,11.25,7.5,0.3508166276976534
iYO844,11.25,8.25,0.3758749582474858
iYO844,11.25,9.0,0.4009332887973182
iYO844,11.25,9.75,0.42599161934715063
iYO844,11.25,10.5,0.45104994989698294
iYO844,11.25,11.25,0.47610828044681536
iYO844,11.25,12.0,0.5011666109966477
iYO844,11.25,12.75,0.5262249415464801
iYO844,11.25,13.5,0.5512832720963126
iYO844,11.25,14.25,0.576341602646145
iYO844,11.25,15.0,0.6013999331959774
iYO844,11.25,15.75,0.6241848146320934
iYO844,11.25,16.5,0.6241848146320987
iYO844,11.25,17.25,0.6241848146320971
iYO844,11.25,18.0,0.6241848146320971
iYO844,11.25,18.75,0.6241848146320971
iYO844,11.25,19.5,0.6241848146320971
iYO844,11.25,20.25,0.6241848146320971
iYO844,11.25,21.0,0.6241848146320971
iYO844,11.25,21.75,0.6241848146320971
iYO844,11.25,22.5,0.6241848146320971
iYO844,11.25,23.25,0.6241848146320971
iYO844,11.25,24.0,0.6241848146320971
iYO844,11.25,24.75,0.6241848146320971
iYO844,11.25,25.5,0.6241848146320971
iYO844,11.25,26.25,0.6241848146320971
iYO844,11.25,27.0,0.6241848146320971
iYO844,11.25,27.75,0.6241848146320971
iYO844,11.25,28.5,0.6241848146320971
iYO844,11.25,29.25,0.6241848146320971
iYO844,11.25,30.0,0.6241848146320971
iYO844,11.625,0.0,0.0
iYO844,11.625,0.75,0.13086017064912445
iYO844,11.625,1.5,0.15591850119895684
iYO844,11.625,2.25,0.18097683174878917
iYO844,11.625,3.0,0.2060351622986215
iYO844,11.625,3.75,0.23109349284845387
iYO844,11.625,4.5,0.25615182339828624
iYO844,11.625,5.25,0.28121015394811855
iYO844,11.625,6.0,0.3062684844979509
iYO844,11.625,6.75,0.3313268150477833
iYO844,11.625,7.5,0.3563851455976156
iYO844,11.625,8.25,0.38144347614744795
iYO844,11.625,9.0,0.40650180669728025
iYO844,11.625,9.75,0.4315601372471126
iYO844,11.625,10.5,0.45661846779694504
iYO844,11.625,11.25,0.48167679834677735
iYO844,11.625,12.0,0.5067351288966097
iYO844,11.625,12.75,0.531793459446442
iYO844,11.625,13.5,0.5568517899962744
iYO844,11.625,14.25,0.5819101205461068
iYO844,11.625,15.0,0.6069684510959391
iYO844,11.625,15.75,0.6241848146320925
iYO844,11.625,16.5,0.6241848146320933
iYO844,11.625,17.25,0.6241848146320933
iYO844,11.625,18.0,0.6241848146320933
iYO844,11.625,18.75,0.6241848146320933
iYO844,11.625,19.5,0.6241848146320933
iYO844,11.625,20.25,0.6241848146320933
iYO844,11.625,21.0,0.6241848146320933
iYO844,11.625,21.75,0.6241848146320933
iYO844,11.625,22.5,0.6241848146320933
iYO844,11.625,23.25,0.6241848146320933
iYO844,11.625,24.0,0.6241848146320933
iYO844,11.625,24.75,0.6241848146320933
iYO844,11.625,25.5,0.6241848146320933
iYO844,11.625,26.25,0.6241848146320933
iYO844,11.625,27.0,0.6241848146320933
iYO844,11.625,27.75,0.6241848146320933
iYO844,11.625,28.5,0.6241848146320933
iYO844,11.625,29.25,0.6241848146320933
iYO844,11.625,30.0,0.6241848146320933
iYO844,12.0,0.0,0.0
iYO844,12.0,0.75,0.1364286885490872
iYO844,12.0,1.5,0.16148701909891958
iYO844,12.0,2.25,0.1865453496487519
iYO844,12.0,3.0,0.21160368019858425
iYO844,12.0,3.75,0.2366620107484166
iYO844,12.0,4.5,0.26172034129824895
iYO844,12.0,5.25,0.2867786718480813
iYO844,12.0,6.0,0.3118370023979137
iYO844,12.0,6.75,0.336895332947746
iYO844,12.0,7.5,0.36195366349757835
iYO844,12.0,8.25,0.38701199404741066
iYO844,12.0,9.0,0.412070324597243
iYO844,12.0,9.75,0.4371286551470754
iYO844,12.0,10.5,0.46218698569690775
iYO844,12.0,11.25,0.4872453162467401
iYO844,12.0,12.0,0.5123036467965725
iYO844,12.0,12.75,0.5373619773464048
iYO844,12.0,13.5,0.5624203078962371
iYO844,12.0,14.25,0.5874786384460695
iYO844,12.0,15.0,0.6125369689959018
iYO844,12.0,15.75,0.6241848146320944
iYO844,12.0,16.5,0.6241848146320932
iYO844,12.0,17.25,0.6241848146320932
iYO844,12.0,18.0,0.6241848146320932
iYO844,12.0,18.75,0.6241848146320932
iYO844,12.0,19.5,0.6241848146320932
iYO844,12.0,20.25,0.6241848146320932
iYO844,12.0,21.0,0.6241848146320932
iYO844,12.0,21.75,0.6241848146320929
iYO844,12.0,22.5,0.6241848146320984
iYO844,12.0,23.25,0.6241848146320984
iYO844,12.0,24.0,0.6241848146320984
iYO844,12.0,24.75,0.6241848146320984
iYO844,12.0,25.5,0.6241848146320984
iYO844,12.0,26.25,0.6241848146320984
iYO844,12.0,27.0,0.6241848146320984
iYO844,12.0,27.75,0.6241848146320984
iYO844,12.0,28.5,0.6241848146320984
iYO844,12.0,29.25,0.6241848146320984
iYO844,12.0,30.0,0.6241848146320984
iYO844,12.375,0.0,0.0
iYO844,12.375,0.75,0.14199720644905012
iYO844,12.375,1.5,0.1670555369988826
iYO844,12.375,2.25,0.1921138675487148
iYO844,12.375,3.0,0.21717219809854718
iYO844,12.375,3.75,0.24223052864837957
iYO844,12.375,4.5,0.26728885919821177
iYO844,12.375,5.25,0.2923471897480442
iYO844,12.375,6.0,0.3174055202978764
iYO844,12.375,6.75,0.3424638508477088
iYO844,12.375,7.5,0.36752218139754117
iYO844,12.375,8.25,0.39258051194737337
iYO844,12.375,9.0,0.4176388424972058
iYO844,12.375,9.75,0.4426971730470381
iYO844,12.375,10.5,0.4677555035968705
iYO844,12.375,11.25,0.49281383414670277
iYO844,12.375,12.0,0.5178721646965351
iYO844,12.375,12.75,0.5429304952463674
iYO844,12.375,13.5,0.567988825796199
iYO844,12.375,14.25,0.5930471563460313
iYO844,12.375,15.0,0.6181054868958636
iYO844,12.375,15.75,0.6241848146320939
iYO844,12.375,16.5,0.624184814632103
iYO844,12.375,17.25,0.624184814632103
iYO844,12.375,18.0,0.624184814632103
iYO844,12.375,18.75,0.624184814632103
iYO844,12.375,19.5,0.624184814632103
iYO844,12.375,20.25,0.624184814632103
iYO844,12.375,21.0,0.624184814632103
iYO844,12.375,21.75,0.624184814632103
iYO844,12.375,22.5,0.624184814632103
iYO844,12.375,23.25,0.624184814632103
iYO844,12.375,24.0,0.624184814632103
iYO844,12.375,24.75,0.624184814632103
iYO844,12.375,25.5,0.624184814632103
iYO844,12.375,26.25,0.624184814632103
iYO844,12.375,27.0,0.624184814632103
iYO844,12.375,27.75,0.624184814632103
iYO844,12.375,28.5,0.624184814632103
iYO844,12.375,29.25,0.624184814632103
iYO844,12.375,30.0,0.624184814632103
iYO844,12.75,0.0,0.0
iYO844,12.75,0.75,0.14756572434901266
iYO844,12.75,1.5,0.17262405489884505
iYO844,12.75,2.25,0.19768238544867742
iYO844,12.75,3.0,0.22274071599850975
iYO844,12.75,3.75,0.24779904654834206
iYO844,12.75,4.5,0.2728573770981745
iYO844,12.75,5.25,0.2979157076480068
iYO844,12.75,6.0,0.32297403819783915
iYO844,12.75,6.75,0.3480323687476715
iYO844,12.75,7.5,0.3730906992975038
iYO844,12.75,8.25,0.3981490298473362
iYO844,12.75,9.0,0.4232073603971685
iYO844,12.75,9.75,0.44826569094700086
iYO844,12.75,10.5,0.4733240214968332
iYO844,12.75,11.25,0.4983823520466656
iYO844,12.75,12.0,0.5234406825964979
iYO844,12.75,12.75,0.5484990131463303
iYO844,12.75,13.5,0.5735573436961626
iYO844,12.75,14.25,0.5986156742459949
iYO844,12.75,15.0,0.6236740047958274
iYO844,12.75,15.75,0.6241848146320942
iYO844,12.75,16.5,0.6241848146320932
iYO844,12.75,17.25,0.6241848146320932
iYO844,12.75,18.0,0.6241848146320932
iYO844,12.75,18.75,0.6241848146320932
iYO844,12.75,19.5,0.6241848146320932
iYO844,12.75,20.25,0.6241848146320932
iYO844,12.75,21.0,0.6241848146320932
iYO844,12.75,21.75,0.6241848146320932
iYO844,12.75,22.5,0.6241848146320932
iYO844,12.75,23.25,0.6241848146320932
iYO844,12.75,24.0,0.6241848146320932
iYO844,12.75,24.75,0.6241848146320932
iYO844,12.75,25.5,0.624184814632098
iYO844,12.75,26.25,0.6241848146320919
iYO844,12.75,27.0,0.6241848146320939
iYO844,12.75,27.75,0.6241848146320939
iYO844,12.75,28.5,0.6241848146320939
iYO844,12.75,29.25,0.6241848146320939
iYO844,12.75,30.0,0.6241848146320939
iYO844,13.125,0.0,0.0
iYO844,13.125,0.75,0.15313424224897543
iYO844,13.125,1.5,0.1781925727988081
iYO844,13.125,2.25,0.20325090334864046
iYO844,13.125,3.0,0.22830923389847288
iYO844,13.125,3.75,0.25336756444830527
iYO844,13.125,4.5,0.27842589499813764
iYO844,13.125,5.25,0.30348422554797
iYO844,13.125,6.0,0.3285425560978024
iYO844,13.125,6.75,0.3536008866476348
iYO844,13.125,7.5,0.3786592171974672
iYO844,13.125,8.25,0.40371754774729957
iYO844,13.125,9.0,0.42877587829713193
iYO844,13.125,9.75,0.45383420884696435
iYO844,13.125,10.5,0.47889253939679677
iYO844,13.125,11.25,0.5039508699466292
iYO844,13.125,12.0,0.5290092004964615
iYO844,13.125,12.75,0.5540675310462939
iYO844,13.125,13.5,0.5791258615961263
iYO844,13.125,14.25,0.6041841921459586
iYO844,13.125,15.0,0.6241848146320937
iYO844,13.125,15.75,0.6241848146320755
iYO844,13.125,16.5,0.6241848146320755
iYO844,13.125,17.25,0.6241848146320755
iYO844,13.125,18.0,0.6241848146320755
iYO844,13.125,18.75,0.6241848146320755
iYO844,13.125,19.5,0.6241848146320755
iYO844,13.125,20.25,0.6241848146320755
iYO844,13.125,21.0,0.6241848146320755
iYO844,13.125,21.75,0.6241848146320755
iYO844,13.125,22.5,0.6241848146320755
iYO844,13.125,23.25,0.6241848146320755
iYO844,13.125,24.0,0.6241848146320755
iYO844,13.125,24.75,0.6241848146320755
iYO844,13.125,25.5,0.6241848146320755
iYO844,13.125,26.25,0.6241848146320755
iYO844,13.125,27.0,0.6241848146320755
iYO844,13.125,27.75,0.6241848146320755
iYO844,13.125,28.5,0.6241848146320755
iYO844,13.125,29.25,0.6241848146320755
iYO844,13.125,30.0,0.6241848146320755
iYO844,13.5,0.0,0.0
iYO844,13.5,0.75,0.15870276014893817
iYO844,13.5,1.5,0.18376109069877056
iYO844,13.5,2.25,0.2088194212486029
iYO844,13.5,3.0,0.23387775179843523
iYO844,13.5,3.75,0.2589360823482676
iYO844,13.5,4.5,0.2839944128980999
iYO844,13.5,5.25,0.30905274344793227
iYO844,13.5,6.0,0.33411107399776463
iYO844,13.5,6.75,0.359169404547597
iYO844,13.5,7.5,0.38422773509742936
iYO844,13.5,8.25,0.40928606564726167
iYO844,13.5,9.0,0.43434439619709403
iYO844,13.5,9.75,0.45940272674692634
iYO844,13.5,10.5,0.4844610572967587
iYO844,13.5,11.25,0.5095193878465911
iYO844,13.5,12.0,0.5345777183964234
iYO844,13.5,12.75,0.5596360489462557
iYO844,13.5,13.5,0.5846943794960882
iYO844,13.5,14.25,0.6097527100459205
iYO844,13.5,15.0,0.6241848146320937
iYO844,13.5,15.75,0.6241848146320756
iYO844,13.5,16.5,0.6241848146320756
iYO844,13.5,17.25,0.6241848146320756
iYO844,13.5,18.0,0.6241848146320756
iYO844,13.5,18.75,0.6241848146320756
iYO844,13.5,19.5,0.6241848146320756
iYO844,13.5,20.25,0.6241848146320756
iYO844,13.5,21.0,0.6241848146320756
iYO844,13.5,21.75,0.6241848146320756
iYO844,13.5,22.5,0.6241848146320756
iYO844,13.5,23.25,0.6241848146320756
iYO844,13.5,24.0,0.6241848146320756
iYO844,13.5,24.75,0.6241848146320756
iYO844,13.5,25.5,0.6241848146320756
iYO844,13.5,26.25,0.6241848146320756
iYO844,13.5,27.0,0.6241848146320756
iYO844,13.5,27.75,0.6241848146320756
iYO844,13.5,28.5,0.6241848146320756
iYO844,13.5,29.25,0.6241848146320756
iYO844,13.5,30.0,0.6241848146320756
iYO844,13.875,0.0,0.0
iYO844,13.875,0.75,0.16427127804890093
iYO844,13.875,1.5,0.18932960859873393
iYO844,13.875,2.25,0.21438793914856638
iYO844,13.875,3.0,0.2394462696983988
iYO844,13.875,3.75,0.26450460024823125
iYO844,13.875,4.5,0.2895629307980637
iYO844,13.875,5.25,0.31462126134789614
iYO844,13.875,6.0,0.33967959189772856
iYO844,13.875,6.75,0.364737922447561
iYO844,13.875,7.5,0.3897962529973934
iYO844,13.875,8.25,0.4148545835472259
iYO844,13.875,9.0,0.43991291409705824
iYO844,13.875,9.75,0.4649712446468907
iYO844,13.875,10.5,0.49002957519672313
iYO844,13.875,11.25,0.5150879057465556
iYO844,13.875,12.0,0.540146236296388
iYO844,13.875,12.75,0.5652045668462204
iYO844,13.875,13.5,0.5902628973960529
iYO844,13.875,14.25,0.6153212279458854
iYO844,13.875,15.0,0.6241848146320937
iYO844,13.875,15.75,0.6241848146320937
iYO844,13.875,16.5,0.6241848146320937
iYO844,13.875,17.25,0.6241848146320937
iYO844,13.875,18.0,0.6241848146320937
iYO844,13.875,18.75,0.6241848146320937
iYO844,13.875,19.5,0.6241848146320937
iYO844,13.875,20.25,0.6241848146320937
iYO844,13.875,21.0,0.6241848146320937
iYO844,13.875,21.75,0.6241848146320937
iYO844,13.875,22.5,0.6241848146320937
iYO844,13.875,23.25,0.6241848146320937
iYO844,13.875,24.0,0.6241848146320937
iYO844,13.875,24.75,0.6241848146320937
iYO844,13.875,25.5,0.6241848146320937
iYO844,13.875,26.25,0.6241848146320937
iYO844,13.875,27.0,0.6241848146320937
iYO844,13.875,27.75,0.6241848146320937
iYO844,13.875,28.5,0.6241848146320937
iYO844,13.875,29.25,0.6241848146320937
iYO844,13.875,30.0,0.6241848146320937
iYO844,14.25,0.0,0.0
iYO844,14.25,0.75,0.16983979594886392
iYO844,14.25,1.5,0.19489812649869603
iYO844,14.25,2.25,0.21995645704852873
iYO844,14.25,3.0,0.24501478759836132
iYO844,14.25,3.75,0.2700731181481933
iYO844,14.25,4.5,0.2951314486980261
iYO844,14.25,5.25,0.3201897792478583
iYO844,14.25,6.0,0.3452481097976907
iYO844,14.25,6.75,0.3703064403475231
iYO844,14.25,7.5,0.39536477089735533
iYO844,14.25,8.25,0.4204231014471877
iYO844,14.25,9.0,0.4454814319970201
iYO844,14.25,9.75,0.4705397625468523
iYO844,14.25,10.5,0.4955980930966847
iYO844,14.25,11.25,0.5206564236465169
iYO844,14.25,12.0,0.5457147541963493
iYO844,14.25,12.75,0.5707730847461817
iYO844,14.25,13.5,0.5958314152960139
iYO844,14.25,14.25,0.6208897458458463
iYO844,14.25,15.0,0.6241848146320939
iYO844,14.25,15.75,0.6241848146321031
iYO844,14.25,16.5,0.6241848146321031
iYO844,14.25,17.25,0.6241848146321031
iYO844,14.25,18.0,0.6241848146321031
iYO844,14.25,18.75,0.6241848146321031
iYO844,14.25,19.5,0.6241848146321031
iYO844,14.25,20.25,0.6241848146321031
iYO844,14.25,21.0,0.6241848146321031
iYO844,14.25,21.75,0.6241848146321031
iYO844,14.25,22.5,0.6241848146321031
iYO844,14.25,23.25,0.6241848146321031
iYO844,14.25,24.0,0.6241848146321031
iYO844,14.25,24.75,0.6241848146321031
iYO844,14.25,25.5,0.6241848146321031
iYO844,14.25,26.25,0.6241848146321031
iYO844,14.25,27.0,0.6241848146321031
iYO844,14.25,27.75,0.6241848146321031
iYO844,14.25,28.5,0.6241848146321031
iYO844,14.25,29.25,0.6241848146321031
iYO844,14.25,30.0,0.6241848146321031
iYO844,14.625,0.0,0.0
iYO844,14.625,0.75,0.1754083138488268
iYO844,14.625,1.5,0.2004666443986592
iYO844,14.625,2.25,0.22552497494849139
iYO844,14.625,3.0,0.2505833054983238
iYO844,14.625,3.75,0.27564163604815617
iYO844,14.625,4.5,0.30069996659798875
iYO844,14.625,5.25,0.3257582971478212
iYO844,14.625,6.0,0.3508166276976536
iYO844,14.625,6.75,0.3758749582474858
iYO844,14.625,7.5,0.40093328879731815
iYO844,14.625,8.25,0.42599161934715035
iYO844,14.625,9.0,0.45104994989698277
iYO844,14.625,9.75,0.4761082804468152
iYO844,14.625,10.5,0.5011666109966474
iYO844,14.625,11.25,0.5262249415464798
iYO844,14.625,12.0,0.5512832720963121
iYO844,14.625,12.75,0.5763416026461444
iYO844,14.625,13.5,0.6013999331959766
iYO844,14.625,14.25,0.6241848146320939
iYO844,14.625,15.0,0.624184814632103
iYO844,14.625,15.75,0.624184814632103
iYO844,14.625,16.5,0.624184814632103
iYO844,14.625,17.25,0.624184814632103
iYO844,14.625,18.0,0.624184814632103
iYO844,14.625,18.75,0.624184814632103
iYO844,14.625,19.5,0.624184814632103
iYO844,14.625,20.25,0.624184814632103
iYO844,14.625,21.0,0.624184814632103
iYO844,14.625,21.75,0.624184814632103
iYO844,14.625,22.5,0.624184814632103
iYO844,14.625,23.25,0.624184814632103
iYO844,14.625,24.0,0.624184814632103
iYO844,14.625,24.75,0.624184814632103
iYO844,14.625,25.5,0.624184814632103
iYO844,14.625,26.25,0.624184814632103
iYO844,14.625,27.0,0.624184814632103
iYO844,14.625,27.75,0.624184814632103
iYO844,14.625,28.5,0.624184814632103
iYO844,14.625,29.25,0.624184814632103
iYO844,14.625,30.0,0.624184814632103
iYO844,15.0,0.0,0.0
iYO844,15.0,0.75,0.18097683174878915
iYO844,15.0,1.5,0.20603516229862182
iYO844,15.0,2.25,0.23109349284845418
iYO844,15.0,3.0,0.25615182339828657
iYO844,15.0,3.75,0.28121015394811893
iYO844,15.0,4.5,0.30626848449795135
iYO844,15.0,5.25,0.3313268150477837
iYO844,15.0,6.0,0.35638514559761614
iYO844,15.0,6.75,0.38144347614744845
iYO844,15.0,7.5,0.40650180669728087
iYO844,15.0,8.25,0.43156013724711323
iYO844,15.0,9.0,0.45661846779694565
iYO844,15.0,9.75,0.481676798346778
iYO844,15.0,10.5,0.5067351288966104
iYO844,15.0,11.25,0.5317934594464429
iYO844,15.0,12.0,0.5568517899962753
iYO844,15.0,12.75,0.5819101205461075
iYO844,15.0,13.5,0.6069684510959399
iYO844,15.0,14.25,0.6241848146321028
iYO844,15.0,15.0,0.6241848146320939
iYO844,15.0,15.75,0.6241848146320939
iYO844,15.0,16.5,0.6241848146320939
iYO844,15.0,17.25,0.6241848146320939
iYO844,15.0,18.0,0.6241848146320939
iYO844,15.0,18.75,0.6241848146320939
iYO844,15.0,19.5,0.6241848146320939
iYO844,15.0,20.25,0.6241848146320939
iYO844,15.0,21.0,0.6241848146320939
iYO844,15.0,21.75,0.6241848146320939
iYO844,15.0,22.5,0.6241848146320939
iYO844,15.0,23.25,0.6241848146320939
iYO844,15.0,24.0,0.6241848146320939
iYO844,15.0,24.75,0.6241848146320939
iYO844,15.0,25.5,0.6241848146320939
iYO844,15.0,26.25,0.6241848146320939
iYO844,15.0,27.0,0.6241848146320939
iYO844,15.0,27.75,0.6241848146320939
iYO844,15.0,28.5,0.6241848146320939
iYO844,15.0,29.25,0.6241848146320939
iYO844,15.0,30.0,0.6241848146320939
iBsu1147,0.0,0.0,0.0
iBsu1147,0.0,0.75,0.0
iBsu1147,0.0,1.5,0.0
iBsu1147,0.0,2.25,0.0
iBsu1147,0.0,3.0,0.0
iBsu1147,0.0,3.75,0.0
iBsu1147,0.0,4.5,0.0
iBsu1147,0.0,5.25,0.0
iBsu1147,0.0,6.0,0.0
iBsu1147,0.0,6.75,0.0
iBsu1147,0.0,7.5,0.0
iBsu1147,0.0,8.25,0.0
iBsu1147,0.0,9.0,0.0
iBsu1147,0.0,9.75,0.0
iBsu1147,0.0,10.5,0.0
iBsu1147,0.0,11.25,0.0
iBsu1147,0.0,12.0,0.0
iBsu1147,0.0,12.75,0.0
iBsu1147,0.0,13.5,0.0
iBsu1147,0.0,14.25,0.0
iBsu1147,0.0,15.0,0.0
iBsu1147,0.0,15.75,0.0
iBsu1147,0.0,16.5,0.0
iBsu1147,0.0,17.25,0.0
iBsu1147,0.0,18.0,0.0
iBsu1147,0.0,18.75,0.0
iBsu1147,0.0,19.5,0.0
iBsu1147,0.0,20.25,0.0
iBsu1147,0.0,21.0,0.0
iBsu1147,0.0,21.75,0.0
iBsu1147,0.0,22.5,0.0
iBsu1147,0.0,23.25,0.0
iBsu1147,0.0,24.0,0.0
iBsu1147,0.0,24.75,0.0
iBsu1147,0.0,25.5,0.0
iBsu1147,0.0,26.25,0.0
iBsu1147,0.0,27.0,0.0
iBsu1147,0.0,27.75,0.0
iBsu1147,0.0,28.5,0.0
iBsu1147,0.0,29.25,0.0
iBsu1147,0.0,30.0,0.0
iBsu1147,0.375,0.0,0.0
iBsu1147,0.375,0.75,0.0
iBsu1147,0.375,1.5,0.0014807188028252947
iBsu1147,0.375,2.25,0.008740821980476989
iBsu1147,0.375,3.0,0.008740821980476989
iBsu1147,0.375,3.75,0.008740821980476989
iBsu1147,0.375,4.5,0.008740821980476989
iBsu1147,0.375,5.25,0.008740821980476989
iBsu1147,0.375,6.0,0.008740821980476989
iBsu1147,0.375,6.75,0.008740821980476989
iBsu1147,0.375,7.5,0.008740821980476989
iBsu1147,0.375,8.25,0.008740821980476989
iBsu1147,0.375,9.0,0.008740821980476989
iBsu1147,0.375,9.75,0.008740821980476989
iBsu1147,0.375,10.5,0.008740821980476989
iBsu1147,0.375,11.25,0.008740821980476989
iBsu1147,0.375,12.0,0.008740821980476989
iBsu1147,0.375,12.75,0.008740821980476989
iBsu1147,0.375,13.5,0.008740821980476989
iBsu1147,0.375,14.25,0.008740821980476989
iBsu1147,0.375,15.0,0.008740821980476989
iBsu1147,0.375,15.75,0.008740821980476989
iBsu1147,0.375,16.5,0.008740821980476989
iBsu1147,0.375,17.25,0.008740821980476989
iBsu1147,0.375,18.0,0.008740821980476989
iBsu1147,0.375,18.75,0.008740821980476989
iBsu1147,0.375,19.5,0.008740821980476989
iBsu1147,0.375,20.25,0.008740821980476989
iBsu1147,0.375,21.0,0.008740821980476989
iBsu1147,0.375,21.75,0.008740821980476989
iBsu1147,0.375,22.5,0.008740821980476989
iBsu1147,0.375,23.25,0.008740821980476989
iBsu1147,0.375,24.0,0.008740821980476989
iBsu1147,0.375,24.75,0.008740821980476989
iBsu1147,0.375,25.5,0.008740821980476989
iBsu1147,0.375,26.25,0.008740821980476989
iBsu1147,0.375,27.0,0.008740821980476989
iBsu1147,0.375,27.75,0.008740821980476989
iBsu1147,0.375,28.5,0.008740821980476989
iBsu1147,0.375,29.25,0.008740821980476989
iBsu1147,0.375,30.0,0.008740821980476989
iBsu1147,0.75,0.0,0.0
iBsu1147,0.75,0.75,0.003778385910657059
iBsu1147,0.75,1.5,0.016032610485763932
iBsu1147,0.75,2.25,0.028286835060870503
iBsu1147,0.75,3.0,0.04054105963597734
iBsu1147,0.75,3.75,0.04139705279973114
iBsu1147,0.75,4.5,0.04139705279973121
iBsu1147,0.75,5.25,0.04139705279973121
iBsu1147,0.75,6.0,0.04139705279973121
iBsu1147,0.75,6.75,0.04139705279973121
iBsu1147,0.75,7.5,0.04139705279973121
iBsu1147,0.75,8.25,0.04139705279973121
iBsu1147,0.75,9.0,0.04139705279973121
iBsu1147,0.75,9.75,0.04139705279973121
iBsu1147,0.75,10.5,0.04139705279973121
iBsu1147,0.75,11.25,0.04139705279973121
iBsu1147,0.75,12.0,0.04139705279973121
iBsu1147,0.75,12.75,0.04139705279973121
iBsu1147,0.75,13.5,0.04139705279973121
iBsu1147,0.75,14.25,0.04139705279973121
iBsu1147,0.75,15.0,0.04139705279973121
iBsu1147,0.75,15.75,0.04139705279973121
iBsu1147,0.75,16.5,0.04139705279973121
iBsu1147,0.75,17.25,0.04139705279973121
iBsu1147,0.75,18.0,0.04139705279973121
iBsu1147,0.75,18.75,0.04139705279973121
iBsu1147,0.75,19.5,0.04139705279973121
iBsu1147,0.75,20.25,0.04139705279973121
iBsu1147,0.75,21.0,0.04139705279973121
iBsu1147,0.75,21.75,0.04139705279973121
iBsu1147,0.75,22.5,0.04139705279973121
iBsu1147,0.75,23.25,0.04139705279973121
iBsu1147,0.75,24.0,0.04139705279973121
iBsu1147,0.75,24.75,0.04139705279973121
iBsu1147,0.75,25.5,0.04139705279973121
iBsu1147,0.75,26.25,0.04139705279973121
iBsu1147,0.75,27.0,0.04139705279973121
iBsu1147,0.75,27.75,0.04139705279973121
iBsu1147,0.75,28.5,0.04139705279973121
iBsu1147,0.75,29.25,0.04139705279973121
iBsu1147,0.75,30.0,0.04139705279973121
iBsu1147,1.125,0.0,0.0
iBsu1147,1.125,0.75,0.018330277593596744
iBsu1147,1.125,1.5,0.030584502168703197
iBsu1147,1.125,2.25,0.04283872674380953
iBsu1147,1.125,3.0,0.055092951318916845
iBsu1147,1.125,3.75,0.06734717589402274
iBsu1147,1.125,4.5,0.07405328361898554
iBsu1147,1.125,5.25,0.07405328361898532
iBsu1147,1.125,6.0,0.07405328361898532
iBsu1147,1.125,6.75,0.07405328361898532
iBsu1147,1.125,7.5,0.07405328361898532
iBsu1147,1.125,8.25,0.07405328361898532
iBsu1147,1.125,9.0,0.07405328361898532
iBsu1147,1.125,9.75,0.07405328361898532
iBsu1147,1.125,10.5,0.07405328361898532
iBsu1147,1.125,11.25,0.07405328361898532
iBsu1147,1.125,12.0,0.07405328361898532
iBsu1147,1.125,12.75,0.07405328361898532
iBsu1147,1.125,13.5,0.07405328361898532
iBsu1147,1.125,14.25,0.07405328361898532
iBsu1147,1.125,15.0,0.07405328361898532
iBsu1147,1.125,15.75,0.07405328361898532
iBsu1147,1.125,16.5,0.07405328361898532
iBsu1147,1.125,17.25,0.07405328361898532
iBsu1147,1.125,18.0,0.07405328361898532
iBsu1147,1.125,18.75,0.07405328361898532
iBsu1147,1.125,19.5,0.07405328361898532
iBsu1147,1.125,20.25,0.07405328361898532
iBsu1147,1.125,21.0,0.07405328361898532
iBsu1147,1.125,21.75,0.07405328361898532
iBsu1147,1.125,22.5,0.07405328361898532
iBsu1147,1.125,23.25,0.07405328361898532
iBsu1147,1.125,24.0,0.07405328361898532
iBsu1147,1.125,24.75,0.07405328361898532
iBsu1147,1.125,25.5,0.07405328361898532
iBsu1147,1.125,26.25,0.07405328361898532
iBsu1147,1.125,27.0,0.07405328361898532
iBsu1147,1.125,27.75,0.07405328361898532
iBsu1147,1.125,28.5,0.07405328361898532
iBsu1147,1.125,29.25,0.07405328361898532
iBsu1147,1.125,30.0,0.07405328361898532
iBsu1147,1.5,0.0,0.0
iBsu1147,1.5,0.75,0.03288216927653567
iBsu1147,1.5,1.5,0.045136393851642045
iBsu1147,1.5,2.25,0.05739061842674856
iBsu1147,1.5,3.0,0.06964484300185513
iBsu1147,1.5,3.75,0.08189906757696107
iBsu1147,1.5,4.5,0.09415329215206837
iBsu1147,1.5,5.25,0.1064075167271745
iBsu1147,1.5,6.0,0.1067095144382396
iBsu1147,1.5,6.75,0.10670951443823891
iBsu1147,1.5,7.5,0.10670951443823891
iBsu1147,1.5,8.25,0.10670951443823891
iBsu1147,1.5,9.0,0.10670951443823891
iBsu1147,1.5,9.75,0.10670951443823891
iBsu1147,1.5,10.5,0.10670951443823891
iBsu1147,1.5,11.25,0.10670951443823891
iBsu1147,1.5,12.0,0.10670951443823891
iBsu1147,1.5,12.75,0.10670951443823891
iBsu1147,1.5,13.5,0.10670951443823891
iBsu1147,1.5,14.25,0.10670951443823891
iBsu1147,1.5,15.0,0.10670951443823891
iBsu1147,1.5,15.75,0.10670951443823891
iBsu1147,1.5,16.5,0.10670951443823891
iBsu1147,1.5,17.25,0.10670951443823891
iBsu1147,1.5,18.0,0.10670951443823891
iBsu1147,1.5,18.75,0.10670951443823891
iBsu1147,1.5,19.5,0.10670951443823891
iBsu1147,1.5,20.25,0.10670951443823891
iBsu1147,1.5,21.0,0.10670951443823891
iBsu1147,1.5,21.75,0.10670951443823891
iBsu1147,1.5,22.5,0.10670951443823891
iBsu1147,1.5,23.25,0.10670951443823891
iBsu1147,1.5,24.0,0.10670951443823891
iBsu1147,1.5,24.75,0.10670951443823891
iBsu1147,1.5,25.5,0.10670951443823891
iBsu1147,1.5,26.25,0.10670951443823891
iBsu1147,1.5,27.0,0.10670951443823891
iBsu1147,1.5,27.75,0.10670951443823891
iBsu1147,1.5,28.5,0.10670951443823891
iBsu1147,1.5,29.25,0.10670951443823891
iBsu1147,1.5,30.0,0.10670951443823891
iBsu1147,1.875,0.0,0.0
iBsu1147,1.875,0.75,0.04697027481173929
iBsu1147,1.875,1.5,0.059688285534582344
iBsu1147,1.875,2.25,0.07194251010968877
iBsu1147,1.875,3.0,0.08419673468479237
iBsu1147,1.875,3.75,0.09645095925989862
iBsu1147,1.875,4.5,0.1087051838350058
iBsu1147,1.875,5.25,0.12095940841011164
iBsu1147,1.875,6.0,0.13321363298521866
iBsu1147,1.875,6.75,0.13936574525749362
iBsu1147,1.875,7.5,0.13936574525749323
iBsu1147,1.875,8.25,0.13936574525749323
iBsu1147,1.875,9.0,0.13936574525749323
iBsu1147,1.875,9.75,0.13936574525749323
iBsu1147,1.875,10.5,0.13936574525749323
iBsu1147,1.875,11.25,0.13936574525749323
iBsu1147,1.875,12.0,0.13936574525749323
iBsu1147,1.875,12.75,0.13936574525749323
iBsu1147,1.875,13.5,0.13936574525749323
iBsu1147,1.875,14.25,0.13936574525749323
iBsu1147,1.875,15.0,0.13936574525749323
iBsu1147,1.875,15.75,0.13936574525749323
iBsu1147,1.875,16.5,0.13936574525749323
iBsu1147,1.875,17.25,0.13936574525749323
iBsu1147,1.875,18.0,0.13936574525749323
iBsu1147,1.875,18.75,0.13936574525749323
iBsu1147,1.875,19.5,0.13936574525749323
iBsu1147,1.875,20.25,0.13936574525749323
iBsu1147,1.875,21.0,0.13936574525749323
iBsu1147,1.875,21.75,0.13936574525749323
iBsu1147,1.875,22.5,0.13936574525749323
iBsu1147,1.875,23.25,0.13936574525749323
iBsu1147,1.875,24.0,0.13936574525749323
iBsu1147,1.875,24.75,0.13936574525749323
iBsu1147,1.875,25.5,0.13936574525749323
iBsu1147,1.875,26.25,0.13936574525749323
iBsu1147,1.875,27.0,0.13936574525749323
iBsu1147,1.875,27.75,0.13936574525749323
iBsu1147,1.875,28.5,0.13936574525749323
iBsu1147,1.875,29.25,0.13936574525749323
iBsu1147,1.875,30.0,0.13936574525749323
iBsu1147,2.25,0.0,0.0
iBsu1147,2.25,0.75,0.0601467545444058
iBsu1147,2.25,1.5,0.07409832132016983
iBsu1147,2.25,2.25,0.08649440179262684
iBsu1147,2.25,3.0,0.09874862636773336
iBsu1147,2.25,3.75,0.11100285094283949
iBsu1147,2.25,4.5,0.12325707551794635
iBsu1147,2.25,5.25,0.13551130009305198
iBsu1147,2.25,6.0,0.1477655246681586
iBsu1147,2.25,6.75,0.16001974924326484
iBsu1147,2.25,7.5,0.17202197607674818
iBsu1147,2.25,8.25,0.17202197607674785
iBsu1147,2.25,9.0,0.17202197607674785
iBsu1147,2.25,9.75,0.17202197607674785
iBsu1147,2.25,10.5,0.17202197607674785
iBsu1147,2.25,11.25,0.17202197607674785
iBsu1147,2.25,12.0,0.17202197607674785
iBsu1147,2.25,12.75,0.17202197607674785
iBsu1147,2.25,13.5,0.17202197607674785
iBsu1147,2.25,14.25,0.17202197607674785
iBsu1147,2.25,15.0,0.17202197607674785
iBsu1147,2.25,15.75,0.17202197607674785
iBsu1147,2.25,16.5,0.17202197607674785
iBsu1147,2.25,17.25,0.17202197607674785
iBsu1147,2.25,18.0,0.17202197607674785
iBsu1147,2.25,18.75,0.17202197607674785
iBsu1147,2.25,19.5,0.17202197607674785
iBsu1147,2.25,20.25,0.17202197607674785
iBsu1147,2.25,21.0,0.17202197607674785
iBsu1147,2.25,21.75,0.17202197607674785
iBsu1147,2.25,22.5,0.17202197607674785
iBsu1147,2.25,23.25,0.17202197607674785
iBsu1147,2.25,24.0,0.17202197607674785
iBsu1147,2.25,24.75,0.17202197607674785
iBsu1147,2.25,25.5,0.17202197607674785
iBsu1147,2.25,26.25,0.17202197607674785
iBsu1147,2.25,27.0,0.17202197607674785
iBsu1147,2.25,27.75,0.17202197607674785
iBsu1147,2.25,28.5,0.17202197607674785
iBsu1147,2.25,29.25,0.17202197607674785
iBsu1147,2.25,30.0,0.17202197607674785
iBsu1147,2.625,0.0,0.0
iBsu1147,2.625,0.75,0.07332323427707158
iBsu1147,2.625,1.5,0.08727480105283578
iBsu1147,2.625,2.25,0.1010462934755682
iBsu1147,2.625,3.0,0.11330051805067463
iBsu1147,2.625,3.75,0.12555474262578106
iBsu1147,2.625,4.5,0.13780896720088254
iBsu1147,2.625,5.25,0.1500631917759881
iBsu1147,2.625,6.0,0.16231741635109367
iBsu1147,2.625,6.75,0.1745716409262001
iBsu1147,2.625,7.5,0.18682586550130653
iBsu1147,2.625,8.25,0.19908009007641114
iBsu1147,2.625,9.0,0.2046782068960007
iBsu1147,2.625,9.75,0.2046782068960007
iBsu1147,2.625,10.5,0.2046782068960007
iBsu1147,2.625,11.25,0.2046782068960007
iBsu1147,2.625,12.0,0.2046782068960007
iBsu1147,2.625,12.75,0.2046782068960007
iBsu1147,2.625,13.5,0.2046782068960007
iBsu1147,2.625,14.25,0.2046782068960007
iBsu1147,2.625,15.0,0.2046782068960007
iBsu1147,2.625,15.75,0.2046782068960007
iBsu1147,2.625,16.5,0.2046782068960007
iBsu1147,2.625,17.25,0.2046782068960007
iBsu1147,2.625,18.0,0.2046782068960007
iBsu1147,2.625,18.75,0.2046782068960007
iBsu1147,2.625,19.5,0.2046782068960007
iBsu1147,2.625,20.25,0.2046782068960007
iBsu1147,2.625,21.0,0.2046782068960007
iBsu1147,2.625,21.75,0.2046782068960007
iBsu1147,2.625,22.5,0.2046782068960007
iBsu1147,2.625,23.25,0.2046782068960007
iBsu1147,2.625,24.0,0.2046782068960007
iBsu1147,2.625,24.75,0.2046782068960007
iBsu1147,2.625,25.5,0.2046782068960007
iBsu1147,2.625,26.25,0.2046782068960007
iBsu1147,2.625,27.0,0.2046782068960007
iBsu1147,2.625,27.75,0.2046782068960007
iBsu1147,2.625,28.5,0.2046782068960007
iBsu1147,2.625,29.25,0.2046782068960007
iBsu1147,2.625,30.0,0.2046782068960007
iBsu1147,3.0,0.0,0.0
iBsu1147,3.0,0.75,0.08649971400973877
iBsu1147,3.0,1.5,0.10045128078550185
iBsu1147,3.0,2.25,0.11440284756126609
iBsu1147,3.0,3.0,0.1278524097336105
iBsu1147,3.0,3.75,0.14010663430871695
iBsu1147,3.0,4.5,0.1523608588838234
iBsu1147,3.0,5.25,0.1646150834589276
iBsu1147,3.0,6.0,0.17686930803403653
iBsu1147,3.0,6.75,0.18912353260914094
iBsu1147,3.0,7.5,0.2013777571842473
iBsu1147,3.0,8.25,0.21363198175935416
iBsu1147,3.0,9.0,0.22588620633445758
iBsu1147,3.0,9.75,0.23733443771525553
iBsu1147,3.0,10.5,0.23733443771525511
iBsu1147,3.0,11.25,0.23733443771525511
iBsu1147,3.0,12.0,0.23733443771525511
iBsu1147,3.0,12.75,0.23733443771525511
iBsu1147,3.0,13.5,0.23733443771525511
iBsu1147,3.0,14.25,0.23733443771525511
iBsu1147,3.0,15.0,0.23733443771525511
iBsu1147,3.0,15.75,0.23733443771525511
iBsu1147,3.0,16.5,0.23733443771525511
iBsu1147,3.0,17.25,0.23733443771525511
iBsu1147,3.0,18.0,0.23733443771525511
iBsu1147,3.0,18.75,0.23733443771525511
iBsu1147,3.0,19.5,0.23733443771525511
iBsu1147,3.0,20.25,0.23733443771525511
iBsu1147,3.0,21.0,0.23733443771525511
iBsu1147,3.0,21.75,0.23733443771525511
iBsu1147,3.0,22.5,0.23733443771525511
iBsu1147,3.0,23.25,0.23733443771525511
iBsu1147,3.0,24.0,0.23733443771525511
iBsu1147,3.0,24.75,0.23733443771525511
iBsu1147,3.0,25.5,0.23733443771525511
iBsu1147,3.0,26.25,0.23733443771525511
iBsu1147,3.0,27.0,0.23733443771525511
iBsu1147,3.0,27.75,0.23733443771525511
iBsu1147,3.0,28.5,0.23733443771525511
iBsu1147,3.0,29.25,0.23733443771525511
iBsu1147,3.0,30.0,0.23733443771525511
iBsu1147,3.375,0.0,0.0
iBsu1147,3.375,0.75,0.09967619374240393
iBsu1147,3.375,1.5,0.11362776051816809
iBsu1147,3.375,2.25,0.1275793272939319
iBsu1147,3.375,3.0,0.14153089406969635
iBsu1147,3.375,3.75,0.1546585259916571
iBsu1147,3.375,4.5,0.16691275056676322
iBsu1147,3.375,5.25,0.17916697514186847
iBsu1147,3.375,6.0,0.19142119971697655
iBsu1147,3.375,6.75,0.20367542429208196
iBsu1147,3.375,7.5,0.2159296488671885
iBsu1147,3.375,8.25,0.22818387344229504
iBsu1147,3.375,9.0,0.24043809801740149
iBsu1147,3.375,9.75,0.252692322592508
iBsu1147,3.375,10.5,0.2649465471676144
iBsu1147,3.375,11.25,0.2699906685345083
iBsu1147,3.375,12.0,0.2699906685345084
iBsu1147,3.375,12.75,0.2699906685345084
iBsu1147,3.375,13.5,0.2699906685345084
iBsu1147,3.375,14.25,0.2699906685345084
iBsu1147,3.375,15.0,0.2699906685345084
iBsu1147,3.375,15.75,0.2699906685345084
iBsu1147,3.375,16.5,0.2699906685345084
iBsu1147,3.375,17.25,0.2699906685345084
iBsu1147,3.375,18.0,0.2699906685345084
iBsu1147,3.375,18.75,0.2699906685345084
iBsu1147,3.375,19.5,0.2699906685345084
iBsu1147,3.375,20.25,0.2699906685345084
iBsu1147,3.375,21.0,0.2699906685345084
iBsu1147,3.375,21.75,0.2699906685345084
iBsu1147,3.375,22.5,0.2699906685345084
iBsu1147,3.375,23.25,0.2699906685345084
iBsu1147,3.375,24.0,0.2699906685345084
iBsu1147,3.375,24.75,0.2699906685345084
iBsu1147,3.375,25.5,0.2699906685345084
iBsu1147,3.375,26.25,0.2699906685345084
iBsu1147,3.375,27.0,0.2699906685345084
iBsu1147,3.375,27.75,0.2699906685345084
iBsu1147,3.375,28.5,0.2699906685345084
iBsu1147,3.375,29.25,0.2699906685345084
iBsu1147,3.375,30.0,0.2699906685345084
iBsu1147,3.75,0.0,0.0
iBsu1147,3.75,0.75,0.11285267347506904
iBsu1147,3.75,1.5,0.126804240250833
iBsu1147,3.75,2.25,0.1407558070265972
iBsu1147,3.75,3.0,0.15470737380236133
iBsu1147,3.75,3.75,0.16865894057812533
iBsu1147,3.75,4.5,0.18146464224970257
iBsu1147,3.75,5.25,0.19371886682480918
iBsu1147,3.75,6.0,0.20597309139991432
iBsu1147,3.75,6.75,0.2182273159750204
iBsu1147,3.75,7.5,0.23048154055013303
iBsu1147,3.75,8.25,0.2427357651252394
iBsu1147,3.75,9.0,0.25498998970034087
iBsu1147,3.75,9.75,0.26724421427545014
iBsu1147,3.75,10.5,0.27949843885055664
iBsu1147,3.75,11.25,0.29175266342566886
iBsu1147,3.75,12.0,0.302646899353763
iBsu1147,3.75,12.75,0.3026468993537609
iBsu1147,3.75,13.5,0.3026468993537609
iBsu1147,3.75,14.25,0.3026468993537609
iBsu1147,3.75,15.0,0.3026468993537609
iBsu1147,3.75,15.75,0.3026468993537609
iBsu1147,3.75,16.5,0.3026468993537609
iBsu1147,3.75,17.25,0.3026468993537609
iBsu1147,3.75,18.0,0.3026468993537609
iBsu1147,3.75,18.75,0.3026468993537609
iBsu1147,3.75,19.5,0.3026468993537609
iBsu1147,3.75,20.25,0.3026468993537609
iBsu1147,3.75,21.0,0.3026468993537609
iBsu1147,3.75,21.75,0.3026468993537609
iBsu1147,3.75,22.5,0.3026468993537609
iBsu1147,3.75,23.25,0.3026468993537609
iBsu1147,3.75,24.0,0.3026468993537609
iBsu1147,3.75,24.75,0.3026468993537609
iBsu1147,3.75,25.5,0.3026468993537609
iBsu1147,3.75,26.25,0.3026468993537609
iBsu1147,3.75,27.0,0.3026468993537609
iBsu1147,3.75,27.75,0.3026468993537609
iBsu1147,3.75,28.5,0.3026468993537609
iBsu1147,3.75,29.25,0.3026468993537609
iBsu1147,3.75,30.0,0.3026468993537609
iBsu1147,4.125,0.0,0.0
iBsu1147,4.125,0.75,0.12602915320773672
iBsu1147,4.125,1.5,0.13998071998350048
iBsu1147,4.125,2.25,0.15393228675926493
iBsu1147,4.125,3.0,0.1678838535350291
iBsu1147,4.125,3.75,0.18183542031079314
iBsu1147,4.125,4.5,0.19578698708655742
iBsu1147,4.125,5.25,0.20827075850774296
iBsu1147,4.125,6.0,0.22052498308284946
iBsu1147,4.125,6.75,0.2327792076579596
iBsu1147,4.125,7.5,0.2450334322330651
iBsu1147,4.125,8.25,0.25728765680817167
iBsu1147,4.125,9.0,0.269541881383278
iBsu1147,4.125,9.75,0.28179610595838445
iBsu1147,4.125,10.5,0.29405033053349083
iBsu1147,4.125,11.25,0.3063045551085973
iBsu1147,4.125,12.0,0.3185587796837038
iBsu1147,4.125,12.75,0.33081300425881005
iBsu1147,4.125,13.5,0.33530313017301844
iBsu1147,4.125,14.25,0.3353031301730178
iBsu1147,4.125,15.0,0.3353031301730178
iBsu1147,4.125,15.75,0.3353031301730178
iBsu1147,4.125,16.5,0.3353031301730178
iBsu1147,4.125,17.25,0.3353031301730178
iBsu1147,4.125,18.0,0.3353031301730178
iBsu1147,4.125,18.75,0.3353031301730178
iBsu1147,4.125,19.5,0.3353031301730178
iBsu1147,4.125,20.25,0.3353031301730178
iBsu1147,4.125,21.0,0.3353031301730178
iBsu1147,4.125,21.75,0.3353031301730178
iBsu1147,4.125,22.5,0.3353031301730178
iBsu1147,4.125,23.25,0.3353031301730178
iBsu1147,4.125,24.0,0.3353031301730178
iBsu1147,4.125,24.75,0.3353031301730178
iBsu1147,4.125,25.5,0.3353031301730178
iBsu1147,4.125,26.25,0.3353031301730178
iBsu1147,4.125,27.0,0.3353031301730178
iBsu1147,4.125,27.75,0.3353031301730178
iBsu1147,4.125,28.5,0.3353031301730178
iBsu1147,4.125,29.25,0.3353031301730178
iBsu1147,4.125,30.0,0.3353031301730178
iBsu1147,4.5,0.0,0.0
iBsu1147,4.5,0.75,0.13920563294040306
iBsu1147,4.5,1.5,0.15315719971616631
iBsu1147,4.5,2.25,0.16710876649193057
iBsu1147,4.5,3.0,0.18106033326769477
iBsu1147,4.5,3.75,0.195011900043459
iBsu1147,4.5,4.5,0.2089634668192229
iBsu1147,4.5,5.25,0.22282265019068723
iBsu1147,4.5,6.0,0.23507687476579275
iBsu1147,4.5,6.75,0.24733109934090125
iBsu1147,4.5,7.5,0.2595853239160056
iBsu1147,4.5,8.25,0.2718395484911124
iBsu1147,4.5,9.0,0.28409377306621886
iBsu1147,4.5,9.75,0.2963479976413255
iBsu1147,4.5,10.5,0.30860222221643174
iBsu1147,4.5,11.25,0.32085644679153813
iBsu1147,4.5,12.0,0.33311067136664463
iBsu1147,4.5,12.75,0.3453648959417516
iBsu1147,4.5,13.5,0.3576191205168579
iBsu1147,4.5,14.25,0.3679593609922728
iBsu1147,4.5,15.0,0.3679593609922719
iBsu1147,4.5,15.75,0.3679593609922719
iBsu1147,4.5,16.5,0.3679593609922719
iBsu1147,4.5,17.25,0.3679593609922719
iBsu1147,4.5,18.0,0.3679593609922719
iBsu1147,4.5,18.75,0.3679593609922719
iBsu1147,4.5,19.5,0.3679593609922719
iBsu1147,4.5,20.25,0.3679593609922719
iBsu1147,4.5,21.0,0.3679593609922719
iBsu1147,4.5,21.75,0.3679593609922719
iBsu1147,4.5,22.5,0.3679593609922719
iBsu1147,4.5,23.25,0.3679593609922719
iBsu1147,4.5,24.0,0.3679593609922719
iBsu1147,4.5,24.75,0.3679593609922719
iBsu1147,4.5,25.5,0.3679593609922719
iBsu1147,4.5,26.25,0.3679593609922719
iBsu1147,4.5,27.0,0.3679593609922719
iBsu1147,4.5,27.75,0.3679593609922719
iBsu1147,4.5,28.5,0.3679593609922719
iBsu1147,4.5,29.25,0.3679593609922719
iBsu1147,4.5,30.0,0.3679593609922719
iBsu1147,4.875,0.0,0.0
iBsu1147,4.875,0.75,0.15238211267306878
iBsu1147,4.875,1.5,0.16633367944883243
iBsu1147,4.875,2.25,0.18028524622459635
iBsu1147,4.875,3.0,0.19423681300036053
iBsu1147,4.875,3.75,0.20818837977612475
iBsu1147,4.875,4.5,0.2221399465518889
iBsu1147,4.875,5.25,0.23609151332765257
iBsu1147,4.875,6.0,0.2496287664487332
iBsu1147,4.875,6.75,0.2618829910238383
iBsu1147,4.875,7.5,0.2741372155989422
iBsu1147,4.875,8.25,0.2863914401740525
iBsu1147,4.875,9.0,0.29864566474915955
iBsu1147,4.875,9.75,0.31089988932426443
iBsu1147,4.875,10.5,0.3231541138993681
iBsu1147,4.875,11.25,0.3354083384744761
iBsu1147,4.875,12.0,0.3476625630495842
iBsu1147,4.875,12.75,0.35991678762468765
iBsu1147,4.875,13.5,0.37217101219979193
iBsu1147,4.875,14.25,0.3844252367748997
iBsu1147,4.875,15.0,0.3966794613500081
iBsu1147,4.875,15.75,0.40061559181151785
iBsu1147,4.875,16.5,0.4006155918115202
iBsu1147,4.875,17.25,0.4006155918115202
iBsu1147,4.875,18.0,0.4006155918115202
iBsu1147,4.875,18.75,0.4006155918115202
iBsu1147,4.875,19.5,0.4006155918115202
iBsu1147,4.875,20.25,0.4006155918115202
iBsu1147,4.875,21.0,0.4006155918115202
iBsu1147,4.875,21.75,0.4006155918115202
iBsu1147,4.875,22.5,0.4006155918115202
iBsu1147,4.875,23.25,0.4006155918115202
iBsu1147,4.875,24.0,0.4006155918115202
iBsu1147,4.875,24.75,0.4006155918115202
iBsu1147,4.875,25.5,0.4006155918115202
iBsu1147,4.875,26.25,0.4006155918115202
iBsu1147,4.875,27.0,0.4006155918115202
iBsu1147,4.875,27.75,0.4006155918115202
iBsu1147,4.875,28.5,0.4006155918115202
iBsu1147,4.875,29.25,0.4006155918115202
iBsu1147,4.875,30.0,0.4006155918115202
iBsu1147,5.25,0.0,0.0
iBsu1147,5.25,0.75,0.16555859240573553
iBsu1147,5.25,1.5,0.17951015918149857
iBsu1147,5.25,2.25,0.19346172595726258
iBsu1147,5.25,3.0,0.20741329273302678
iBsu1147,5.25,3.75,0.22136485950879098
iBsu1147,5.25,4.5,0.23531642628455474
iBsu1147,5.25,5.25,0.24926799306031905
iBsu1147,5.25,6.0,0.26321955983608325
iBsu1147,5.25,6.75,0.2764348827067772
iBsu1147,5.25,7.5,0.2886891072818837
iBsu1147,5.25,8.25,0.30094333185698985
iBsu1147,5.25,9.0,0.3131975564320978
iBsu1147,5.25,9.75,0.3254517810072081
iBsu1147,5.25,10.5,0.3377060055823133
iBsu1147,5.25,11.25,0.3499602301574128
iBsu1147,5.25,12.0,0.3622144547325188
iBsu1147,5.25,12.75,0.3744686793076357
iBsu1147,5.25,13.5,0.38672290388273584
iBsu1147,5.25,14.25,0.3989771284578351
iBsu1147,5.25,15.0,0.41123135303294167
iBsu1147,5.25,15.75,0.42348557760805833
iBsu1147,5.25,16.5,0.4332718226307811
iBsu1147,5.25,17.25,0.4332718226307782
iBsu1147,5.25,18.0,0.4332718226307782
iBsu1147,5.25,18.75,0.4332718226307782
iBsu1147,5.25,19.5,0.4332718226307782
iBsu1147,5.25,20.25,0.4332718226307782
iBsu1147,5.25,21.0,0.4332718226307782
iBsu1147,5.25,21.75,0.4332718226307782
iBsu1147,5.25,22.5,0.4332718226307782
iBsu1147,5.25,23.25,0.4332718226307782
iBsu1147,5.25,24.0,0.4332718226307782
iBsu1147,5.25,24.75,0.4332718226307782
iBsu1147,5.25,25.5,0.4332718226307782
iBsu1147,5.25,26.25,0.4332718226307782
iBsu1147,5.25,27.0,0.4332718226307782
iBsu1147,5.25,27.75,0.4332718226307782
iBsu1147,5.25,28.5,0.4332718226307782
iBsu1147,5.25,29.25,0.4332718226307782
iBsu1147,5.25,30.0,0.4332718226307782
iBsu1147,5.625,0.0,0.0
iBsu1147,5.625,0.75,0.1787350721384015
iBsu1147,5.625,1.5,0.19268663891416477
iBsu1147,5.625,2.25,0.20663820568992858
iBsu1147,5.625,3.0,0.22058977246569275
iBsu1147,5.625,3.75,0.2345413392414571
iBsu1147,5.625,4.5,0.24849290601722124
iBsu1147,5.625,5.25,0.2624444727929853
iBsu1147,5.625,6.0,0.2763960395687492
iBsu1147,5.625,6.75,0.2903476063445134
iBsu1147,5.625,7.5,0.3032409989648204
iBsu1147,5.625,8.25,0.3154952235399259
iBsu1147,5.625,9.0,0.3277494481150354
iBsu1147,5.625,9.75,0.3400036726901416
iBsu1147,5.625,10.5,0.35225789726524803
iBsu1147,5.625,11.25,0.3645121218403553
iBsu1147,5.625,12.0,0.37676634641546136
iBsu1147,5.625,12.75,0.3890205709905678
iBsu1147,5.625,13.5,0.4012747955656738
iBsu1147,5.625,14.25,0.41352902014078236
iBsu1147,5.625,15.0,0.4257832447158875
iBsu1147,5.625,15.75,0.4380374692909924
iBsu1147,5.625,16.5,0.4502916938660987
iBsu1147,5.625,17.25,0.4625459184412039
iBsu1147,5.625,18.0,0.465928053450034
iBsu1147,5.625,18.75,0.4659280534500326
iBsu1147,5.625,19.5,0.4659280534500326
iBsu1147,5.625,20.25,0.4659280534500326
iBsu1147,5.625,21.0,0.4659280534500326
iBsu1147,5.625,21.75,0.4659280534500326
iBsu1147,5.625,22.5,0.4659280534500326
iBsu1147,5.625,23.25,0.4659280534500326
iBsu1147,5.625,24.0,0.4659280534500326
iBsu1147,5.625,24.75,0.4659280534500326
iBsu1147,5.625,25.5,0.4659280534500326
iBsu1147,5.625,26.25,0.4659280534500326
iBsu1147,5.625,27.0,0.4659280534500326
iBsu1147,5.625,27.75,0.4659280534500326
iBsu1147,5.625,28.5,0.4659280534500326
iBsu1147,5.625,29.25,0.4659280534500326
iBsu1147,5.625,30.0,0.4659280534500326
iBsu1147,6.0,0.0,0.0
iBsu1147,6.0,0.75,0.19191155187106546
iBsu1147,6.0,1.5,0.20586311864683157
iBsu1147,6.0,2.25,0.21981468542259555
iBsu1147,6.0,3.0,0.23376625219836
iBsu1147,6.0,3.75,0.24771781897412384
iBsu1147,6.0,4.5,0.2616693857498878
iBsu1147,6.0,5.25,0.2756209525256524
iBsu1147,6.0,6.0,0.28957251930141625
iBsu1147,6.0,6.75,0.3035240860771807
iBsu1147,6.0,7.5,0.3174756528529449
iBsu1147,6.0,8.25,0.3300471152228676
iBsu1147,6.0,9.0,0.3423013397979724
iBsu1147,6.0,9.75,0.3545555643730813
iBsu1147,6.0,10.5,0.3668097889481844
iBsu1147,6.0,11.25,0.3790640135232962
iBsu1147,6.0,12.0,0.39131823809841276
iBsu1147,6.0,12.75,0.4035724626735117
iBsu1147,6.0,13.5,0.4158266872486195
iBsu1147,6.0,14.25,0.42808091182372454
iBsu1147,6.0,15.0,0.44033513639883365
iBsu1147,6.0,15.75,0.45258936097392855
iBsu1147,6.0,16.5,0.4648435855490465
iBsu1147,6.0,17.25,0.4770978101241536
iBsu1147,6.0,18.0,0.489352034699239
iBsu1147,6.0,18.75,0.4985842842692883
iBsu1147,6.0,19.5,0.49858428426928697
iBsu1147,6.0,20.25,0.49858428426928697
iBsu1147,6.0,21.0,0.49858428426928697
iBsu1147,6.0,21.75,0.49858428426928697
iBsu1147,6.0,22.5,0.49858428426928697
iBsu1147,6.0,23.25,0.49858428426928697
iBsu1147,6.0,24.0,0.49858428426928697
iBsu1147,6.0,24.75,0.49858428426928697
iBsu1147,6.0,25.5,0.49858428426928697
iBsu1147,6.0,26.25,0.49858428426928697
iBsu1147,6.0,27.0,0.49858428426928697
iBsu1147,6.0,27.75,0.49858428426928697
iBsu1147,6.0,28.5,0.49858428426928697
iBsu1147,6.0,29.25,0.49858428426928697
iBsu1147,6.0,30.0,0.49858428426928697
iBsu1147,6.375,0.0,0.0
iBsu1147,6.375,0.75,0.20508803160373276
iBsu1147,6.375,1.5,0.21903959837949716
iBsu1147,6.375,2.25,0.23299116515526164
iBsu1147,6.375,3.0,0.24694273193102748
iBsu1147,6.375,3.75,0.2608942987067919
iBsu1147,6.375,4.5,0.2748458654825557
iBsu1147,6.375,5.25,0.28879743225832016
iBsu1147,6.375,6.0,0.302748999034084
iBsu1147,6.375,6.75,0.31670056580984846
iBsu1147,6.375,7.5,0.33065213258561293
iBsu1147,6.375,8.25,0.34459900690580547
iBsu1147,6.375,9.0,0.35685323148091286
iBsu1147,6.375,9.75,0.36910745605601525
iBsu1147,6.375,10.5,0.381361680631126
iBsu1147,6.375,11.25,0.3936159052062312
iBsu1147,6.375,12.0,0.40587012978133863
iBsu1147,6.375,12.75,0.41812435435644707
iBsu1147,6.375,13.5,0.4303785789315538
iBsu1147,6.375,14.25,0.44263280350665996
iBsu1147,6.375,15.0,0.45488702808176656
iBsu1147,6.375,15.75,0.4671412526568733
iBsu1147,6.375,16.5,0.47939547723197934
iBsu1147,6.375,17.25,0.4916497018070856
iBsu1147,6.375,18.0,0.5039039263821923
iBsu1147,6.375,18.75,0.5161581509572984
iBsu1147,6.375,19.5,0.5284123755324064
iBsu1147,6.375,20.25,0.5312405150885428
iBsu1147,6.375,21.0,0.5312405150885412
iBsu1147,6.375,21.75,0.5312405150885412
iBsu1147,6.375,22.5,0.5312405150885412
iBsu1147,6.375,23.25,0.5312405150885412
iBsu1147,6.375,24.0,0.5312405150885412
iBsu1147,6.375,24.75,0.5312405150885412
iBsu1147,6.375,25.5,0.5312405150885412
iBsu1147,6.375,26.25,0.5312405150885412
iBsu1147,6.375,27.0,0.5312405150885412
iBsu1147,6.375,27.75,0.5312405150885412
iBsu1147,6.375,28.5,0.5312405150885412
iBsu1147,6.375,29.25,0.5312405150885412
iBsu1147,6.375,30.0,0.5312405150885412
iBsu1147,6.75,0.0,0.0
iBsu1147,6.75,0.75,0.21826451133639865
iBsu1147,6.75,1.5,0.23221607811216277
iBsu1147,6.75,2.25,0.24616764488792692
iBsu1147,6.75,3.0,0.260119211663691
iBsu1147,6.75,3.75,0.27407077843945515
iBsu1147,6.75,4.5,0.2880223452152193
iBsu1147,6.75,5.25,0.3019739119909834
iBsu1147,6.75,6.0,0.31592547876674754
iBsu1147,6.75,6.75,0.3298770455425116
iBsu1147,6.75,7.5,0.3438286123182758
iBsu1147,6.75,8.25,0.35778017909403986
iBsu1147,6.75,9.0,0.3714051231638556
iBsu1147,6.75,9.75,0.3836593477389599
iBsu1147,6.75,10.5,0.3959135723140673
iBsu1147,6.75,11.25,0.4081677968891753
iBsu1147,6.75,12.0,0.42042202146428104
iBsu1147,6.75,12.75,0.4326762460393863
iBsu1147,6.75,13.5,0.44493047061449187
iBsu1147,6.75,14.25,0.45718469518960003
iBsu1147,6.75,15.0,0.4694389197647065
iBsu1147,6.75,15.75,0.48169314433981114
iBsu1147,6.75,16.5,0.4939473689149201
iBsu1147,6.75,17.25,0.5062015934900269
iBsu1147,6.75,18.0,0.5184558180651333
iBsu1147,6.75,18.75,0.5307100426402399
iBsu1147,6.75,19.5,0.5429642672153445
iBsu1147,6.75,20.25,0.5552184917904512
iBsu1147,6.75,21.0,0.5638967459077974
iBsu1147,6.75,21.75,0.5638967459077977
iBsu1147,6.75,22.5,0.5638967459077977
iBsu1147,6.75,23.25,0.5638967459077977
iBsu1147,6.75,24.0,0.5638967459077977
iBsu1147,6.75,24.75,0.5638967459077977
iBsu1147,6.75,25.5,0.5638967459077977
iBsu1147,6.75,26.25,0.5638967459077977
iBsu1147,6.75,27.0,0.5638967459077977
iBsu1147,6.75,27.75,0.5638967459077977
iBsu1147,6.75,28.5,0.5638967459077977
iBsu1147,6.75,29.25,0.5638967459077977
iBsu1147,6.75,30.0,0.5638967459077977
iBsu1147,7.125,0.0,0.0
iBsu1147,7.125,0.75,0.23144099106906585
iBsu1147,7.125,1.5,0.24539255784483038
iBsu1147,7.125,2.25,0.25934412462059336
iBsu1147,7.125,3.0,0.2732956913963578
iBsu1147,7.125,3.75,0.28724725817212216
iBsu1147,7.125,4.5,0.3011988249478866
iBsu1147,7.125,5.25,0.31515039172365095
iBsu1147,7.125,6.0,0.32910195849941465
iBsu1147,7.125,6.75,0.3430535252751784
iBsu1147,7.125,7.5,0.3570050920509428
iBsu1147,7.125,8.25,0.3709566588267072
iBsu1147,7.125,9.0,0.3849082256024709
iBsu1147,7.125,9.75,0.39821123942189013
iBsu1147,7.125,10.5,0.41046546399699596
iBsu1147,7.125,11.25,0.4227196885721022
iBsu1147,7.125,12.0,0.43497391314720996
iBsu1147,7.125,12.75,0.4472281377223172
iBsu1147,7.125,13.5,0.4594823622974196
iBsu1147,7.125,14.25,0.4717365868725275
iBsu1147,7.125,15.0,0.48399081144763334
iBsu1147,7.125,15.75,0.49624503602274195
iBsu1147,7.125,16.5,0.5084992605978498
iBsu1147,7.125,17.25,0.5207534851729548
iBsu1147,7.125,18.0,0.5330077097480642
iBsu1147,7.125,18.75,0.5452619343231702
iBsu1147,7.125,19.5,0.557516158898273
iBsu1147,7.125,20.25,0.5697703834733852
iBsu1147,7.125,21.0,0.5820246080484943
iBsu1147,7.125,21.75,0.5942788326235968
iBsu1147,7.125,22.5,0.5965529767270521
iBsu1147,7.125,23.25,0.5965529767270518
iBsu1147,7.125,24.0,0.5965529767270518
iBsu1147,7.125,24.75,0.5965529767270518
iBsu1147,7.125,25.5,0.5965529767270518
iBsu1147,7.125,26.25,0.5965529767270518
iBsu1147,7.125,27.0,0.5965529767270518
iBsu1147,7.125,27.75,0.5965529767270518
iBsu1147,7.125,28.5,0.5965529767270518
iBsu1147,7.125,29.25,0.5965529767270518
iBsu1147,7.125,30.0,0.5965529767270518
iBsu1147,7.5,0.0,0.0
iBsu1147,7.5,0.75,0.24461747080172988
iBsu1147,7.5,1.5,0.2585690375774954
iBsu1147,7.5,2.25,0.2725206043532596
iBsu1147,7.5,3.0,0.28647217112902384
iBsu1147,7.5,3.75,0.300423737904788
iBsu1147,7.5,4.5,0.3143753046805516
iBsu1147,7.5,5.25,0.3283268714563159
iBsu1147,7.5,6.0,0.3422784382320802
iBsu1147,7.5,6.75,0.3562300050078443
iBsu1147,7.5,7.5,0.37018157178360866
iBsu1147,7.5,8.25,0.3841331385593726
iBsu1147,7.5,9.0,0.3980847053351365
iBsu1147,7.5,9.75,0.4120362721109012
iBsu1147,7.5,10.5,0.4250173556799433
iBsu1147,7.5,11.25,0.4372715802550489
iBsu1147,7.5,12.0,0.4495258048301557
iBsu1147,7.5,12.75,0.4617800294052718
iBsu1147,7.5,13.5,0.47403425398036586
iBsu1147,7.5,14.25,0.48628847855546997
iBsu1147,7.5,15.0,0.4985427031305756
iBsu1147,7.5,15.75,0.5107969277056851
iBsu1147,7.5,16.5,0.5230511522807956
iBsu1147,7.5,17.25,0.535305376855897
iBsu1147,7.5,18.0,0.5475596014310039
iBsu1147,7.5,18.75,0.559813826006112
iBsu1147,7.5,19.5,0.5720680505812172
iBsu1147,7.5,20.25,0.5843222751563238
iBsu1147,7.5,21.0,0.5965764997314391
iBsu1147,7.5,21.75,0.6088307243065391
iBsu1147,7.5,22.5,0.6210849488816436
iBsu1147,7.5,23.25,0.6215395660754843
iBsu1147,7.5,24.0,0.6215395660754781
iBsu1147,7.5,24.75,0.6215395660754882
iBsu1147,7.5,25.5,0.6215395660754882
iBsu1147,7.5,26.25,0.6215395660754882
iBsu1147,7.5,27.0,0.6215395660754882
iBsu1147,7.5,27.75,0.6215395660754882
iBsu1147,7.5,28.5,0.6215395660754882
iBsu1147,7.5,29.25,0.6215395660754882
iBsu1147,7.5,30.0,0.6215395660754882
iBsu1147,7.875,0.0,0.0
iBsu1147,7.875,0.75,0.2577939505343974
iBsu1147,7.875,1.5,0.27174551731016244
iBsu1147,7.875,2.25,0.28569708408592664
iBsu1147,7.875,3.0,0.29964865086169057
iBsu1147,7.875,3.75,0.31360021763745505
iBsu1147,7.875,4.5,0.3275517844132191
iBsu1147,7.875,5.25,0.3415033511889828
iBsu1147,7.875,6.0,0.355454917964747
iBsu1147,7.875,6.75,0.36940648474051124
iBsu1147,7.875,7.5,0.38335805151627544
iBsu1147,7.875,8.25,0.3973096182920395
iBsu1147,7.875,9.0,0.4112611850678041
iBsu1147,7.875,9.75,0.42521275184356794
iBsu1147,7.875,10.5,0.4391643186193321
iBsu1147,7.875,11.25,0.4518234719379906
iBsu1147,7.875,12.0,0.4640776965130922
iBsu1147,7.875,12.75,0.4763319210881997
iBsu1147,7.875,13.5,0.488586145663308
iBsu1147,7.875,14.25,0.5008403702384122
iBsu1147,7.875,15.0,0.5130945948135198
iBsu1147,7.875,15.75,0.5253488193886252
iBsu1147,7.875,16.5,0.5376030439637328
iBsu1147,7.875,17.25,0.5498572685388384
iBsu1147,7.875,18.0,0.5621114931139441
iBsu1147,7.875,18.75,0.574365717689052
iBsu1147,7.875,19.5,0.5866199422641575
iBsu1147,7.875,20.25,0.5988741668392655
iBsu1147,7.875,21.0,0.6111283914143706
iBsu1147,7.875,21.75,0.6215395660754749
iBsu1147,7.875,22.5,0.6215395660754854
iBsu1147,7.875,23.25,0.6215395660754884
iBsu1147,7.875,24.0,0.6215395660754706
iBsu1147,7.875,24.75,0.6215395660754732
iBsu1147,7.875,25.5,0.6215395660754832
iBsu1147,7.875,26.25,0.6215395660754832
iBsu1147,7.875,27.0,0.6215395660754832
iBsu1147,7.875,27.75,0.6215395660754832
iBsu1147,7.875,28.5,0.6215395660754832
iBsu1147,7.875,29.25,0.6215395660754832
iBsu1147,7.875,30.0,0.6215395660754832
iBsu1147,8.25,0.0,0.0
iBsu1147,8.25,0.75,0.27097043026706424
iBsu1147,8.25,1.5,0.2849219970428278
iBsu1147,8.25,2.25,0.2988735638185919
iBsu1147,8.25,3.0,0.31282513059435607
iBsu1147,8.25,3.75,0.3267766973701202
iBsu1147,8.25,4.5,0.3407282641458843
iBsu1147,8.25,5.25,0.3546798309216485
iBsu1147,8.25,6.0,0.36863139769741265
iBsu1147,8.25,6.75,0.38258296447317675
iBsu1147,8.25,7.5,0.39653453124894095
iBsu1147,8.25,8.25,0.41048609802470504
iBsu1147,8.25,9.0,0.4244376648004692
iBsu1147,8.25,9.75,0.4383892315762334
iBsu1147,8.25,10.5,0.4523407983519975
iBsu1147,8.25,11.25,0.4662923651277616
iBsu1147,8.25,12.0,0.47862958819603196
iBsu1147,8.25,12.75,0.49088381277113907
iBsu1147,8.25,13.5,0.5031380373462457
iBsu1147,8.25,14.25,0.5153922619213566
iBsu1147,8.25,15.0,0.5276464864964666
iBsu1147,8.25,15.75,0.5399007110715716
iBsu1147,8.25,16.5,0.5521549356466804
iBsu1147,8.25,17.25,0.5644091602217859
iBsu1147,8.25,18.0,0.5766633847968905
iBsu1147,8.25,18.75,0.5889176093720007
iBsu1147,8.25,19.5,0.6011718339471038
iBsu1147,8.25,20.25,0.6134260585222048
iBsu1147,8.25,21.0,0.62153956607548
iBsu1147,8.25,21.75,0.6215395660754806
iBsu1147,8.25,22.5,0.6215395660754806
iBsu1147,8.25,23.25,0.6215395660754884
iBsu1147,8.25,24.0,0.6215395660754803
iBsu1147,8.25,24.75,0.6215395660754803
iBsu1147,8.25,25.5,0.6215395660754761
iBsu1147,8.25,26.25,0.6215395660754829
iBsu1147,8.25,27.0,0.6215395660754829
iBsu1147,8.25,27.75,0.6215395660754829
iBsu1147,8.25,28.5,0.6215395660754829
iBsu1147,8.25,29.25,0.6215395660754829
iBsu1147,8.25,30.0,0.6215395660754829
iBsu1147,8.625,0.0,0.0
iBsu1147,8.625,0.75,0.284146909999729
iBsu1147,8.625,1.5,0.29809847677549395
iBsu1147,8.625,2.25,0.3120500435512585
iBsu1147,8.625,3.0,0.3260016103270231
iBsu1147,8.625,3.75,0.33995317710278644
iBsu1147,8.625,4.5,0.3539047438785506
iBsu1147,8.625,5.25,0.3678563106543155
iBsu1147,8.625,6.0,0.38180787743007966
iBsu1147,8.625,6.75,0.3957594442058431
iBsu1147,8.625,7.5,0.4097110109816076
iBsu1147,8.625,8.25,0.4236625777573718
iBsu1147,8.625,9.0,0.4376141445331356
iBsu1147,8.625,9.75,0.4515657113089001
iBsu1147,8.625,10.5,0.46551727808466425
iBsu1147,8.625,11.25,0.47946884486042884
iBsu1147,8.625,12.0,0.493181479878971
iBsu1147,8.625,12.75,0.5054357044540784
iBsu1147,8.625,13.5,0.5176899290291858
iBsu1147,8.625,14.25,0.5299441536042901
iBsu1147,8.625,15.0,0.5421983781793954
iBsu1147,8.625,15.75,0.554452602754502
iBsu1147,8.625,16.5,0.5667068273296084
iBsu1147,8.625,17.25,0.5789610519047148
iBsu1147,8.625,18.0,0.5912152764798212
iBsu1147,8.625,18.75,0.6034695010549277
iBsu1147,8.625,19.5,0.615723725630034
iBsu1147,8.625,20.25,0.621539566075478
iBsu1147,8.625,21.0,0.621539566075484
iBsu1147,8.625,21.75,0.6215395660754841
iBsu1147,8.625,22.5,0.6215395660754841
iBsu1147,8.625,23.25,0.6215395660754743
iBsu1147,8.625,24.0,0.6215395660754832
iBsu1147,8.625,24.75,0.6215395660754831
iBsu1147,8.625,25.5,0.6215395660754752
iBsu1147,8.625,26.25,0.6215395660754917
iBsu1147,8.625,27.0,0.6215395660754917
iBsu1147,8.625,27.75,0.6215395660754917
iBsu1147,8.625,28.5,0.6215395660754917
iBsu1147,8.625,29.25,0.6215395660754917
iBsu1147,8.625,30.0,0.6215395660754917
iBsu1147,9.0,0.0,0.0
iBsu1147,9.0,0.75,0.29732338973239514
iBsu1147,9.0,1.5,0.3112749565081619
iBsu1147,9.0,2.25,0.32522652328392593
iBsu1147,9.0,3.0,0.3391780900596906
iBsu1147,9.0,3.75,0.35312965683545405
iBsu1147,9.0,4.5,0.3670812236112189
iBsu1147,9.0,5.25,0.3810327903869831
iBsu1147,9.0,6.0,0.3949843571627468
iBsu1147,9.0,6.75,0.4089359239385115
iBsu1147,9.0,7.5,0.42288749071427567
iBsu1147,9.0,8.25,0.4368390574900395
iBsu1147,9.0,9.0,0.45079062426580435
iBsu1147,9.0,9.75,0.46474219104156894
iBsu1147,9.0,10.5,0.47869375781733264
iBsu1147,9.0,11.25,0.4926453245930969
iBsu1147,9.0,12.0,0.5065968913688613
iBsu1147,9.0,12.75,0.5199875961370191
iBsu1147,9.0,13.5,0.5322418207121311
iBsu1147,9.0,14.25,0.5444960452872389
iBsu1147,9.0,15.0,0.5567502698623469
iBsu1147,9.0,15.75,0.5690044944374174
iBsu1147,9.0,16.5,0.5812587190125607
iBsu1147,9.0,17.25,0.5935129435876668
iBsu1147,9.0,18.0,0.6057671681627725
iBsu1147,9.0,18.75,0.6180213927378768
iBsu1147,9.0,19.5,0.6215395660754772
iBsu1147,9.0,20.25,0.6215395660754834
iBsu1147,9.0,21.0,0.6215395660754834
iBsu1147,9.0,21.75,0.6215395660754834
iBsu1147,9.0,22.5,0.6215395660754834
iBsu1147,9.0,23.25,0.6215395660754814
iBsu1147,9.0,24.0,0.6215395660754826
iBsu1147,9.0,24.75,0.6215395660754839
iBsu1147,9.0,25.5,0.6215395660754778
iBsu1147,9.0,26.25,0.6215395660754774
iBsu1147,9.0,27.0,0.6215395660754774
iBsu1147,9.0,27.75,0.6215395660754774
iBsu1147,9.0,28.5,0.6215395660754774
iBsu1147,9.0,29.25,0.6215395660754774
iBsu1147,9.0,30.0,0.6215395660754774
iBsu1147,9.375,0.0,0.0
iBsu1147,9.375,0.75,0.31049986946506325
iBsu1147,9.375,1.5,0.324451436240828
iBsu1147,9.375,2.25,0.3384030030165923
iBsu1147,9.375,3.0,0.3523545697923565
iBsu1147,9.375,3.75,0.36630613656812083
iBsu1147,9.375,4.5,0.3802577033438853
iBsu1147,9.375,5.25,0.3942092701196492
iBsu1147,9.375,6.0,0.4081608368954134
iBsu1147,9.375,6.75,0.4221124036711777
iBsu1147,9.375,7.5,0.4360639704469418
iBsu1147,9.375,8.25,0.45001553722270615
iBsu1147,9.375,9.0,0.46396710399847024
iBsu1147,9.375,9.75,0.4779186707742341
iBsu1147,9.375,10.5,0.49187023754999865
iBsu1147,9.375,11.25,0.505821804325763
iBsu1147,9.375,12.0,0.5197733711015272
iBsu1147,9.375,12.75,0.5337249378772916
iBsu1147,9.375,13.5,0.5467937123950833
iBsu1147,9.375,14.25,0.5590479369701853
iBsu1147,9.375,15.0,0.5713021615452873
iBsu1147,9.375,15.75,0.5835563861203842
iBsu1147,9.375,16.5,0.5958106106954888
iBsu1147,9.375,17.25,0.6080648352705927
iBsu1147,9.375,18.0,0.6203190598457056
iBsu1147,9.375,18.75,0.6215395660754767
iBsu1147,9.375,19.5,0.6215395660754739
iBsu1147,9.375,20.25,0.6215395660754798
iBsu1147,9.375,21.0,0.6215395660754832
iBsu1147,9.375,21.75,0.6215395660754839
iBsu1147,9.375,22.5,0.6215395660754839
iBsu1147,9.375,23.25,0.6215395660754716
iBsu1147,9.375,24.0,0.6215395660754721
iBsu1147,9.375,24.75,0.6215395660754721
iBsu1147,9.375,25.5,0.6215395660754721
iBsu1147,9.375,26.25,0.6215395660754721
iBsu1147,9.375,27.0,0.6215395660754721
iBsu1147,9.375,27.75,0.6215395660754721
iBsu1147,9.375,28.5,0.6215395660754721
iBsu1147,9.375,29.25,0.6215395660754721
iBsu1147,9.375,30.0,0.6215395660754721
iBsu1147,9.75,0.0,0.0
iBsu1147,9.75,0.75,0.32367634919772886
iBsu1147,9.75,1.5,0.33762791597349134
iBsu1147,9.75,2.25,0.35157948274925543
iBsu1147,9.75,3.0,0.3655310495250196
iBsu1147,9.75,3.75,0.37948261630078367
iBsu1147,9.75,4.5,0.39343418307654787
iBsu1147,9.75,5.25,0.40738574985231196
iBsu1147,9.75,6.0,0.42133731662807605
iBsu1147,9.75,6.75,0.4352888834038402
iBsu1147,9.75,7.5,0.44924045017960423
iBsu1147,9.75,8.25,0.46319201695536844
iBsu1147,9.75,9.0,0.47714358373113247
iBsu1147,9.75,9.75,0.49109515050689656
iBsu1147,9.75,10.5,0.5050467172826607
iBsu1147,9.75,11.25,0.5189982840584249
iBsu1147,9.75,12.0,0.532949850834189
iBsu1147,9.75,12.75,0.546901417609953
iBsu1147,9.75,13.5,0.5608529843857172
iBsu1147,9.75,14.25,0.5735998286531065
iBsu1147,9.75,15.0,0.585854053228213
iBsu1147,9.75,15.75,0.5981082778033109
iBsu1147,9.75,16.5,0.6103625023784262
iBsu1147,9.75,17.25,0.6215395660754833
iBsu1147,9.75,18.0,0.6215395660754875
iBsu1147,9.75,18.75,0.6215395660754877
iBsu1147,9.75,19.5,0.6215395660754874
iBsu1147,9.75,20.25,0.6215395660754875
iBsu1147,9.75,21.0,0.6215395660754877
iBsu1147,9.75,21.75,0.6215395660754874
iBsu1147,9.75,22.5,0.6215395660754875
iBsu1147,9.75,23.25,0.6215395660754821
iBsu1147,9.75,24.0,0.6215395660754753
iBsu1147,9.75,24.75,0.6215395660754748
iBsu1147,9.75,25.5,0.6215395660754812
iBsu1147,9.75,26.25,0.6215395660754801
iBsu1147,9.75,27.0,0.6215395660754801
iBsu1147,9.75,27.75,0.6215395660754801
iBsu1147,9.75,28.5,0.6215395660754801
iBsu1147,9.75,29.25,0.6215395660754801
iBsu1147,9.75,30.0,0.6215395660754801
iBsu1147,10.125,0.0,0.0
iBsu1147,10.125,0.75,0.33685282893039437
iBsu1147,10.125,1.5,0.35080439570615646
iBsu1147,10.125,2.25,0.3647559624819205
iBsu1147,10.125,3.0,0.3787075292576846
iBsu1147,10.125,3.75,0.3926590960334487
iBsu1147,10.125,4.5,0.4066106628092127
iBsu1147,10.125,5.25,0.42056222958497674
iBsu1147,10.125,6.0,0.4345137963607409
iBsu1147,10.125,6.75,0.4484653631365049
iBsu1147,10.125,7.5,0.46241692991226896
iBsu1147,10.125,8.25,0.4763684966880331
iBsu1147,10.125,9.0,0.49032006346379714
iBsu1147,10.125,9.75,0.5042716302395611
iBsu1147,10.125,10.5,0.5182231970153253
iBsu1147,10.125,11.25,0.5321747637910893
iBsu1147,10.125,12.0,0.5461263305668533
iBsu1147,10.125,12.75,0.5600778973426175
iBsu1147,10.125,13.5,0.5740294641183815
iBsu1147,10.125,14.25,0.5879810308941456
iBsu1147,10.125,15.0,0.6004059449111531
iBsu1147,10.125,15.75,0.6126601694862603
iBsu1147,10.125,16.5,0.6215395660754629
iBsu1147,10.125,17.25,0.621539566075486
iBsu1147,10.125,18.0,0.621539566075484
iBsu1147,10.125,18.75,0.6215395660754826
iBsu1147,10.125,19.5,0.6215395660754818
iBsu1147,10.125,20.25,0.62153956607548
iBsu1147,10.125,21.0,0.6215395660754834
iBsu1147,10.125,21.75,0.6215395660754817
iBsu1147,10.125,22.5,0.6215395660754812
iBsu1147,10.125,23.25,0.621539566075425
iBsu1147,10.125,24.0,0.6215395660754912
iBsu1147,10.125,24.75,0.6215395660754774
iBsu1147,10.125,25.5,0.6215395660754817
iBsu1147,10.125,26.25,0.6215395660754817
iBsu1147,10.125,27.0,0.6215395660754817
iBsu1147,10.125,27.75,0.6215395660754817
iBsu1147,10.125,28.5,0.6215395660754817
iBsu1147,10.125,29.25,0.6215395660754817
iBsu1147,10.125,30.0,0.6215395660754817
iBsu1147,10.5,0.0,0.0
iBsu1147,10.5,0.75,0.35002930866306053
iBsu1147,10.5,1.5,0.36398087543882257
iBsu1147,10.5,2.25,0.3779324422145867
iBsu1147,10.5,3.0,0.3918840089903509
iBsu1147,10.5,3.75,0.40583557576611506
iBsu1147,10.5,4.5,0.4197871425418798
iBsu1147,10.5,5.25,0.4337387093176439
iBsu1147,10.5,6.0,0.4476902760934084
iBsu1147,10.5,6.75,0.46164184286917254
iBsu1147,10.5,7.5,0.47559340964493674
iBsu1147,10.5,8.25,0.4895449764207009
iBsu1147,10.5,9.0,0.503496543196465
iBsu1147,10.5,9.75,0.5174481099722292
iBsu1147,10.5,10.5,0.5313996767479934
iBsu1147,10.5,11.25,0.5453512435237575
iBsu1147,10.5,12.0,0.5593028102995217
iBsu1147,10.5,12.75,0.5732543770752856
iBsu1147,10.5,13.5,0.5872059438510497
iBsu1147,10.5,14.25,0.601157510626814
iBsu1147,10.5,15.0,0.6149578365940942
iBsu1147,10.5,15.75,0.6215395660754796
iBsu1147,10.5,16.5,0.621539566075486
iBsu1147,10.5,17.25,0.6215395660754811
iBsu1147,10.5,18.0,0.6215395660754798
iBsu1147,10.5,18.75,0.6215395660754783
iBsu1147,10.5,19.5,0.621539566075477
iBsu1147,10.5,20.25,0.6215395660754801
iBsu1147,10.5,21.0,0.6215395660754786
iBsu1147,10.5,21.75,0.6215395660754774
iBsu1147,10.5,22.5,0.6215395660754761
iBsu1147,10.5,23.25,0.6215395660754882
iBsu1147,10.5,24.0,0.6215395660754839
iBsu1147,10.5,24.75,0.6215395660754839
iBsu1147,10.5,25.5,0.6215395660754839
iBsu1147,10.5,26.25,0.6215395660754839
iBsu1147,10.5,27.0,0.6215395660754839
iBsu1147,10.5,27.75,0.6215395660754839
iBsu1147,10.5,28.5,0.6215395660754839
iBsu1147,10.5,29.25,0.6215395660754839
iBsu1147,10.5,30.0,0.6215395660754839
iBsu1147,10.875,0.0,0.0
iBsu1147,10.875,0.75,0.3632057883957284
iBsu1147,10.875,1.5,0.37715735517149196
iBsu1147,10.875,2.25,0.39110892194725616
iBsu1147,10.875,3.0,0.4050604887230203
iBsu1147,10.875,3.75,0.41901205549878456
iBsu1147,10.875,4.5,0.4329636222745487
iBsu1147,10.875,5.25,0.44691518905031286
iBsu1147,10.875,6.0,0.4608667558260771
iBsu1147,10.875,6.75,0.47481832260184126
iBsu1147,10.875,7.5,0.48876988937760546
iBsu1147,10.875,8.25,0.5027214561533697
iBsu1147,10.875,9.0,0.5166730229291339
iBsu1147,10.875,9.75,0.5306245897048981
iBsu1147,10.875,10.5,0.5445761564806623
iBsu1147,10.875,11.25,0.5585277232564264
iBsu1147,10.875,12.0,0.5724792900321907
iBsu1147,10.875,12.75,0.5864308568079548
iBsu1147,10.875,13.5,0.600382423583719
iBsu1147,10.875,14.25,0.6143339903594832
iBsu1147,10.875,15.0,0.6215395660754729
iBsu1147,10.875,15.75,0.6215395660754929
iBsu1147,10.875,16.5,0.6215395660754952
iBsu1147,10.875,17.25,0.6215395660754952
iBsu1147,10.875,18.0,0.6215395660754952
iBsu1147,10.875,18.75,0.6215395660754952
iBsu1147,10.875,19.5,0.6215395660754952
iBsu1147,10.875,20.25,0.6215395660754952
iBsu1147,10.875,21.0,0.6215395660754952
iBsu1147,10.875,21.75,0.6215395660754952
iBsu1147,10.875,22.5,0.6215395660754952
iBsu1147,10.875,23.25,0.6215395660754952
iBsu1147,10.875,24.0,0.6215395660754952
iBsu1147,10.875,24.75,0.6215395660754952
iBsu1147,10.875,25.5,0.6215395660754952
iBsu1147,10.875,26.25,0.6215395660754952
iBsu1147,10.875,27.0,0.6215395660754952
iBsu1147,10.875,27.75,0.6215395660754952
iBsu1147,10.875,28.5,0.6215395660754952
iBsu1147,10.875,29.25,0.6215395660754952
iBsu1147,10.875,30.0,0.6215395660754952
iBsu1147,11.25,0.0,0.0
iBsu1147,11.25,0.75,0.3763822681283942
iBsu1147,11.25,1.5,0.3903338349041518
iBsu1147,11.25,2.25,0.4042854016799194
iBsu1147,11.25,3.0,0.4182369684556844
iBsu1147,11.25,3.75,0.4321885352314436
iBsu1147,11.25,4.5,0.4461401020072129
iBsu1147,11.25,5.25,0.4600916687829754
iBsu1147,11.25,6.0,0.47404323555873634
iBsu1147,11.25,6.75,0.48799480233450554
iBsu1147,11.25,7.5,0.5019463691102672
iBsu1147,11.25,8.25,0.5158979358860327
iBsu1147,11.25,9.0,0.5298495026617953
iBsu1147,11.25,9.75,0.5438010694375608
iBsu1147,11.25,10.5,0.5577526362133225
iBsu1147,11.25,11.25,0.5717042029890851
iBsu1147,11.25,12.0,0.5856557697648563
iBsu1147,11.25,12.75,0.5996073365406173
iBsu1147,11.25,13.5,0.613558903316379
iBsu1147,11.25,14.25,0.6215395660754796
iBsu1147,11.25,15.0,0.6215395660754744
iBsu1147,11.25,15.75,0.6215395660755046
iBsu1147,11.25,16.5,0.6215395660754828
iBsu1147,11.25,17.25,0.6215395660754828
iBsu1147,11.25,18.0,0.6215395660754828
iBsu1147,11.25,18.75,0.6215395660754828
iBsu1147,11.25,19.5,0.6215395660754828
iBsu1147,11.25,20.25,0.6215395660754828
iBsu1147,11.25,21.0,0.6215395660754828
iBsu1147,11.25,21.75,0.6215395660754828
iBsu1147,11.25,22.5,0.6215395660754828
iBsu1147,11.25,23.25,0.6215395660754828
iBsu1147,11.25,24.0,0.6215395660754828
iBsu1147,11.25,24.75,0.6215395660754828
iBsu1147,11.25,25.5,0.6215395660754828
iBsu1147,11.25,26.25,0.6215395660754828
iBsu1147,11.25,27.0,0.6215395660754828
iBsu1147,11.25,27.75,0.6215395660754828
iBsu1147,11.25,28.5,0.6215395660754828
iBsu1147,11.25,29.25,0.6215395660754828
iBsu1147,11.25,30.0,0.6215395660754828
iBsu1147,11.625,0.0,0.0
iBsu1147,11.625,0.75,0.3895587478610591
iBsu1147,11.625,1.5,0.403510314636824
iBsu1147,11.625,2.25,0.4174618814125886
iBsu1147,11.625,3.0,0.43141344818835203
iBsu1147,11.625,3.75,0.4453650149641167
iBsu1147,11.625,4.5,0.45931658173988044
iBsu1147,11.625,5.25,0.4732681485156451
iBsu1147,11.625,6.0,0.48721971529140884
iBsu1147,11.625,6.75,0.501171282067173
iBsu1147,11.625,7.5,0.5151228488429369
iBsu1147,11.625,8.25,0.5290744156187018
iBsu1147,11.625,9.0,0.5430259823944656
iBsu1147,11.625,9.75,0.556977549170229
iBsu1147,11.625,10.5,0.5709291159459937
iBsu1147,11.625,11.25,0.5848806827217574
iBsu1147,11.625,12.0,0.5988322494975221
iBsu1147,11.625,12.75,0.6127838162732858
iBsu1147,11.625,13.5,0.6215395660754861
iBsu1147,11.625,14.25,0.6215395660754799
iBsu1147,11.625,15.0,0.6215395660754803
iBsu1147,11.625,15.75,0.6215395660754881
iBsu1147,11.625,16.5,0.6215395660754874
iBsu1147,11.625,17.25,0.6215395660754874
iBsu1147,11.625,18.0,0.6215395660754874
iBsu1147,11.625,18.75,0.6215395660754874
iBsu1147,11.625,19.5,0.6215395660754874
iBsu1147,11.625,20.25,0.6215395660754874
iBsu1147,11.625,21.0,0.6215395660754874
iBsu1147,11.625,21.75,0.6215395660754874
iBsu1147,11.625,22.5,0.6215395660754874
iBsu1147,11.625,23.25,0.6215395660754874
iBsu1147,11.625,24.0,0.6215395660754874
iBsu1147,11.625,24.75,0.6215395660754874
iBsu1147,11.625,25.5,0.6215395660754874
iBsu1147,11.625,26.25,0.6215395660754874
iBsu1147,11.625,27.0,0.6215395660754874
iBsu1147,11.625,27.75,0.6215395660754874
iBsu1147,11.625,28.5,0.6215395660754874
iBsu1147,11.625,29.25,0.6215395660754874
iBsu1147,11.625,30.0,0.6215395660754874
iBsu1147,12.0,0.0,0.0
iBsu1147,12.0,0.75,0.402735227593728
iBsu1147,12.0,1.5,0.41668679436949235
iBsu1147,12.0,2.25,0.43063836114525866
iBsu1147,12.0,3.0,0.44458992792101987
iBsu1147,12.0,3.75,0.45854149469678446
iBsu1147,12.0,4.5,0.4724930614725482
iBsu1147,12.0,5.25,0.48644462824831713
iBsu1147,12.0,6.0,0.5003961950240766
iBsu1147,12.0,6.75,0.5143477617998387
iBsu1147,12.0,7.5,0.5282993285756076
iBsu1147,12.0,8.25,0.5422508953513687
iBsu1147,12.0,9.0,0.5562024621271333
iBsu1147,12.0,9.75,0.5701540289028945
iBsu1147,12.0,10.5,0.5841055956786625
iBsu1147,12.0,11.25,0.5980571624544297
iBsu1147,12.0,12.0,0.61200872923019
iBsu1147,12.0,12.75,0.6215395660754742
iBsu1147,12.0,13.5,0.6215395660754919
iBsu1147,12.0,14.25,0.6215395660754742
iBsu1147,12.0,15.0,0.6215395660754742
iBsu1147,12.0,15.75,0.6215395660754829
iBsu1147,12.0,16.5,0.6215395660754829
iBsu1147,12.0,17.25,0.6215395660754829
iBsu1147,12.0,18.0,0.6215395660754829
iBsu1147,12.0,18.75,0.6215395660754829
iBsu1147,12.0,19.5,0.6215395660754829
iBsu1147,12.0,20.25,0.6215395660754829
iBsu1147,12.0,21.0,0.6215395660754829
iBsu1147,12.0,21.75,0.6215395660754829
iBsu1147,12.0,22.5,0.6215395660754829
iBsu1147,12.0,23.25,0.6215395660754829
iBsu1147,12.0,24.0,0.6215395660754829
iBsu1147,12.0,24.75,0.6215395660754829
iBsu1147,12.0,25.5,0.6215395660754829
iBsu1147,12.0,26.25,0.6215395660754829
iBsu1147,12.0,27.0,0.6215395660754829
iBsu1147,12.0,27.75,0.6215395660754829
iBsu1147,12.0,28.5,0.6215395660754829
iBsu1147,12.0,29.25,0.6215395660754829
iBsu1147,12.0,30.0,0.6215395660754829
iBsu1147,12.375,0.0,0.0
iBsu1147,12.375,0.75,0.41591170732639116
iBsu1147,12.375,1.5,0.4298632741021598
iBsu1147,12.375,2.25,0.44381484087792783
iBsu1147,12.375,3.0,0.45776640765368815
iBsu1147,12.375,3.75,0.4717179744294519
iBsu1147,12.375,4.5,0.48566954120521394
iBsu1147,12.375,5.25,0.4996211079809786
iBsu1147,12.375,6.0,0.5135726747567406
iBsu1147,12.375,6.75,0.5275242415325078
iBsu1147,12.375,7.5,0.5414758083082707
iBsu1147,12.375,8.25,0.5554273750840327
iBsu1147,12.375,9.0,0.5693789418598008
iBsu1147,12.375,9.75,0.5833305086355602
iBsu1147,12.375,10.5,0.5972820754113299
iBsu1147,12.375,11.25,0.6112336421870954
iBsu1147,12.375,12.0,0.621539566075478
iBsu1147,12.375,12.75,0.6215395660754773
iBsu1147,12.375,13.5,0.6215395660754773
iBsu1147,12.375,14.25,0.6215395660754773
iBsu1147,12.375,15.0,0.6215395660754773
iBsu1147,12.375,15.75,0.6215395660754891
iBsu1147,12.375,16.5,0.6215395660754883
iBsu1147,12.375,17.25,0.6215395660754773
iBsu1147,12.375,18.0,0.6215395660754773
iBsu1147,12.375,18.75,0.6215395660754773
iBsu1147,12.375,19.5,0.6215395660754773
iBsu1147,12.375,20.25,0.6215395660754773
iBsu1147,12.375,21.0,0.6215395660754773
iBsu1147,12.375,21.75,0.6215395660754773
iBsu1147,12.375,22.5,0.6215395660754773
iBsu1147,12.375,23.25,0.6215395660754773
iBsu1147,12.375,24.0,0.6215395660754773
iBsu1147,12.375,24.75,0.6215395660754773
iBsu1147,12.375,25.5,0.6215395660754773
iBsu1147,12.375,26.25,0.6215395660754773
iBsu1147,12.375,27.0,0.6215395660754773
iBsu1147,12.375,27.75,0.6215395660754773
iBsu1147,12.375,28.5,0.6215395660754773
iBsu1147,12.375,29.25,0.6215395660754773
iBsu1147,12.375,30.0,0.6215395660754773
iBsu1147,12.75,0.0,0.0
iBsu1147,12.75,0.75,0.4290881870590596
iBsu1147,12.75,1.5,0.443039753834821
iBsu1147,12.75,2.25,0.45699132061058434
iBsu1147,12.75,3.0,0.47094288738634993
iBsu1147,12.75,3.75,0.4848944541621129
iBsu1147,12.75,4.5,0.4988460209378782
iBsu1147,12.75,5.25,0.5127975877136414
iBsu1147,12.75,6.0,0.526749154489405
iBsu1147,12.75,6.75,0.5407007212651697
iBsu1147,12.75,7.5,0.5546522880409336
iBsu1147,12.75,8.25,0.5686038548166977
iBsu1147,12.75,9.0,0.582555421592462
iBsu1147,12.75,9.75,0.5965069883682265
iBsu1147,12.75,10.5,0.6104585551439904
iBsu1147,12.75,11.25,0.6215395660754769
iBsu1147,12.75,12.0,0.6215395660754769
iBsu1147,12.75,12.75,0.6215395660754769
iBsu1147,12.75,13.5,0.6215395660754897
iBsu1147,12.75,14.25,0.6215395660754728
iBsu1147,12.75,15.0,0.6215395660754728
iBsu1147,12.75,15.75,0.6215395660754823
iBsu1147,12.75,16.5,0.6215395660754601
iBsu1147,12.75,17.25,0.6215395660754601
iBsu1147,12.75,18.0,0.6215395660754601
iBsu1147,12.75,18.75,0.6215395660754601
iBsu1147,12.75,19.5,0.6215395660754601
iBsu1147,12.75,20.25,0.6215395660754601
iBsu1147,12.75,21.0,0.6215395660754601
iBsu1147,12.75,21.75,0.6215395660754601
iBsu1147,12.75,22.5,0.6215395660754601
iBsu1147,12.75,23.25,0.6215395660754601
iBsu1147,12.75,24.0,0.6215395660754601
iBsu1147,12.75,24.75,0.6215395660754601
iBsu1147,12.75,25.5,0.6215395660754601
iBsu1147,12.75,26.25,0.6215395660754601
iBsu1147,12.75,27.0,0.6215395660754601
iBsu1147,12.75,27.75,0.6215395660754601
iBsu1147,12.75,28.5,0.6215395660754601
iBsu1147,12.75,29.25,0.6215395660754601
iBsu1147,12.75,30.0,0.6215395660754601
iBsu1147,13.125,0.0,0.0
iBsu1147,13.125,0.75,0.44226466679172344
iBsu1147,13.125,1.5,0.45621623356748703
iBsu1147,13.125,2.25,0.4701678003432519
iBsu1147,13.125,3.0,0.4841193671190155
iBsu1147,13.125,3.75,0.4980709338947804
iBsu1147,13.125,4.5,0.512022500670544
iBsu1147,13.125,5.25,0.5259740674463088
iBsu1147,13.125,6.0,0.5399256342220724
iBsu1147,13.125,6.75,0.553877200997836
iBsu1147,13.125,7.5,0.5678287677736008
iBsu1147,13.125,8.25,0.5817803345493644
iBsu1147,13.125,9.0,0.5957319013251292
iBsu1147,13.125,9.75,0.6096834681008929
iBsu1147,13.125,10.5,0.621539566075494
iBsu1147,13.125,11.25,0.6215395660754804
iBsu1147,13.125,12.0,0.6215395660754796
iBsu1147,13.125,12.75,0.6215395660754772
iBsu1147,13.125,13.5,0.6215395660754777
iBsu1147,13.125,14.25,0.6215395660754777
iBsu1147,13.125,15.0,0.6215395660754784
iBsu1147,13.125,15.75,0.6215395660754937
iBsu1147,13.125,16.5,0.6215395660754879
iBsu1147,13.125,17.25,0.6215395660754879
iBsu1147,13.125,18.0,0.6215395660754879
iBsu1147,13.125,18.75,0.6215395660754879
iBsu1147,13.125,19.5,0.6215395660754879
iBsu1147,13.125,20.25,0.6215395660754879
iBsu1147,13.125,21.0,0.6215395660754879
iBsu1147,13.125,21.75,0.6215395660754879
iBsu1147,13.125,22.5,0.6215395660754879
iBsu1147,13.125,23.25,0.6215395660754879
iBsu1147,13.125,24.0,0.6215395660754879
iBsu1147,13.125,24.75,0.6215395660754879
iBsu1147,13.125,25.5,0.6215395660754879
iBsu1147,13.125,26.25,0.6215395660754879
iBsu1147,13.125,27.0,0.6215395660754879
iBsu1147,13.125,27.75,0.6215395660754879
iBsu1147,13.125,28.5,0.6215395660754879
iBsu1147,13.125,29.25,0.6215395660754879
iBsu1147,13.125,30.0,0.6215395660754879
iBsu1147,13.5,0.0,0.0
iBsu1147,13.5,0.75,0.455441146524392
iBsu1147,13.5,1.5,0.46939271330015525
iBsu1147,13.5,2.25,0.48334428007591784
iBsu1147,13.5,3.0,0.4972958468516821
iBsu1147,13.5,3.75,0.5112474136274474
iBsu1147,13.5,4.5,0.5251989804032086
iBsu1147,13.5,5.25,0.5391505471789747
iBsu1147,13.5,6.0,0.5531021139547386
iBsu1147,13.5,6.75,0.5670536807305023
iBsu1147,13.5,7.5,0.5810052475062655
iBsu1147,13.5,8.25,0.5949568142820285
iBsu1147,13.5,9.0,0.6089083810577965
iBsu1147,13.5,9.75,0.6215395660754883
iBsu1147,13.5,10.5,0.6215395660754777
iBsu1147,13.5,11.25,0.6215395660754742
iBsu1147,13.5,12.0,0.6215395660754742
iBsu1147,13.5,12.75,0.621539566075483
iBsu1147,13.5,13.5,0.6215395660754919
iBsu1147,13.5,14.25,0.6215395660754742
iBsu1147,13.5,15.0,0.6215395660755003
iBsu1147,13.5,15.75,0.6215395660754712
iBsu1147,13.5,16.5,0.6215395660754712
iBsu1147,13.5,17.25,0.6215395660754712
iBsu1147,13.5,18.0,0.6215395660754712
iBsu1147,13.5,18.75,0.6215395660754712
iBsu1147,13.5,19.5,0.6215395660754712
iBsu1147,13.5,20.25,0.6215395660754712
iBsu1147,13.5,21.0,0.6215395660754712
iBsu1147,13.5,21.75,0.6215395660754712
iBsu1147,13.5,22.5,0.6215395660754712
iBsu1147,13.5,23.25,0.6215395660754712
iBsu1147,13.5,24.0,0.6215395660754712
iBsu1147,13.5,24.75,0.6215395660754712
iBsu1147,13.5,25.5,0.6215395660754712
iBsu1147,13.5,26.25,0.6215395660754712
iBsu1147,13.5,27.0,0.6215395660754712
iBsu1147,13.5,27.75,0.6215395660754712
iBsu1147,13.5,28.5,0.6215395660754712
iBsu1147,13.5,29.25,0.6215395660754712
iBsu1147,13.5,30.0,0.6215395660754712
iBsu1147,13.875,0.0,0.0
iBsu1147,13.875,0.75,0.46861762625705583
iBsu1147,13.875,1.5,0.4825691930328184
iBsu1147,13.875,2.25,0.496520759808583
iBsu1147,13.875,3.0,0.5104723265843476
iBsu1147,13.875,3.75,0.5244238933601096
iBsu1147,13.875,4.5,0.5383754601358768
iBsu1147,13.875,5.25,0.5523270269116355
iBsu1147,13.875,6.0,0.5662785936874077
iBsu1147,13.875,6.75,0.580230160463169
iBsu1147,13.875,7.5,0.5941817272389336
iBsu1147,13.875,8.25,0.6081332940146947
iBsu1147,13.875,9.0,0.621539566075483
iBsu1147,13.875,9.75,0.6215395660754829
iBsu1147,13.875,10.5,0.6215395660754741
iBsu1147,13.875,11.25,0.6215395660754741
iBsu1147,13.875,12.0,0.6215395660754741
iBsu1147,13.875,12.75,0.6215395660754741
iBsu1147,13.875,13.5,0.6215395660754741
iBsu1147,13.875,14.25,0.6215395660754741
iBsu1147,13.875,15.0,0.6215395660754741
iBsu1147,13.875,15.75,0.6215395660754776
iBsu1147,13.875,16.5,0.6215395660754828
iBsu1147,13.875,17.25,0.6215395660754828
iBsu1147,13.875,18.0,0.6215395660754828
iBsu1147,13.875,18.75,0.6215395660754828
iBsu1147,13.875,19.5,0.6215395660754828
iBsu1147,13.875,20.25,0.6215395660754828
iBsu1147,13.875,21.0,0.6215395660754828
iBsu1147,13.875,21.75,0.6215395660754828
iBsu1147,13.875,22.5,0.6215395660754828
iBsu1147,13.875,23.25,0.6215395660754828
iBsu1147,13.875,24.0,0.6215395660754828
iBsu1147,13.875,24.75,0.6215395660754828
iBsu1147,13.875,25.5,0.6215395660754828
iBsu1147,13.875,26.25,0.6215395660754828
iBsu1147,13.875,27.0,0.6215395660754828
iBsu1147,13.875,27.75,0.6215395660754828
iBsu1147,13.875,28.5,0.6215395660754828
iBsu1147,13.875,29.25,0.6215395660754828
iBsu1147,13.875,30.0,0.6215395660754828
iBsu1147,14.25,0.0,0.0
iBsu1147,14.25,0.75,0.4817861781781572
iBsu1147,14.25,1.5,0.4957456727654891
iBsu1147,14.25,2.25,0.5096972395412475
iBsu1147,14.25,3.0,0.523648806317011
iBsu1147,14.25,3.75,0.5376003730927759
iBsu1147,14.25,4.5,0.5515519398685395
iBsu1147,14.25,5.25,0.5655035066443032
iBsu1147,14.25,6.0,0.579455073420068
iBsu1147,14.25,6.75,0.5934066401958316
iBsu1147,14.25,7.5,0.6073582069715964
iBsu1147,14.25,8.25,0.62130977374736
iBsu1147,14.25,9.0,0.6215395660754801
iBsu1147,14.25,9.75,0.6215395660754807
iBsu1147,14.25,10.5,0.6215395660754811
iBsu1147,14.25,11.25,0.6215395660754816
iBsu1147,14.25,12.0,0.621539566075482
iBsu1147,14.25,12.75,0.6215395660754816
iBsu1147,14.25,13.5,0.621539566075482
iBsu1147,14.25,14.25,0.6215395660754824
iBsu1147,14.25,15.0,0.6215395660754807
iBsu1147,14.25,15.75,0.6215395660754934
iBsu1147,14.25,16.5,0.6215395660754823
iBsu1147,14.25,17.25,0.6215395660754823
iBsu1147,14.25,18.0,0.6215395660754823
iBsu1147,14.25,18.75,0.6215395660754823
iBsu1147,14.25,19.5,0.6215395660754823
iBsu1147,14.25,20.25,0.6215395660754823
iBsu1147,14.25,21.0,0.6215395660754823
iBsu1147,14.25,21.75,0.6215395660754823
iBsu1147,14.25,22.5,0.6215395660754823
iBsu1147,14.25,23.25,0.6215395660754823
iBsu1147,14.25,24.0,0.6215395660754823
iBsu1147,14.25,24.75,0.6215395660754823
iBsu1147,14.25,25.5,0.6215395660754823
iBsu1147,14.25,26.25,0.6215395660754823
iBsu1147,14.25,27.0,0.6215395660754823
iBsu1147,14.25,27.75,0.6215395660754823
iBsu1147,14.25,28.5,0.6215395660754823
iBsu1147,14.25,29.25,0.6215395660754823
iBsu1147,14.25,30.0,0.6215395660754823
iBsu1147,14.625,0.0,0.0
iBsu1147,14.625,0.75,0.49464270619013856
iBsu1147,14.625,1.5,0.50892215249815
iBsu1147,14.625,2.25,0.522873719273916
iBsu1147,14.625,3.0,0.5368252860496803
iBsu1147,14.625,3.75,0.5507768528254444
iBsu1147,14.625,4.5,0.5647284196012086
iBsu1147,14.625,5.25,0.5786799863769727
iBsu1147,14.625,6.0,0.5926315531527367
iBsu1147,14.625,6.75,0.606583119928501
iBsu1147,14.625,7.5,0.6205346867042651
iBsu1147,14.625,8.25,0.6215395660754884
iBsu1147,14.625,9.0,0.6215395660754829
iBsu1147,14.625,9.75,0.6215395660754829
iBsu1147,14.625,10.5,0.6215395660754829
iBsu1147,14.625,11.25,0.6215395660754829
iBsu1147,14.625,12.0,0.6215395660754829
iBsu1147,14.625,12.75,0.6215395660754829
iBsu1147,14.625,13.5,0.6215395660754829
iBsu1147,14.625,14.25,0.6215395660754829
iBsu1147,14.625,15.0,0.6215395660754829
iBsu1147,14.625,15.75,0.6215395660755065
iBsu1147,14.625,16.5,0.6215395660754794
iBsu1147,14.625,17.25,0.6215395660754794
iBsu1147,14.625,18.0,0.6215395660754794
iBsu1147,14.625,18.75,0.6215395660754794
iBsu1147,14.625,19.5,0.6215395660754794
iBsu1147,14.625,20.25,0.6215395660754794
iBsu1147,14.625,21.0,0.6215395660754794
iBsu1147,14.625,21.75,0.6215395660754794
iBsu1147,14.625,22.5,0.6215395660754794
iBsu1147,14.625,23.25,0.6215395660754794
iBsu1147,14.625,24.0,0.6215395660754794
iBsu1147,14.625,24.75,0.6215395660754794
iBsu1147,14.625,25.5,0.6215395660754794
iBsu1147,14.625,26.25,0.6215395660754794
iBsu1147,14.625,27.0,0.6215395660754794
iBsu1147,14.625,27.75,0.6215395660754794
iBsu1147,14.625,28.5,0.6215395660754794
iBsu1147,14.625,29.25,0.6215395660754794
iBsu1147,14.625,30.0,0.6215395660754794
iBsu1147,15.0,0.0,0.0
iBsu1147,15.0,0.75,0.5074624937781455
iBsu1147,15.0,1.5,0.5220986322308181
iBsu1147,15.0,2.25,0.5360501990065853
iBsu1147,15.0,3.0,0.5500017657823497
iBsu1147,15.0,3.75,0.5639533325581134
iBsu1147,15.0,4.5,0.5779048993338776
iBsu1147,15.0,5.25,0.5918564661096423
iBsu1147,15.0,6.0,0.605808032885406
iBsu1147,15.0,6.75,0.6197595996611702
iBsu1147,15.0,7.5,0.6215395660754889
iBsu1147,15.0,8.25,0.6215395660754697
iBsu1147,15.0,9.0,0.6215395660754692
iBsu1147,15.0,9.75,0.6215395660754688
iBsu1147,15.0,10.5,0.6215395660754697
iBsu1147,15.0,11.25,0.6215395660754688
iBsu1147,15.0,12.0,0.6215395660754697
iBsu1147,15.0,12.75,0.6215395660754688
iBsu1147,15.0,13.5,0.6215395660754692
iBsu1147,15.0,14.25,0.6215395660754702
iBsu1147,15.0,15.0,0.6215395660754688
iBsu1147,15.0,15.75,0.6215395660754921
iBsu1147,15.0,16.5,0.6215395660754653
iBsu1147,15.0,17.25,0.6215395660754653
iBsu1147,15.0,18.0,0.6215395660754653
iBsu1147,15.0,18.75,0.6215395660754653
iBsu1147,15.0,19.5,0.6215395660754653
iBsu1147,15.0,20.25,0.6215395660754653
iBsu1147,15.0,21.0,0.6215395660754653
iBsu1147,15.0,21.75,0.6215395660754653
iBsu1147,15.0,22.5,0.6215395660754653
iBsu1147,15.0,23.25,0.6215395660754653
iBsu1147,15.0,24.0,0.6215395660754653
iBsu1147,15.0,24.75,0.6215395660754653
iBsu1147,15.0,25.5,0.6215395660754653
iBsu1147,15.0,26.25,0.6215395660754653
iBsu1147,15.0,27.0,0.6215395660754653
iBsu1147,15.0,27.75,0.6215395660754653
iBsu1147,15.0,28.5,0.6215395660754653
iBsu1147,15.0,29.25,0.6215395660754653
iBsu1147,15.0,30.0,0.6215395660754653
eciYO844,0.0,0.0,0.0
eciYO844,0.0,0.75,0.0
eciYO844,0.0,1.5,0.0
eciYO844,0.0,2.25,0.0
eciYO844,0.0,3.0,0.0
eciYO844,0.0,3.75,0.0
eciYO844,0.0,4.5,0.0
eciYO844,0.0,5.25,0.0
eciYO844,0.0,6.0,0.0
eciYO844,0.0,6.75,0.0
eciYO844,0.0,7.5,0.0
eciYO844,0.0,8.25,0.0
eciYO844,0.0,9.0,0.0
eciYO844,0.0,9.75,0.0
eciYO844,0.0,10.5,0.0
eciYO844,0.0,11.25,0.0
eciYO844,0.0,12.0,0.0
eciYO844,0.0,12.75,0.0
eciYO844,0.0,13.5,0.0
eciYO844,0.0,14.25,0.0
eciYO844,0.0,15.0,0.0
eciYO844,0.0,15.75,0.0
eciYO844,0.0,16.5,0.0
eciYO844,0.0,17.25,0.0
eciYO844,0.0,18.0,0.0
eciYO844,0.0,18.75,0.0
eciYO844,0.0,19.5,0.0
eciYO844,0.0,20.25,0.0
eciYO844,0.0,21.0,0.0
eciYO844,0.0,21.75,0.0
eciYO844,0.0,22.5,0.0
eciYO844,0.0,23.25,0.0
eciYO844,0.0,24.0,0.0
eciYO844,0.0,24.75,0.0
eciYO844,0.0,25.5,0.0
eciYO844,0.0,26.25,0.0
eciYO844,0.0,27.0,0.0
eciYO844,0.0,27.75,0.0
eciYO844,0.0,28.5,0.0
eciYO844,0.0,29.25,0.0
eciYO844,0.0,30.0,0.0
eciYO844,0.375,0.0,0.0
eciYO844,0.375,0.75,0.0
eciYO844,0.375,1.5,0.0
eciYO844,0.375,2.25,0.0
eciYO844,0.375,3.0,0.0
eciYO844,0.375,3.75,0.0
eciYO844,0.375,4.5,0.0
eciYO844,0.375,5.25,0.0
eciYO844,0.375,6.0,0.0
eciYO844,0.375,6.75,0.0
eciYO844,0.375,7.5,0.0
eciYO844,0.375,8.25,0.0
eciYO844,0.375,9.0,0.0
eciYO844,0.375,9.75,0.0
eciYO844,0.375,10.5,0.0
eciYO844,0.375,11.25,0.0
eciYO844,0.375,12.0,0.0
eciYO844,0.375,12.75,0.0
eciYO844,0.375,13.5,0.0
eciYO844,0.375,14.25,0.0
eciYO844,0.375,15.0,0.0
eciYO844,0.375,15.75,0.0
eciYO844,0.375,16.5,0.0
eciYO844,0.375,17.25,0.0
eciYO844,0.375,18.0,0.0
eciYO844,0.375,18.75,0.0
eciYO844,0.375,19.5,0.0
eciYO844,0.375,20.25,0.0
eciYO844,0.375,21.0,0.0
eciYO844,0.375,21.75,0.0
eciYO844,0.375,22.5,0.0
eciYO844,0.375,23.25,0.0
eciYO844,0.375,24.0,0.0
eciYO844,0.375,24.75,0.0
eciYO844,0.375,25.5,0.0
eciYO844,0.375,26.25,0.0
eciYO844,0.375,27.0,0.0
eciYO844,0.375,27.75,0.0
eciYO844,0.375,28.5,0.0
eciYO844,0.375,29.25,0.0
eciYO844,0.375,30.0,0.0
eciYO844,0.75,0.0,0.0
eciYO844,0.75,0.75,0.0
eciYO844,0.75,1.5,0.0
eciYO844,0.75,2.25,0.011577692728390048
eciYO844,0.75,3.0,0.028301026669397877
eciYO844,0.75,3.75,0.033386713959169624
eciYO844,0.75,4.5,0.033386713959169624
eciYO844,0.75,5.25,0.033386713959169624
eciYO844,0.75,6.0,0.033386713959169624
eciYO844,0.75,6.75,0.033386713959169624
eciYO844,0.75,7.5,0.033386713959169624
eciYO844,0.75,8.25,0.033386713959169624
eciYO844,0.75,9.0,0.033386713959169624
eciYO844,0.75,9.75,0.033386713959169624
eciYO844,0.75,10.5,0.033386713959169624
eciYO844,0.75,11.25,0.033386713959169624
eciYO844,0.75,12.0,0.033386713959169624
eciYO844,0.75,12.75,0.033386713959169624
eciYO844,0.75,13.5,0.033386713959169624
eciYO844,0.75,14.25,0.033386713959169624
eciYO844,0.75,15.0,0.033386713959169624
eciYO844,0.75,15.75,0.033386713959169624
eciYO844,0.75,16.5,0.033386713959169624
eciYO844,0.75,17.25,0.033386713959169624
eciYO844,0.75,18.0,0.033386713959169624
eciYO844,0.75,18.75,0.033386713959169624
eciYO844,0.75,19.5,0.033386713959169624
eciYO844,0.75,20.25,0.033386713959169624
eciYO844,0.75,21.0,0.033386713959169624
eciYO844,0.75,21.75,0.033386713959169624
eciYO844,0.75,22.5,0.033386713959169624
eciYO844,0.75,23.25,0.033386713959169624
eciYO844,0.75,24.0,0.033386713959169624
eciYO844,0.75,24.75,0.033386713959169624
eciYO844,0.75,25.5,0.033386713959169624
eciYO844,0.75,26.25,0.033386713959169624
eciYO844,0.75,27.0,0.033386713959169624
eciYO844,0.75,27.75,0.033386713959169624
eciYO844,0.75,28.5,0.033386713959169624
eciYO844,0.75,29.25,0.033386713959169624
eciYO844,0.75,30.0,0.033386713959169624
eciYO844,1.125,0.0,0.0
eciYO844,1.125,0.75,0.0
eciYO844,1.125,1.5,0.0
eciYO844,1.125,2.25,0.023155385456780135
eciYO844,1.125,3.0,0.03987871939778796
eciYO844,1.125,3.75,0.05660205333879579
eciYO844,1.125,4.5,0.0667734279183389
eciYO844,1.125,5.25,0.06677342791834041
eciYO844,1.125,6.0,0.06677342791834041
eciYO844,1.125,6.75,0.06677342791834041
eciYO844,1.125,7.5,0.06677342791834041
eciYO844,1.125,8.25,0.06677342791834041
eciYO844,1.125,9.0,0.06677342791834041
eciYO844,1.125,9.75,0.06677342791834041
eciYO844,1.125,10.5,0.06677342791834041
eciYO844,1.125,11.25,0.06677342791834041
eciYO844,1.125,12.0,0.06677342791834041
eciYO844,1.125,12.75,0.06677342791834041
eciYO844,1.125,13.5,0.06677342791834041
eciYO844,1.125,14.25,0.06677342791834041
eciYO844,1.125,15.0,0.06677342791834041
eciYO844,1.125,15.75,0.06677342791834041
eciYO844,1.125,16.5,0.06677342791834041
eciYO844,1.125,17.25,0.06677342791834041
eciYO844,1.125,18.0,0.06677342791834041
eciYO844,1.125,18.75,0.06677342791834041
eciYO844,1.125,19.5,0.06677342791834041
eciYO844,1.125,20.25,0.06677342791834041
eciYO844,1.125,21.0,0.06677342791834041
eciYO844,1.125,21.75,0.06677342791834041
eciYO844,1.125,22.5,0.06677342791834041
eciYO844,1.125,23.25,0.06677342791834041
eciYO844,1.125,24.0,0.06677342791834041
eciYO844,1.125,24.75,0.06677342791834041
eciYO844,1.125,25.5,0.06677342791834041
eciYO844,1.125,26.25,0.06677342791834041
eciYO844,1.125,27.0,0.06677342791834041
eciYO844,1.125,27.75,0.06677342791834041
eciYO844,1.125,28.5,0.06677342791834041
eciYO844,1.125,29.25,0.06677342791834041
eciYO844,1.125,30.0,0.06677342791834041
eciYO844,1.5,0.0,0.0
eciYO844,1.5,0.75,0.0
eciYO844,1.5,1.5,0.005568517899962739
eciYO844,1.5,2.25,0.030626848449795147
eciYO844,1.5,3.0,0.0514564121261778
eciYO844,1.5,3.75,0.06817974606718578
eciYO844,1.5,4.5,0.08490308000819362
eciYO844,1.5,5.25,0.10016014187750955
eciYO844,1.5,6.0,0.10016014187750959
eciYO844,1.5,6.75,0.10016014187750959
eciYO844,1.5,7.5,0.10016014187750959
eciYO844,1.5,8.25,0.10016014187750959
eciYO844,1.5,9.0,0.10016014187750959
eciYO844,1.5,9.75,0.10016014187750959
eciYO844,1.5,10.5,0.10016014187750959
eciYO844,1.5,11.25,0.10016014187750959
eciYO844,1.5,12.0,0.10016014187750959
eciYO844,1.5,12.75,0.10016014187750959
eciYO844,1.5,13.5,0.10016014187750959
eciYO844,1.5,14.25,0.10016014187750959
eciYO844,1.5,15.0,0.10016014187750959
eciYO844,1.5,15.75,0.10016014187750959
eciYO844,1.5,16.5,0.10016014187750959
eciYO844,1.5,17.25,0.10016014187750959
eciYO844,1.5,18.0,0.10016014187750959
eciYO844,1.5,18.75,0.10016014187750959
eciYO844,1.5,19.5,0.10016014187750959
eciYO844,1.5,20.25,0.10016014187750959
eciYO844,1.5,21.0,0.10016014187750959
eciYO844,1.5,21.75,0.10016014187750959
eciYO844,1.5,22.5,0.10016014187750959
eciYO844,1.5,23.25,0.10016014187750959
eciYO844,1.5,24.0,0.10016014187750959
eciYO844,1.5,24.75,0.10016014187750959
eciYO844,1.5,25.5,0.10016014187750959
eciYO844,1.5,26.25,0.10016014187750959
eciYO844,1.5,27.0,0.10016014187750959
eciYO844,1.5,27.75,0.10016014187750959
eciYO844,1.5,28.5,0.10016014187750959
eciYO844,1.5,29.25,0.10016014187750959
eciYO844,1.5,30.0,0.10016014187750959
eciYO844,1.875,0.0,0.0
eciYO844,1.875,0.75,0.0
eciYO844,1.875,1.5,0.008457521638982533
eciYO844,1.875,2.25,0.034769811182484976
eciYO844,1.875,3.0,0.06108210072598633
eciYO844,1.875,3.75,0.07975743879557576
eciYO844,1.875,4.5,0.09648077273658359
eciYO844,1.875,5.25,0.11320410667759147
eciYO844,1.875,6.0,0.12992744061859884
eciYO844,1.875,6.75,0.133546855836678
eciYO844,1.875,7.5,0.13354685583667936
eciYO844,1.875,8.25,0.13354685583667936
eciYO844,1.875,9.0,0.13354685583667936
eciYO844,1.875,9.75,0.13354685583667936
eciYO844,1.875,10.5,0.13354685583667936
eciYO844,1.875,11.25,0.13354685583667936
eciYO844,1.875,12.0,0.13354685583667936
eciYO844,1.875,12.75,0.13354685583667936
eciYO844,1.875,13.5,0.13354685583667936
eciYO844,1.875,14.25,0.13354685583667936
eciYO844,1.875,15.0,0.13354685583667936
eciYO844,1.875,15.75,0.13354685583667936
eciYO844,1.875,16.5,0.13354685583667936
eciYO844,1.875,17.25,0.13354685583667936
eciYO844,1.875,18.0,0.13354685583667936
eciYO844,1.875,18.75,0.13354685583667936
eciYO844,1.875,19.5,0.13354685583667936
eciYO844,1.875,20.25,0.13354685583667936
eciYO844,1.875,21.0,0.13354685583667936
eciYO844,1.875,21.75,0.13354685583667936
eciYO844,1.875,22.5,0.13354685583667936
eciYO844,1.875,23.25,0.13354685583667936
eciYO844,1.875,24.0,0.13354685583667936
eciYO844,1.875,24.75,0.13354685583667936
eciYO844,1.875,25.5,0.13354685583667936
eciYO844,1.875,26.25,0.13354685583667936
eciYO844,1.875,27.0,0.13354685583667936
eciYO844,1.875,27.75,0.13354685583667936
eciYO844,1.875,28.5,0.13354685583667936
eciYO844,1.875,29.25,0.13354685583667936
eciYO844,1.875,30.0,0.13354685583667936
eciYO844,2.25,0.0,0.0
eciYO844,2.25,0.75,0.0
eciYO844,2.25,1.5,0.013156144771750606
eciYO844,2.25,2.25,0.039468434315252016
eciYO844,2.25,3.0,0.06578072385875335
eciYO844,2.25,3.75,0.09060051833503567
eciYO844,2.25,4.5,0.10805846546497373
eciYO844,2.25,5.25,0.12478179940598158
eciYO844,2.25,6.0,0.14150513334698941
eciYO844,2.25,6.75,0.15822846728799725
eciYO844,2.25,7.5,0.16693356979584864
eciYO844,2.25,8.25,0.16693356979584775
eciYO844,2.25,9.0,0.16693356979584775
eciYO844,2.25,9.75,0.16693356979584775
eciYO844,2.25,10.5,0.16693356979584775
eciYO844,2.25,11.25,0.16693356979584775
eciYO844,2.25,12.0,0.16693356979584775
eciYO844,2.25,12.75,0.16693356979584775
eciYO844,2.25,13.5,0.16693356979584775
eciYO844,2.25,14.25,0.16693356979584775
eciYO844,2.25,15.0,0.16693356979584775
eciYO844,2.25,15.75,0.16693356979584775
eciYO844,2.25,16.5,0.16693356979584775
eciYO844,2.25,17.25,0.16693356979584775
eciYO844,2.25,18.0,0.16693356979584775
eciYO844,2.25,18.75,0.16693356979584775
eciYO844,2.25,19.5,0.16693356979584775
eciYO844,2.25,20.25,0.16693356979584775
eciYO844,2.25,21.0,0.16693356979584775
eciYO844,2.25,21.75,0.16693356979584775
eciYO844,2.25,22.5,0.16693356979584775
eciYO844,2.25,23.25,0.16693356979584775
eciYO844,2.25,24.0,0.16693356979584775
eciYO844,2.25,24.75,0.16693356979584775
eciYO844,2.25,25.5,0.16693356979584775
eciYO844,2.25,26.25,0.16693356979584775
eciYO844,2.25,27.0,0.16693356979584775
eciYO844,2.25,27.75,0.16693356979584775
eciYO844,2.25,28.5,0.16693356979584775
eciYO844,2.25,29.25,0.16693356979584775
eciYO844,2.25,30.0,0.16693356979584775
eciYO844,2.625,0.0,0.0
eciYO844,2.625,0.75,0.0
eciYO844,2.625,1.5,0.017854767904518648
eciYO844,2.625,2.25,0.044167057448020214
eciYO844,2.625,3.0,0.07047934699152242
eciYO844,2.625,3.75,0.09679163653502319
eciYO844,2.625,4.5,0.11891318031473641
eciYO844,2.625,5.25,0.1363594921343714
eciYO844,2.625,6.0,0.15308282607537946
eciYO844,2.625,6.75,0.16980616001638732
eciYO844,2.625,7.5,0.18652949395739518
eciYO844,2.625,8.25,0.2003202837550162
eciYO844,2.625,9.0,0.20032028375501953
eciYO844,2.625,9.75,0.20032028375501953
eciYO844,2.625,10.5,0.20032028375501953
eciYO844,2.625,11.25,0.20032028375501953
eciYO844,2.625,12.0,0.20032028375501953
eciYO844,2.625,12.75,0.20032028375501953
eciYO844,2.625,13.5,0.20032028375501953
eciYO844,2.625,14.25,0.20032028375501953
eciYO844,2.625,15.0,0.20032028375501953
eciYO844,2.625,15.75,0.20032028375501953
eciYO844,2.625,16.5,0.20032028375501953
eciYO844,2.625,17.25,0.20032028375501953
eciYO844,2.625,18.0,0.20032028375501953
eciYO844,2.625,18.75,0.20032028375501953
eciYO844,2.625,19.5,0.20032028375501953
eciYO844,2.625,20.25,0.20032028375501953
eciYO844,2.625,21.0,0.20032028375501953
eciYO844,2.625,21.75,0.20032028375501953
eciYO844,2.625,22.5,0.20032028375501953
eciYO844,2.625,23.25,0.20032028375501953
eciYO844,2.625,24.0,0.20032028375501953
eciYO844,2.625,24.75,0.20032028375501953
eciYO844,2.625,25.5,0.20032028375501953
eciYO844,2.625,26.25,0.20032028375501953
eciYO844,2.625,27.0,0.20032028375501953
eciYO844,2.625,27.75,0.20032028375501953
eciYO844,2.625,28.5,0.20032028375501953
eciYO844,2.625,29.25,0.20032028375501953
eciYO844,2.625,30.0,0.20032028375501953
eciYO844,3.0,0.0,0.0
eciYO844,3.0,0.75,0.0
eciYO844,3.0,1.5,0.022499429726385998
eciYO844,3.0,2.25,0.04886568058078845
eciYO844,3.0,3.0,0.07517797012428981
eciYO844,3.0,3.75,0.1014902596677912
eciYO844,3.0,4.5,0.12780254921129278
eciYO844,3.0,5.25,0.14722584229443514
eciYO844,3.0,6.0,0.16466051880376945
eciYO844,3.0,6.75,0.1813838527447773
eciYO844,3.0,7.5,0.19810718668578514
eciYO844,3.0,8.25,0.21483052062679295
eciYO844,3.0,9.0,0.23155385456780073
eciYO844,3.0,9.75,0.23370699771418718
eciYO844,3.0,10.5,0.23370699771418718
eciYO844,3.0,11.25,0.23370699771418718
eciYO844,3.0,12.0,0.23370699771418718
eciYO844,3.0,12.75,0.23370699771418718
eciYO844,3.0,13.5,0.23370699771418718
eciYO844,3.0,14.25,0.23370699771418718
eciYO844,3.0,15.0,0.23370699771418718
eciYO844,3.0,15.75,0.23370699771418718
eciYO844,3.0,16.5,0.23370699771418718
eciYO844,3.0,17.25,0.23370699771418718
eciYO844,3.0,18.0,0.23370699771418718
eciYO844,3.0,18.75,0.23370699771418718
eciYO844,3.0,19.5,0.23370699771418718
eciYO844,3.0,20.25,0.23370699771418718
eciYO844,3.0,21.0,0.23370699771418718
eciYO844,3.0,21.75,0.23370699771418718
eciYO844,3.0,22.5,0.23370699771418718
eciYO844,3.0,23.25,0.23370699771418718
eciYO844,3.0,24.0,0.23370699771418718
eciYO844,3.0,24.75,0.23370699771418718
eciYO844,3.0,25.5,0.23370699771418718
eciYO844,3.0,26.25,0.23370699771418718
eciYO844,3.0,27.0,0.23370699771418718
eciYO844,3.0,27.75,0.23370699771418718
eciYO844,3.0,28.5,0.23370699771418718
eciYO844,3.0,29.25,0.23370699771418718
eciYO844,3.0,30.0,0.23370699771418718
eciYO844,3.375,0.0,0.0
eciYO844,3.375,0.75,0.0
eciYO844,3.375,1.5,0.02473965111524032
eciYO844,3.375,2.25,0.05356430371355649
eciYO844,3.375,3.0,0.07987659325705791
eciYO844,3.375,3.75,0.10618888280055938
eciYO844,3.375,4.5,0.13250117234406086
eciYO844,3.375,5.25,0.15803613141395725
eciYO844,3.375,6.0,0.17553850427413495
eciYO844,3.375,6.75,0.1929615454731674
eciYO844,3.375,7.5,0.20968487941417496
eciYO844,3.375,8.25,0.22640821335518282
eciYO844,3.375,9.0,0.24313154729619066
eciYO844,3.375,9.75,0.25985488123719847
eciYO844,3.375,10.5,0.26709371167335677
eciYO844,3.375,11.25,0.2670937116733568
eciYO844,3.375,12.0,0.2670937116733568
eciYO844,3.375,12.75,0.2670937116733568
eciYO844,3.375,13.5,0.2670937116733568
eciYO844,3.375,14.25,0.2670937116733568
eciYO844,3.375,15.0,0.2670937116733568
eciYO844,3.375,15.75,0.2670937116733568
eciYO844,3.375,16.5,0.2670937116733568
eciYO844,3.375,17.25,0.2670937116733568
eciYO844,3.375,18.0,0.2670937116733568
eciYO844,3.375,18.75,0.2670937116733568
eciYO844,3.375,19.5,0.2670937116733568
eciYO844,3.375,20.25,0.2670937116733568
eciYO844,3.375,21.0,0.2670937116733568
eciYO844,3.375,21.75,0.2670937116733568
eciYO844,3.375,22.5,0.2670937116733568
eciYO844,3.375,23.25,0.2670937116733568
eciYO844,3.375,24.0,0.2670937116733568
eciYO844,3.375,24.75,0.2670937116733568
eciYO844,3.375,25.5,0.2670937116733568
eciYO844,3.375,26.25,0.2670937116733568
eciYO844,3.375,27.0,0.2670937116733568
eciYO844,3.375,27.75,0.2670937116733568
eciYO844,3.375,28.5,0.2670937116733568
eciYO844,3.375,29.25,0.2670937116733568
eciYO844,3.375,30.0,0.2670937116733568
eciYO844,3.75,0.0,0.0
eciYO844,3.75,0.75,0.0
eciYO844,3.75,1.5,0.026292348883979164
eciYO844,3.75,2.25,0.05826292684632462
eciYO844,3.75,3.0,0.08457521638982599
eciYO844,3.75,3.75,0.11088750593332736
eciYO844,3.75,4.5,0.137199795476829
eciYO844,3.75,5.25,0.16351208502033032
eciYO844,3.75,6.0,0.1863487933936563
eciYO844,3.75,6.75,0.20385116625383407
eciYO844,3.75,7.5,0.22126257214256537
eciYO844,3.75,8.25,0.23798590608357323
eciYO844,3.75,9.0,0.254709240024581
eciYO844,3.75,9.75,0.2714325739655889
eciYO844,3.75,10.5,0.28815590790659673
eciYO844,3.75,11.25,0.30048042563252647
eciYO844,3.75,12.0,0.30048042563252647
eciYO844,3.75,12.75,0.30048042563252647
eciYO844,3.75,13.5,0.30048042563252647
eciYO844,3.75,14.25,0.30048042563252647
eciYO844,3.75,15.0,0.30048042563252647
eciYO844,3.75,15.75,0.30048042563252647
eciYO844,3.75,16.5,0.30048042563252647
eciYO844,3.75,17.25,0.30048042563252647
eciYO844,3.75,18.0,0.30048042563252647
eciYO844,3.75,18.75,0.30048042563252647
eciYO844,3.75,19.5,0.30048042563252647
eciYO844,3.75,20.25,0.30048042563252647
eciYO844,3.75,21.0,0.30048042563252647
eciYO844,3.75,21.75,0.30048042563252647
eciYO844,3.75,22.5,0.30048042563252647
eciYO844,3.75,23.25,0.30048042563252647
eciYO844,3.75,24.0,0.30048042563252647
eciYO844,3.75,24.75,0.30048042563252647
eciYO844,3.75,25.5,0.30048042563252647
eciYO844,3.75,26.25,0.30048042563252647
eciYO844,3.75,27.0,0.30048042563252647
eciYO844,3.75,27.75,0.30048042563252647
eciYO844,3.75,28.5,0.30048042563252647
eciYO844,3.75,29.25,0.30048042563252647
eciYO844,3.75,30.0,0.30048042563252647
eciYO844,4.125,0.0,0.0
eciYO844,4.125,0.75,0.0
eciYO844,4.125,1.5,0.02784504665271771
eciYO844,4.125,2.25,0.06296154997909274
eciYO844,4.125,3.0,0.08927383952259545
eciYO844,4.125,3.75,0.11558612906609662
eciYO844,4.125,4.5,0.14189841860959798
eciYO844,4.125,5.25,0.16821070815309927
eciYO844,4.125,6.0,0.19452299769660059
eciYO844,4.125,6.75,0.21466145537335546
eciYO844,4.125,7.5,0.23216382823353313
eciYO844,4.125,8.25,0.24956359881196302
eciYO844,4.125,9.0,0.2662869327529709
eciYO844,4.125,9.75,0.28301026669397866
eciYO844,4.125,10.5,0.29973360063498655
eciYO844,4.125,11.25,0.3164569345759944
eciYO844,4.125,12.0,0.33318026851700255
eciYO844,4.125,12.75,0.3338671395916961
eciYO844,4.125,13.5,0.33386713959169584
eciYO844,4.125,14.25,0.33386713959169584
eciYO844,4.125,15.0,0.33386713959169584
eciYO844,4.125,15.75,0.33386713959169584
eciYO844,4.125,16.5,0.33386713959169584
eciYO844,4.125,17.25,0.33386713959169584
eciYO844,4.125,18.0,0.33386713959169584
eciYO844,4.125,18.75,0.33386713959169584
eciYO844,4.125,19.5,0.33386713959169584
eciYO844,4.125,20.25,0.33386713959169584
eciYO844,4.125,21.0,0.33386713959169584
eciYO844,4.125,21.75,0.33386713959169584
eciYO844,4.125,22.5,0.33386713959169584
eciYO844,4.125,23.25,0.33386713959169584
eciYO844,4.125,24.0,0.33386713959169584
eciYO844,4.125,24.75,0.33386713959169584
eciYO844,4.125,25.5,0.33386713959169584
eciYO844,4.125,26.25,0.33386713959169584
eciYO844,4.125,27.0,0.33386713959169584
eciYO844,4.125,27.75,0.33386713959169584
eciYO844,4.125,28.5,0.33386713959169584
eciYO844,4.125,29.25,0.33386713959169584
eciYO844,4.125,30.0,0.33386713959169584
eciYO844,4.5,0.0,0.0
eciYO844,4.5,0.75,0.0
eciYO844,4.5,1.5,0.029397744421457
eciYO844,4.5,2.25,0.06749828917915833
eciYO844,4.5,3.0,0.09397246265536252
eciYO844,4.5,3.75,0.12028475219886367
eciYO844,4.5,4.5,0.146597041742365
eciYO844,4.5,5.25,0.17290933128586636
eciYO844,4.5,6.0,0.19922162082936765
eciYO844,4.5,6.75,0.22547174449287127
eciYO844,4.5,7.5,0.24297411735305458
eciYO844,4.5,8.25,0.2604764902132325
eciYO844,4.5,9.0,0.27786462548136004
eciYO844,4.5,9.75,0.294587959422368
eciYO844,4.5,10.5,0.31131129336337576
eciYO844,4.5,11.25,0.32803462730438354
eciYO844,4.5,12.0,0.3447579612453915
eciYO844,4.5,12.75,0.3614812951863993
eciYO844,4.5,13.5,0.3665061640525173
eciYO844,4.5,14.25,0.3665061640525173
eciYO844,4.5,15.0,0.3665061640525173
eciYO844,4.5,15.75,0.3665061640525173
eciYO844,4.5,16.5,0.3665061640525173
eciYO844,4.5,17.25,0.3665061640525173
eciYO844,4.5,18.0,0.3665061640525173
eciYO844,4.5,18.75,0.3665061640525173
eciYO844,4.5,19.5,0.3665061640525173
eciYO844,4.5,20.25,0.3665061640525173
eciYO844,4.5,21.0,0.3665061640525173
eciYO844,4.5,21.75,0.3665061640525173
eciYO844,4.5,22.5,0.3665061640525173
eciYO844,4.5,23.25,0.3665061640525173
eciYO844,4.5,24.0,0.3665061640525173
eciYO844,4.5,24.75,0.3665061640525173
eciYO844,4.5,25.5,0.3665061640525173
eciYO844,4.5,26.25,0.3665061640525173
eciYO844,4.5,27.0,0.3665061640525173
eciYO844,4.5,27.75,0.3665061640525173
eciYO844,4.5,28.5,0.3665061640525173
eciYO844,4.5,29.25,0.3665061640525173
eciYO844,4.5,30.0,0.3665061640525173
eciYO844,4.875,0.0,0.0
eciYO844,4.875,0.75,0.0
eciYO844,4.875,1.5,0.030950442190194053
eciYO844,4.875,2.25,0.0709090620629783
eciYO844,4.875,3.0,0.09867108578812978
eciYO844,4.875,3.75,0.12498337533163136
eciYO844,4.875,4.5,0.1512956648751325
eciYO844,4.875,5.25,0.17760795441863406
eciYO844,4.875,6.0,0.20392024396213546
eciYO844,4.875,6.75,0.23023253350563658
eciYO844,4.875,7.5,0.25378440647257616
eciYO844,4.875,8.25,0.2712867793327538
eciYO844,4.875,9.0,0.28878915219293466
eciYO844,4.875,9.75,0.306165652150759
eciYO844,4.875,10.5,0.3228889860917651
eciYO844,4.875,11.25,0.3396123200327729
eciYO844,4.875,12.0,0.3563356539737808
eciYO844,4.875,12.75,0.3730589879147886
eciYO844,4.875,13.5,0.38831977044937277
eciYO844,4.875,14.25,0.39783013093901626
eciYO844,4.875,15.0,0.39783013093901615
eciYO844,4.875,15.75,0.39783013093901615
eciYO844,4.875,16.5,0.39783013093901615
eciYO844,4.875,17.25,0.39783013093901615
eciYO844,4.875,18.0,0.39783013093901615
eciYO844,4.875,18.75,0.39783013093901615
eciYO844,4.875,19.5,0.39783013093901615
eciYO844,4.875,20.25,0.39783013093901615
eciYO844,4.875,21.0,0.39783013093901615
eciYO844,4.875,21.75,0.39783013093901615
eciYO844,4.875,22.5,0.39783013093901615
eciYO844,4.875,23.25,0.39783013093901615
eciYO844,4.875,24.0,0.39783013093901615
eciYO844,4.875,24.75,0.39783013093901615
eciYO844,4.875,25.5,0.39783013093901615
eciYO844,4.875,26.25,0.39783013093901615
eciYO844,4.875,27.0,0.39783013093901615
eciYO844,4.875,27.75,0.39783013093901615
eciYO844,4.875,28.5,0.39783013093901615
eciYO844,4.875,29.25,0.39783013093901615
eciYO844,4.875,30.0,0.39783013093901615
eciYO844,5.25,0.0,0.0
eciYO844,5.25,0.75,0.0
eciYO844,5.25,1.5,0.03250313995893474
eciYO844,5.25,2.25,0.07259164997633734
eciYO844,5.25,3.0,0.10336970892089843
eciYO844,5.25,3.75,0.1296819984643997
eciYO844,5.25,4.5,0.15599428800790124
eciYO844,5.25,5.25,0.1823065775514033
eciYO844,5.25,6.0,0.20861886709490476
eciYO844,5.25,6.75,0.23493115663840589
eciYO844,5.25,7.5,0.26124344618190715
eciYO844,5.25,8.25,0.2820970684522753
eciYO844,5.25,9.0,0.29959944131245303
eciYO844,5.25,9.75,0.3171018141726307
eciYO844,5.25,10.5,0.334466678820157
eciYO844,5.25,11.25,0.3511900127611648
eciYO844,5.25,12.0,0.36791334670217263
eciYO844,5.25,12.75,0.3846366806431805
eciYO844,5.25,13.5,0.4013600145841883
eciYO844,5.25,14.25,0.41473435633011596
eciYO844,5.25,15.0,0.42674098627590834
eciYO844,5.25,15.75,0.4291540978255106
eciYO844,5.25,16.5,0.4291540978255127
eciYO844,5.25,17.25,0.4291540978255127
eciYO844,5.25,18.0,0.4291540978255127
eciYO844,5.25,18.75,0.4291540978255127
eciYO844,5.25,19.5,0.4291540978255127
eciYO844,5.25,20.25,0.4291540978255127
eciYO844,5.25,21.0,0.4291540978255127
eciYO844,5.25,21.75,0.4291540978255127
eciYO844,5.25,22.5,0.4291540978255127
eciYO844,5.25,23.25,0.4291540978255127
eciYO844,5.25,24.0,0.4291540978255127
eciYO844,5.25,24.75,0.4291540978255127
eciYO844,5.25,25.5,0.4291540978255127
eciYO844,5.25,26.25,0.4291540978255127
eciYO844,5.25,27.0,0.4291540978255127
eciYO844,5.25,27.75,0.4291540978255127
eciYO844,5.25,28.5,0.4291540978255127
eciYO844,5.25,29.25,0.4291540978255127
eciYO844,5.25,30.0,0.4291540978255127
eciYO844,5.625,0.0,0.0
eciYO844,5.625,0.75,0.0
eciYO844,5.625,1.5,0.033943784997878805
eciYO844,5.625,2.25,0.07397475332364671
eciYO844,5.625,3.0,0.10806833205366705
eciYO844,5.625,3.75,0.1343806215971684
eciYO844,5.625,4.5,0.16069291114066953
eciYO844,5.625,5.25,0.18700520068417265
eciYO844,5.625,6.0,0.21331749022767396
eciYO844,5.625,6.75,0.2396297797711742
eciYO844,5.625,7.5,0.2659420693146764
eciYO844,5.625,8.25,0.29225435885817774
eciYO844,5.625,9.0,0.3104097304319745
eciYO844,5.625,9.75,0.3279121032921521
eciYO844,5.625,10.5,0.34541447615232984
eciYO844,5.625,11.25,0.36276770548955495
eciYO844,5.625,12.0,0.3794910394305627
eciYO844,5.625,12.75,0.3962143733715706
eciYO844,5.625,13.5,0.41293770731257845
eciYO844,5.625,14.25,0.429142312265067
eciYO844,5.625,15.0,0.44114894221085854
eciYO844,5.625,15.75,0.4531555721566519
eciYO844,5.625,16.5,0.4604780647120096
eciYO844,5.625,17.25,0.4604780647120118
eciYO844,5.625,18.0,0.4604780647120118
eciYO844,5.625,18.75,0.4604780647120118
eciYO844,5.625,19.5,0.4604780647120118
eciYO844,5.625,20.25,0.4604780647120118
eciYO844,5.625,21.0,0.4604780647120118
eciYO844,5.625,21.75,0.4604780647120118
eciYO844,5.625,22.5,0.4604780647120118
eciYO844,5.625,23.25,0.4604780647120118
eciYO844,5.625,24.0,0.4604780647120118
eciYO844,5.625,24.75,0.4604780647120118
eciYO844,5.625,25.5,0.4604780647120118
eciYO844,5.625,26.25,0.4604780647120118
eciYO844,5.625,27.0,0.4604780647120118
eciYO844,5.625,27.75,0.4604780647120118
eciYO844,5.625,28.5,0.4604780647120118
eciYO844,5.625,29.25,0.4604780647120118
eciYO844,5.625,30.0,0.4604780647120118
eciYO844,6.0,0.0,0.0
eciYO844,6.0,0.75,0.0
eciYO844,6.0,1.5,0.03549137397954244
eciYO844,6.0,2.25,0.07552234230530866
eciYO844,6.0,3.0,0.11249714863193022
eciYO844,6.0,3.75,0.13907924472993632
eciYO844,6.0,4.5,0.16539153427343886
eciYO844,6.0,5.25,0.19170382381694018
eciYO844,6.0,6.0,0.2180161133604413
eciYO844,6.0,6.75,0.24432840290394264
eciYO844,6.0,7.5,0.270640692447444
eciYO844,6.0,8.25,0.29695298199094533
eciYO844,6.0,9.0,0.32122001955149593
eciYO844,6.0,9.75,0.3387223924116735
eciYO844,6.0,10.5,0.35622476527185126
eciYO844,6.0,11.25,0.3737271381320288
eciYO844,6.0,12.0,0.391068732158952
eciYO844,6.0,12.75,0.40779206609995977
eciYO844,6.0,13.5,0.42451540004096766
eciYO844,6.0,14.25,0.4412387339819755
eciYO844,6.0,15.0,0.4555568981458101
eciYO844,6.0,15.75,0.46756352809160245
eciYO844,6.0,16.5,0.4795701580373949
eciYO844,6.0,17.25,0.49157678798318777
eciYO844,6.0,18.0,0.49180203159850866
eciYO844,6.0,18.75,0.4918020315985043
eciYO844,6.0,19.5,0.4918020315985043
eciYO844,6.0,20.25,0.4918020315985043
eciYO844,6.0,21.0,0.4918020315985043
eciYO844,6.0,21.75,0.4918020315985043
eciYO844,6.0,22.5,0.4918020315985043
eciYO844,6.0,23.25,0.4918020315985043
eciYO844,6.0,24.0,0.4918020315985043
eciYO844,6.0,24.75,0.4918020315985043
eciYO844,6.0,25.5,0.4918020315985043
eciYO844,6.0,26.25,0.4918020315985043
eciYO844,6.0,27.0,0.4918020315985043
eciYO844,6.0,27.75,0.4918020315985043
eciYO844,6.0,28.5,0.4918020315985043
eciYO844,6.0,29.25,0.4918020315985043
eciYO844,6.0,30.0,0.4918020315985043
eciYO844,6.375,0.0,0.0
eciYO844,6.375,0.75,0.0
eciYO844,6.375,1.5,0.037038962961212125
eciYO844,6.375,2.25,0.0770699312869775
eciYO844,6.375,3.0,0.11633227869892795
eciYO844,6.375,3.75,0.14377786786270574
eciYO844,6.375,4.5,0.17009015740620712
eciYO844,6.375,5.25,0.19640244694970838
eciYO844,6.375,6.0,0.22271473649320972
eciYO844,6.375,6.75,0.2490270260367111
eciYO844,6.375,7.5,0.27533931558021246
eciYO844,6.375,8.25,0.3016516051237139
eciYO844,6.375,9.0,0.32796389466721526
eciYO844,6.375,9.75,0.3495326815311952
eciYO844,6.375,10.5,0.3670350543913726
eciYO844,6.375,11.25,0.38453742725155055
eciYO844,6.375,12.0,0.40203980011172813
eciYO844,6.375,12.75,0.4193697588283507
eciYO844,6.375,13.5,0.4360930927693584
eciYO844,6.375,14.25,0.4528164267103663
eciYO844,6.375,15.0,0.4695397606513742
eciYO844,6.375,15.75,0.4819714840265536
eciYO844,6.375,16.5,0.4939781139723461
eciYO844,6.375,17.25,0.5059847439181385
eciYO844,6.375,18.0,0.5169335268877499
eciYO844,6.375,18.75,0.5180973797735545
eciYO844,6.375,19.5,0.5180973797735545
eciYO844,6.375,20.25,0.5180973797735545
eciYO844,6.375,21.0,0.5180973797735545
eciYO844,6.375,21.75,0.5180973797735545
eciYO844,6.375,22.5,0.5180973797735545
eciYO844,6.375,23.25,0.5180973797735545
eciYO844,6.375,24.0,0.5180973797735545
eciYO844,6.375,24.75,0.5180973797735545
eciYO844,6.375,25.5,0.5180973797735545
eciYO844,6.375,26.25,0.5180973797735545
eciYO844,6.375,27.0,0.5180973797735545
eciYO844,6.375,27.75,0.5180973797735545
eciYO844,6.375,28.5,0.5180973797735545
eciYO844,6.375,29.25,0.5180973797735545
eciYO844,6.375,30.0,0.5180973797735545
eciYO844,6.75,0.0,0.0
eciYO844,6.75,0.75,0.0
eciYO844,6.75,1.5,0.03858655194287802
eciYO844,6.75,2.25,0.07861752026864567
eciYO844,6.75,3.0,0.11874263274275021
eciYO844,6.75,3.75,0.1484764909954753
eciYO844,6.75,4.5,0.17478878053897667
eciYO844,6.75,5.25,0.20110107008247796
eciYO844,6.75,6.0,0.22741335962597925
eciYO844,6.75,6.75,0.25372564916948037
eciYO844,6.75,7.5,0.28003793871298177
eciYO844,6.75,8.25,0.3063502282564833
eciYO844,6.75,9.0,0.3326625177999846
eciYO844,6.75,9.75,0.3589748073434857
eciYO844,6.75,10.5,0.3778453435108942
eciYO844,6.75,11.25,0.39534771637107186
eciYO844,6.75,12.0,0.41285008923124966
eciYO844,6.75,12.75,0.43035246209142736
eciYO844,6.75,13.5,0.4476707854977481
eciYO844,6.75,14.25,0.4643941194387553
eciYO844,6.75,15.0,0.48111745337976314
eciYO844,6.75,15.75,0.49637943996150463
eciYO844,6.75,16.5,0.5083860699072967
eciYO844,6.75,17.25,0.520392699853089
eciYO844,6.75,18.0,0.5323993297988813
eciYO844,6.75,18.75,0.5395513407127094
eciYO844,6.75,19.5,0.5396911005676798
eciYO844,6.75,20.25,0.5396911005676798
eciYO844,6.75,21.0,0.5396911005676798
eciYO844,6.75,21.75,0.5396911005676798
eciYO844,6.75,22.5,0.5396911005676798
eciYO844,6.75,23.25,0.5396911005676798
eciYO844,6.75,24.0,0.5396911005676798
eciYO844,6.75,24.75,0.5396911005676798
eciYO844,6.75,25.5,0.5396911005676798
eciYO844,6.75,26.25,0.5396911005676798
eciYO844,6.75,27.0,0.5396911005676798
eciYO844,6.75,27.75,0.5396911005676798
eciYO844,6.75,28.5,0.5396911005676798
eciYO844,6.75,29.25,0.5396911005676798
eciYO844,6.75,30.0,0.5396911005676798
eciYO844,7.125,0.0,0.0
eciYO844,7.125,0.75,0.0
eciYO844,7.125,1.5,0.03997209200063067
eciYO844,7.125,2.25,0.08002246803524235
eciYO844,7.125,3.0,0.12030228570581501
eciYO844,7.125,3.75,0.15317511412824422
eciYO844,7.125,4.5,0.17948740367174554
eciYO844,7.125,5.25,0.20579969321524666
eciYO844,7.125,6.0,0.23211198275874803
eciYO844,7.125,6.75,0.2584242723022493
eciYO844,7.125,7.5,0.28473656184575064
eciYO844,7.125,8.25,0.3110488513892519
eciYO844,7.125,9.0,0.33736114093275327
eciYO844,7.125,9.75,0.3636734304762546
eciYO844,7.125,10.5,0.3886556326304152
eciYO844,7.125,11.25,0.40615800549059333
eciYO844,7.125,12.0,0.42366037835077114
eciYO844,7.125,12.75,0.44116275121094906
eciYO844,7.125,13.5,0.4586651240711267
eciYO844,7.125,14.25,0.4759718121671465
eciYO844,7.125,15.0,0.49269514610815435
eciYO844,7.125,15.75,0.5094184800491621
eciYO844,7.125,16.5,0.5227940258422479
eciYO844,7.125,17.25,0.5348006557880403
eciYO844,7.125,18.0,0.5468072857338327
eciYO844,7.125,18.75,0.5588139156796251
eciYO844,7.125,19.5,0.561284821361802
eciYO844,7.125,20.25,0.561284821361804
eciYO844,7.125,21.0,0.561284821361804
eciYO844,7.125,21.75,0.561284821361804
eciYO844,7.125,22.5,0.561284821361804
eciYO844,7.125,23.25,0.561284821361804
eciYO844,7.125,24.0,0.561284821361804
eciYO844,7.125,24.75,0.561284821361804
eciYO844,7.125,25.5,0.561284821361804
eciYO844,7.125,26.25,0.561284821361804
eciYO844,7.125,27.0,0.561284821361804
eciYO844,7.125,27.75,0.561284821361804
eciYO844,7.125,28.5,0.561284821361804
eciYO844,7.125,29.25,0.561284821361804
eciYO844,7.125,30.0,0.561284821361804
eciYO844,7.5,0.0,0.0
eciYO844,7.5,0.75,0.0
eciYO844,7.5,1.5,0.040797872949797864
eciYO844,7.5,2.25,0.08084824898440966
eciYO844,7.5,3.0,0.12055327419946535
eciYO844,7.5,3.75,0.15548263764829945
eciYO844,7.5,4.5,0.1826649169574429
eciYO844,7.5,5.25,0.2098471962665854
eciYO844,7.5,6.0,0.2368106058915127
eciYO844,7.5,6.75,0.2631228954350168
eciYO844,7.5,7.5,0.28943518497851795
eciYO844,7.5,8.25,0.3157474745220193
eciYO844,7.5,9.0,0.34205976406552063
eciYO844,7.5,9.75,0.3683720536090219
eciYO844,7.5,10.5,0.3946843431525232
eciYO844,7.5,11.25,0.4169682946101149
eciYO844,7.5,12.0,0.4344706674702844
eciYO844,7.5,12.75,0.45197304033047253
eciYO844,7.5,13.5,0.46947541319064806
eciYO844,7.5,14.25,0.486668837080624
eciYO844,7.5,15.0,0.5036854378405011
eciYO844,7.5,15.75,0.5204159922455069
eciYO844,7.5,16.5,0.536898513477399
eciYO844,7.5,17.25,0.5492086117229912
eciYO844,7.5,18.0,0.5612152416687834
eciYO844,7.5,18.75,0.5732218716145795
eciYO844,7.5,19.5,0.5825921470699512
eciYO844,7.5,20.25,0.5828785421559263
eciYO844,7.5,21.0,0.5828785421559285
eciYO844,7.5,21.75,0.5828785421559285
eciYO844,7.5,22.5,0.5828785421559285
eciYO844,7.5,23.25,0.5828785421559285
eciYO844,7.5,24.0,0.5828785421559285
eciYO844,7.5,24.75,0.5828785421559285
eciYO844,7.5,25.5,0.5828785421559285
eciYO844,7.5,26.25,0.5828785421559285
eciYO844,7.5,27.0,0.5828785421559285
eciYO844,7.5,27.75,0.5828785421559285
eciYO844,7.5,28.5,0.5828785421559285
eciYO844,7.5,29.25,0.5828785421559285
eciYO844,7.5,30.0,0.5828785421559285
eciYO844,7.875,0.0,0.0
eciYO844,7.875,0.75,0.0
eciYO844,7.875,1.5,0.0416236538989652
eciYO844,7.875,2.25,0.0815414202485038
eciYO844,7.875,3.0,0.1205532741994659
eciYO844,7.875,3.75,0.15548263764829928
eciYO844,7.875,4.5,0.18266491695744277
eciYO844,7.875,5.25,0.20984719626658518
eciYO844,7.875,6.0,0.2370294755757279
eciYO844,7.875,6.75,0.26421175488487164
eciYO844,7.875,7.5,0.2913940341940147
eciYO844,7.875,8.25,0.31857631350315785
eciYO844,7.875,9.0,0.34575859281230115
eciYO844,7.875,9.75,0.3729408721214442
eciYO844,7.875,10.5,0.39938296628528935
eciYO844,7.875,11.25,0.4256952558287932
eciYO844,7.875,12.0,0.44528095658981226
eciYO844,7.875,12.75,0.4627833294499858
eciYO844,7.875,13.5,0.4801039623651821
eciYO844,7.875,14.25,0.49722412583875303
eciYO844,7.875,15.0,0.5138806996908691
eciYO844,7.875,15.75,0.5307495664417937
eciYO844,7.875,16.5,0.5476184331927181
eciYO844,7.875,17.25,0.5636165676579431
eciYO844,7.875,18.0,0.5756231976037361
eciYO844,7.875,18.75,0.5876298275495283
eciYO844,7.875,19.5,0.5996364574953207
eciYO844,7.875,20.25,0.604472262950051
eciYO844,7.875,21.0,0.6044722629500533
eciYO844,7.875,21.75,0.6044722629500533
eciYO844,7.875,22.5,0.6044722629500533
eciYO844,7.875,23.25,0.6044722629500533
eciYO844,7.875,24.0,0.6044722629500533
eciYO844,7.875,24.75,0.6044722629500533
eciYO844,7.875,25.5,0.6044722629500533
eciYO844,7.875,26.25,0.6044722629500533
eciYO844,7.875,27.0,0.6044722629500533
eciYO844,7.875,27.75,0.6044722629500533
eciYO844,7.875,28.5,0.6044722629500533
eciYO844,7.875,29.25,0.6044722629500533
eciYO844,7.875,30.0,0.6044722629500533
eciYO844,8.25,0.0,0.0
eciYO844,8.25,0.75,0.0
eciYO844,8.25,1.5,0.04181499891259887
eciYO844,8.25,2.25,0.08127327981832212
eciYO844,8.25,3.0,0.12055327419946618
eciYO844,8.25,3.75,0.15548263764829895
eciYO844,8.25,4.5,0.18266491695744233
eciYO844,8.25,5.25,0.20984719626658552
eciYO844,8.25,6.0,0.2370294755757287
eciYO844,8.25,6.75,0.26421175488487186
eciYO844,8.25,7.5,0.2913940341940151
eciYO844,8.25,8.25,0.3185763135031583
eciYO844,8.25,9.0,0.3457585928123014
eciYO844,8.25,9.75,0.37294087212144467
eciYO844,8.25,10.5,0.40012315143058785
eciYO844,8.25,11.25,0.42730543073973104
eciYO844,8.25,12.0,0.4528985106092328
eciYO844,8.25,12.75,0.471241726460187
eciYO844,8.25,13.5,0.4884827691052561
eciYO844,8.25,14.25,0.5057238117503251
eciYO844,8.25,15.0,0.5222184091288886
eciYO844,8.25,15.75,0.5392204309840473
eciYO844,8.25,16.5,0.556222452839201
eciYO844,8.25,17.25,0.573224474694355
eciYO844,8.25,18.0,0.5900311535386855
eciYO844,8.25,18.75,0.6020377834844809
eciYO844,8.25,19.5,0.614044413430273
eciYO844,8.25,20.25,0.6241848146320934
eciYO844,8.25,21.0,0.6241848146320927
eciYO844,8.25,21.75,0.6241848146320917
eciYO844,8.25,22.5,0.6241848146320917
eciYO844,8.25,23.25,0.6241848146320917
eciYO844,8.25,24.0,0.6241848146320917
eciYO844,8.25,24.75,0.6241848146320917
eciYO844,8.25,25.5,0.6241848146320917
eciYO844,8.25,26.25,0.6241848146320917
eciYO844,8.25,27.0,0.6241848146320917
eciYO844,8.25,27.75,0.6241848146320917
eciYO844,8.25,28.5,0.6241848146320917
eciYO844,8.25,29.25,0.6241848146320917
eciYO844,8.25,30.0,0.6241848146320917
eciYO844,8.625,0.0,0.0
eciYO844,8.625,0.75,0.0
eciYO844,8.625,1.5,0.04181499891259887
eciYO844,8.625,2.25,0.08127327981832212
eciYO844,8.625,3.0,0.12055327419946618
eciYO844,8.625,3.75,0.15548263764829895
eciYO844,8.625,4.5,0.18266491695744233
eciYO844,8.625,5.25,0.20984719626658552
eciYO844,8.625,6.0,0.2370294755757287
eciYO844,8.625,6.75,0.26421175488487186
eciYO844,8.625,7.5,0.2913940341940151
eciYO844,8.625,8.25,0.3185763135031583
eciYO844,8.625,9.0,0.3457585928123014
eciYO844,8.625,9.75,0.37294087212144467
eciYO844,8.625,10.5,0.40012315143058785
eciYO844,8.625,11.25,0.42730543073973104
eciYO844,8.625,12.0,0.4527909077685895
eciYO844,8.625,12.75,0.47252118014585254
eciYO844,8.625,13.5,0.491690529692302
eciYO844,8.625,14.25,0.5097025138991865
eciYO844,8.625,15.0,0.5269435565442563
eciYO844,8.625,15.75,0.5441845991893255
eciYO844,8.625,16.5,0.5614256418343946
eciYO844,8.625,17.25,0.5786666844794638
eciYO844,8.625,18.0,0.595907727124533
eciYO844,8.625,18.75,0.6131487697696021
eciYO844,8.625,19.5,0.6241848146320914
eciYO844,8.625,20.25,0.6241848146320924
eciYO844,8.625,21.0,0.624184814632099
eciYO844,8.625,21.75,0.6241848146320877
eciYO844,8.625,22.5,0.6241848146320877
eciYO844,8.625,23.25,0.6241848146320877
eciYO844,8.625,24.0,0.6241848146320877
eciYO844,8.625,24.75,0.6241848146320877
eciYO844,8.625,25.5,0.6241848146320877
eciYO844,8.625,26.25,0.6241848146320877
eciYO844,8.625,27.0,0.6241848146320877
eciYO844,8.625,27.75,0.6241848146320877
eciYO844,8.625,28.5,0.6241848146320877
eciYO844,8.625,29.25,0.6241848146320877
eciYO844,8.625,30.0,0.6241848146320877
eciYO844,9.0,0.0,0.0
eciYO844,9.0,0.75,0.0
eciYO844,9.0,1.5,0.04181499891259887
eciYO844,9.0,2.25,0.08127327981832212
eciYO844,9.0,3.0,0.12055327419946618
eciYO844,9.0,3.75,0.15548263764829895
eciYO844,9.0,4.5,0.18266491695744233
eciYO844,9.0,5.25,0.20984719626658552
eciYO844,9.0,6.0,0.2370294755757287
eciYO844,9.0,6.75,0.26421175488487186
eciYO844,9.0,7.5,0.2913940341940151
eciYO844,9.0,8.25,0.3185763135031583
eciYO844,9.0,9.0,0.3457585928123014
eciYO844,9.0,9.75,0.37294087212144467
eciYO844,9.0,10.5,0.40012315143058785
eciYO844,9.0,11.25,0.42730543073973104
eciYO844,9.0,12.0,0.4527909077685895
eciYO844,9.0,12.75,0.47252118014585254
eciYO844,9.0,13.5,0.491690529692302
eciYO844,9.0,14.25,0.5108598792387543
eciYO844,9.0,15.0,0.5296857992304612
eciYO844,9.0,15.75,0.547197936796467
eciYO844,9.0,16.5,0.5647100743624727
eciYO844,9.0,17.25,0.5822222119284785
eciYO844,9.0,18.0,0.5997343494944841
eciYO844,9.0,18.75,0.6171274719184634
eciYO844,9.0,19.5,0.6241848146320927
eciYO844,9.0,20.25,0.6241848146320931
eciYO844,9.0,21.0,0.6241848146320874
eciYO844,9.0,21.75,0.6241848146320874
eciYO844,9.0,22.5,0.6241848146320874
eciYO844,9.0,23.25,0.6241848146320874
eciYO844,9.0,24.0,0.6241848146320874
eciYO844,9.0,24.75,0.6241848146320874
eciYO844,9.0,25.5,0.6241848146320874
eciYO844,9.0,26.25,0.6241848146320874
eciYO844,9.0,27.0,0.6241848146320874
eciYO844,9.0,27.75,0.6241848146320874
eciYO844,9.0,28.5,0.6241848146320874
eciYO844,9.0,29.25,0.6241848146320874
eciYO844,9.0,30.0,0.6241848146320874
eciYO844,9.375,0.0,0.0
eciYO844,9.375,0.75,0.0
eciYO844,9.375,1.5,0.04181499891259887
eciYO844,9.375,2.25,0.08127327981832212
eciYO844,9.375,3.0,0.12055327419946618
eciYO844,9.375,3.75,0.15548263764829895
eciYO844,9.375,4.5,0.18266491695744233
eciYO844,9.375,5.25,0.20984719626658552
eciYO844,9.375,6.0,0.2370294755757287
eciYO844,9.375,6.75,0.26421175488487186
eciYO844,9.375,7.5,0.2913940341940151
eciYO844,9.375,8.25,0.3185763135031583
eciYO844,9.375,9.0,0.3457585928123014
eciYO844,9.375,9.75,0.37294087212144467
eciYO844,9.375,10.5,0.40012315143058785
eciYO844,9.375,11.25,0.42730543073973104
eciYO844,9.375,12.0,0.4527909077685895
eciYO844,9.375,12.75,0.47252118014585254
eciYO844,9.375,13.5,0.491690529692302
eciYO844,9.375,14.25,0.5108598792387543
eciYO844,9.375,15.0,0.5296857992304612
eciYO844,9.375,15.75,0.547197936796467
eciYO844,9.375,16.5,0.5647100743624727
eciYO844,9.375,17.25,0.5822222119284785
eciYO844,9.375,18.0,0.5997343494944841
eciYO844,9.375,18.75,0.6172464870604899
eciYO844,9.375,19.5,0.6241848146320884
eciYO844,9.375,20.25,0.6241848146320931
eciYO844,9.375,21.0,0.624184814632093
eciYO844,9.375,21.75,0.624184814632093
eciYO844,9.375,22.5,0.624184814632093
eciYO844,9.375,23.25,0.624184814632093
eciYO844,9.375,24.0,0.624184814632093
eciYO844,9.375,24.75,0.624184814632093
eciYO844,9.375,25.5,0.624184814632093
eciYO844,9.375,26.25,0.624184814632093
eciYO844,9.375,27.0,0.624184814632093
eciYO844,9.375,27.75,0.624184814632093
eciYO844,9.375,28.5,0.624184814632093
eciYO844,9.375,29.25,0.624184814632093
eciYO844,9.375,30.0,0.624184814632093
eciYO844,9.75,0.0,0.0
eciYO844,9.75,0.75,0.0
eciYO844,9.75,1.5,0.04181499891259887
eciYO844,9.75,2.25,0.08127327981832212
eciYO844,9.75,3.0,0.12055327419946618
eciYO844,9.75,3.75,0.15548263764829895
eciYO844,9.75,4.5,0.18266491695744233
eciYO844,9.75,5.25,0.20984719626658552
eciYO844,9.75,6.0,0.2370294755757287
eciYO844,9.75,6.75,0.26421175488487186
eciYO844,9.75,7.5,0.2913940341940151
eciYO844,9.75,8.25,0.3185763135031583
eciYO844,9.75,9.0,0.3457585928123014
eciYO844,9.75,9.75,0.37294087212144467
eciYO844,9.75,10.5,0.40012315143058785
eciYO844,9.75,11.25,0.42730543073973104
eciYO844,9.75,12.0,0.4527909077685895
eciYO844,9.75,12.75,0.47252118014585254
eciYO844,9.75,13.5,0.491690529692302
eciYO844,9.75,14.25,0.5108598792387543
eciYO844,9.75,15.0,0.5296857992304612
eciYO844,9.75,15.75,0.547197936796467
eciYO844,9.75,16.5,0.5647100743624727
eciYO844,9.75,17.25,0.5822222119284785
eciYO844,9.75,18.0,0.5997343494944841
eciYO844,9.75,18.75,0.6172464870604899
eciYO844,9.75,19.5,0.6241848146320884
eciYO844,9.75,20.25,0.6241848146320931
eciYO844,9.75,21.0,0.624184814632093
eciYO844,9.75,21.75,0.624184814632093
eciYO844,9.75,22.5,0.624184814632093
eciYO844,9.75,23.25,0.624184814632093
eciYO844,9.75,24.0,0.624184814632093
eciYO844,9.75,24.75,0.624184814632093
eciYO844,9.75,25.5,0.624184814632093
eciYO844,9.75,26.25,0.624184814632093
eciYO844,9.75,27.0,0.624184814632093
eciYO844,9.75,27.75,0.624184814632093
eciYO844,9.75,28.5,0.624184814632093
eciYO844,9.75,29.25,0.624184814632093
eciYO844,9.75,30.0,0.624184814632093
eciYO844,10.125,0.0,0.0
eciYO844,10.125,0.75,0.0
eciYO844,10.125,1.5,0.04181499891259887
eciYO844,10.125,2.25,0.08127327981832212
eciYO844,10.125,3.0,0.12055327419946618
eciYO844,10.125,3.75,0.15548263764829895
eciYO844,10.125,4.5,0.18266491695744233
eciYO844,10.125,5.25,0.20984719626658552
eciYO844,10.125,6.0,0.2370294755757287
eciYO844,10.125,6.75,0.26421175488487186
eciYO844,10.125,7.5,0.2913940341940151
eciYO844,10.125,8.25,0.3185763135031583
eciYO844,10.125,9.0,0.3457585928123014
eciYO844,10.125,9.75,0.37294087212144467
eciYO844,10.125,10.5,0.40012315143058785
eciYO844,10.125,11.25,0.42730543073973104
eciYO844,10.125,12.0,0.4527909077685895
eciYO844,10.125,12.75,0.47252118014585254
eciYO844,10.125,13.5,0.491690529692302
eciYO844,10.125,14.25,0.5108598792387543
eciYO844,10.125,15.0,0.5296857992304612
eciYO844,10.125,15.75,0.547197936796467
eciYO844,10.125,16.5,0.5647100743624727
eciYO844,10.125,17.25,0.5822222119284785
eciYO844,10.125,18.0,0.5997343494944841
eciYO844,10.125,18.75,0.6172464870604899
eciYO844,10.125,19.5,0.6241848146320884
eciYO844,10.125,20.25,0.6241848146320931
eciYO844,10.125,21.0,0.624184814632093
eciYO844,10.125,21.75,0.624184814632093
eciYO844,10.125,22.5,0.624184814632093
eciYO844,10.125,23.25,0.624184814632093
eciYO844,10.125,24.0,0.624184814632093
eciYO844,10.125,24.75,0.624184814632093
eciYO844,10.125,25.5,0.624184814632093
eciYO844,10.125,26.25,0.624184814632093
eciYO844,10.125,27.0,0.624184814632093
eciYO844,10.125,27.75,0.624184814632093
eciYO844,10.125,28.5,0.624184814632093
eciYO844,10.125,29.25,0.624184814632093
eciYO844,10.125,30.0,0.624184814632093
eciYO844,10.5,0.0,0.0
eciYO844,10.5,0.75,0.0
eciYO844,10.5,1.5,0.04181499891259887
eciYO844,10.5,2.25,0.08127327981832212
eciYO844,10.5,3.0,0.12055327419946618
eciYO844,10.5,3.75,0.15548263764829895
eciYO844,10.5,4.5,0.18266491695744233
eciYO844,10.5,5.25,0.20984719626658552
eciYO844,10.5,6.0,0.2370294755757287
eciYO844,10.5,6.75,0.26421175488487186
eciYO844,10.5,7.5,0.2913940341940151
eciYO844,10.5,8.25,0.3185763135031583
eciYO844,10.5,9.0,0.3457585928123014
eciYO844,10.5,9.75,0.37294087212144467
eciYO844,10.5,10.5,0.40012315143058785
eciYO844,10.5,11.25,0.42730543073973104
eciYO844,10.5,12.0,0.4527909077685895
eciYO844,10.5,12.75,0.47252118014585254
eciYO844,10.5,13.5,0.491690529692302
eciYO844,10.5,14.25,0.5108598792387543
eciYO844,10.5,15.0,0.5296857992304612
eciYO844,10.5,15.75,0.547197936796467
eciYO844,10.5,16.5,0.5647100743624727
eciYO844,10.5,17.25,0.5822222119284785
eciYO844,10.5,18.0,0.5997343494944841
eciYO844,10.5,18.75,0.6172464870604899
eciYO844,10.5,19.5,0.6241848146320884
eciYO844,10.5,20.25,0.6241848146320931
eciYO844,10.5,21.0,0.624184814632093
eciYO844,10.5,21.75,0.624184814632093
eciYO844,10.5,22.5,0.624184814632093
eciYO844,10.5,23.25,0.624184814632093
eciYO844,10.5,24.0,0.624184814632093
eciYO844,10.5,24.75,0.624184814632093
eciYO844,10.5,25.5,0.624184814632093
eciYO844,10.5,26.25,0.624184814632093
eciYO844,10.5,27.0,0.624184814632093
eciYO844,10.5,27.75,0.624184814632093
eciYO844,10.5,28.5,0.624184814632093
eciYO844,10.5,29.25,0.624184814632093
eciYO844,10.5,30.0,0.624184814632093
eciYO844,10.875,0.0,0.0
eciYO844,10.875,0.75,0.0
eciYO844,10.875,1.5,0.04181499891259887
eciYO844,10.875,2.25,0.08127327981832212
eciYO844,10.875,3.0,0.12055327419946618
eciYO844,10.875,3.75,0.15548263764829895
eciYO844,10.875,4.5,0.18266491695744233
eciYO844,10.875,5.25,0.20984719626658552
eciYO844,10.875,6.0,0.2370294755757287
eciYO844,10.875,6.75,0.26421175488487186
eciYO844,10.875,7.5,0.2913940341940151
eciYO844,10.875,8.25,0.3185763135031583
eciYO844,10.875,9.0,0.3457585928123014
eciYO844,10.875,9.75,0.37294087212144467
eciYO844,10.875,10.5,0.40012315143058785
eciYO844,10.875,11.25,0.42730543073973104
eciYO844,10.875,12.0,0.4527909077685895
eciYO844,10.875,12.75,0.47252118014585254
eciYO844,10.875,13.5,0.491690529692302
eciYO844,10.875,14.25,0.5108598792387543
eciYO844,10.875,15.0,0.5296857992304612
eciYO844,10.875,15.75,0.547197936796467
eciYO844,10.875,16.5,0.5647100743624727
eciYO844,10.875,17.25,0.5822222119284785
eciYO844,10.875,18.0,0.5997343494944841
eciYO844,10.875,18.75,0.6172464870604899
eciYO844,10.875,19.5,0.6241848146320884
eciYO844,10.875,20.25,0.6241848146320931
eciYO844,10.875,21.0,0.624184814632093
eciYO844,10.875,21.75,0.624184814632093
eciYO844,10.875,22.5,0.624184814632093
eciYO844,10.875,23.25,0.624184814632093
eciYO844,10.875,24.0,0.624184814632093
eciYO844,10.875,24.75,0.624184814632093
eciYO844,10.875,25.5,0.624184814632093
eciYO844,10.875,26.25,0.624184814632093
eciYO844,10.875,27.0,0.624184814632093
eciYO844,10.875,27.75,0.624184814632093
eciYO844,10.875,28.5,0.624184814632093
eciYO844,10.875,29.25,0.624184814632093
eciYO844,10.875,30.0,0.624184814632093
eciYO844,11.25,0.0,0.0
eciYO844,11.25,0.75,0.0
eciYO844,11.25,1.5,0.04181499891259887
eciYO844,11.25,2.25,0.08127327981832212
eciYO844,11.25,3.0,0.12055327419946618
eciYO844,11.25,3.75,0.15548263764829895
eciYO844,11.25,4.5,0.18266491695744233
eciYO844,11.25,5.25,0.20984719626658552
eciYO844,11.25,6.0,0.2370294755757287
eciYO844,11.25,6.75,0.26421175488487186
eciYO844,11.25,7.5,0.2913940341940151
eciYO844,11.25,8.25,0.3185763135031583
eciYO844,11.25,9.0,0.3457585928123014
eciYO844,11.25,9.75,0.37294087212144467
eciYO844,11.25,10.5,0.40012315143058785
eciYO844,11.25,11.25,0.42730543073973104
eciYO844,11.25,12.0,0.4527909077685895
eciYO844,11.25,12.75,0.47252118014585254
eciYO844,11.25,13.5,0.491690529692302
eciYO844,11.25,14.25,0.5108598792387543
eciYO844,11.25,15.0,0.5296857992304612
eciYO844,11.25,15.75,0.547197936796467
eciYO844,11.25,16.5,0.5647100743624727
eciYO844,11.25,17.25,0.5822222119284785
eciYO844,11.25,18.0,0.5997343494944841
eciYO844,11.25,18.75,0.6172464870604899
eciYO844,11.25,19.5,0.6241848146320884
eciYO844,11.25,20.25,0.6241848146320931
eciYO844,11.25,21.0,0.624184814632093
eciYO844,11.25,21.75,0.624184814632093
eciYO844,11.25,22.5,0.624184814632093
eciYO844,11.25,23.25,0.624184814632093
eciYO844,11.25,24.0,0.624184814632093
eciYO844,11.25,24.75,0.624184814632093
eciYO844,11.25,25.5,0.624184814632093
eciYO844,11.25,26.25,0.624184814632093
eciYO844,11.25,27.0,0.624184814632093
eciYO844,11.25,27.75,0.624184814632093
eciYO844,11.25,28.5,0.624184814632093
eciYO844,11.25,29.25,0.624184814632093
eciYO844,11.25,30.0,0.624184814632093
eciYO844,11.625,0.0,0.0
eciYO844,11.625,0.75,0.0
eciYO844,11.625,1.5,0.04181499891259887
eciYO844,11.625,2.25,0.08127327981832212
eciYO844,11.625,3.0,0.12055327419946618
eciYO844,11.625,3.75,0.15548263764829895
eciYO844,11.625,4.5,0.18266491695744233
eciYO844,11.625,5.25,0.20984719626658552
eciYO844,11.625,6.0,0.2370294755757287
eciYO844,11.625,6.75,0.26421175488487186
eciYO844,11.625,7.5,0.2913940341940151
eciYO844,11.625,8.25,0.3185763135031583
eciYO844,11.625,9.0,0.3457585928123014
eciYO844,11.625,9.75,0.37294087212144467
eciYO844,11.625,10.5,0.40012315143058785
eciYO844,11.625,11.25,0.42730543073973104
eciYO844,11.625,12.0,0.4527909077685895
eciYO844,11.625,12.75,0.47252118014585254
eciYO844,11.625,13.5,0.491690529692302
eciYO844,11.625,14.25,0.5108598792387543
eciYO844,11.625,15.0,0.5296857992304612
eciYO844,11.625,15.75,0.547197936796467
eciYO844,11.625,16.5,0.5647100743624727
eciYO844,11.625,17.25,0.5822222119284785
eciYO844,11.625,18.0,0.5997343494944841
eciYO844,11.625,18.75,0.6172464870604899
eciYO844,11.625,19.5,0.6241848146320884
eciYO844,11.625,20.25,0.6241848146320931
eciYO844,11.625,21.0,0.624184814632093
eciYO844,11.625,21.75,0.624184814632093
eciYO844,11.625,22.5,0.624184814632093
eciYO844,11.625,23.25,0.624184814632093
eciYO844,11.625,24.0,0.624184814632093
eciYO844,11.625,24.75,0.624184814632093
eciYO844,11.625,25.5,0.624184814632093
eciYO844,11.625,26.25,0.624184814632093
eciYO844,11.625,27.0,0.624184814632093
eciYO844,11.625,27.75,0.624184814632093
eciYO844,11.625,28.5,0.624184814632093
eciYO844,11.625,29.25,0.624184814632093
eciYO844,11.625,30.0,0.624184814632093
eciYO844,12.0,0.0,0.0
eciYO844,12.0,0.75,0.0
eciYO844,12.0,1.5,0.04181499891259887
eciYO844,12.0,2.25,0.08127327981832212
eciYO844,12.0,3.0,0.12055327419946618
eciYO844,12.0,3.75,0.15548263764829895
eciYO844,12.0,4.5,0.18266491695744233
eciYO844,12.0,5.25,0.20984719626658552
eciYO844,12.0,6.0,0.2370294755757287
eciYO844,12.0,6.75,0.26421175488487186
eciYO844,12.0,7.5,0.2913940341940151
eciYO844,12.0,8.25,0.3185763135031583
eciYO844,12.0,9.0,0.3457585928123014
eciYO844,12.0,9.75,0.37294087212144467
eciYO844,12.0,10.5,0.40012315143058785
eciYO844,12.0,11.25,0.42730543073973104
eciYO844,12.0,12.0,0.4527909077685895
eciYO844,12.0,12.75,0.47252118014585254
eciYO844,12.0,13.5,0.491690529692302
eciYO844,12.0,14.25,0.5108598792387543
eciYO844,12.0,15.0,0.5296857992304612
eciYO844,12.0,15.75,0.547197936796467
eciYO844,12.0,16.5,0.5647100743624727
eciYO844,12.0,17.25,0.5822222119284785
eciYO844,12.0,18.0,0.5997343494944841
eciYO844,12.0,18.75,0.6172464870604899
eciYO844,12.0,19.5,0.6241848146320884
eciYO844,12.0,20.25,0.6241848146320931
eciYO844,12.0,21.0,0.624184814632093
eciYO844,12.0,21.75,0.624184814632093
eciYO844,12.0,22.5,0.624184814632093
eciYO844,12.0,23.25,0.624184814632093
eciYO844,12.0,24.0,0.624184814632093
eciYO844,12.0,24.75,0.624184814632093
eciYO844,12.0,25.5,0.624184814632093
eciYO844,12.0,26.25,0.624184814632093
eciYO844,12.0,27.0,0.624184814632093
eciYO844,12.0,27.75,0.624184814632093
eciYO844,12.0,28.5,0.624184814632093
eciYO844,12.0,29.25,0.624184814632093
eciYO844,12.0,30.0,0.624184814632093
eciYO844,12.375,0.0,0.0
eciYO844,12.375,0.75,0.0
eciYO844,12.375,1.5,0.04181499891259887
eciYO844,12.375,2.25,0.08127327981832212
eciYO844,12.375,3.0,0.12055327419946618
eciYO844,12.375,3.75,0.15548263764829895
eciYO844,12.375,4.5,0.18266491695744233
eciYO844,12.375,5.25,0.20984719626658552
eciYO844,12.375,6.0,0.2370294755757287
eciYO844,12.375,6.75,0.26421175488487186
eciYO844,12.375,7.5,0.2913940341940151
eciYO844,12.375,8.25,0.3185763135031583
eciYO844,12.375,9.0,0.3457585928123014
eciYO844,12.375,9.75,0.37294087212144467
eciYO844,12.375,10.5,0.40012315143058785
eciYO844,12.375,11.25,0.42730543073973104
eciYO844,12.375,12.0,0.4527909077685895
eciYO844,12.375,12.75,0.47252118014585254
eciYO844,12.375,13.5,0.491690529692302
eciYO844,12.375,14.25,0.5108598792387543
eciYO844,12.375,15.0,0.5296857992304612
eciYO844,12.375,15.75,0.547197936796467
eciYO844,12.375,16.5,0.5647100743624727
eciYO844,12.375,17.25,0.5822222119284785
eciYO844,12.375,18.0,0.5997343494944841
eciYO844,12.375,18.75,0.6172464870604899
eciYO844,12.375,19.5,0.6241848146320884
eciYO844,12.375,20.25,0.6241848146320931
eciYO844,12.375,21.0,0.624184814632093
eciYO844,12.375,21.75,0.624184814632093
eciYO844,12.375,22.5,0.624184814632093
eciYO844,12.375,23.25,0.624184814632093
eciYO844,12.375,24.0,0.624184814632093
eciYO844,12.375,24.75,0.624184814632093
eciYO844,12.375,25.5,0.624184814632093
eciYO844,12.375,26.25,0.624184814632093
eciYO844,12.375,27.0,0.624184814632093
eciYO844,12.375,27.75,0.624184814632093
eciYO844,12.375,28.5,0.624184814632093
eciYO844,12.375,29.25,0.624184814632093
eciYO844,12.375,30.0,0.624184814632093
eciYO844,12.75,0.0,0.0
eciYO844,12.75,0.75,0.0
eciYO844,12.75,1.5,0.04181499891259887
eciYO844,12.75,2.25,0.08127327981832212
eciYO844,12.75,3.0,0.12055327419946618
eciYO844,12.75,3.75,0.15548263764829895
eciYO844,12.75,4.5,0.18266491695744233
eciYO844,12.75,5.25,0.20984719626658552
eciYO844,12.75,6.0,0.2370294755757287
eciYO844,12.75,6.75,0.26421175488487186
eciYO844,12.75,7.5,0.2913940341940151
eciYO844,12.75,8.25,0.3185763135031583
eciYO844,12.75,9.0,0.3457585928123014
eciYO844,12.75,9.75,0.37294087212144467
eciYO844,12.75,10.5,0.40012315143058785
eciYO844,12.75,11.25,0.42730543073973104
eciYO844,12.75,12.0,0.4527909077685895
eciYO844,12.75,12.75,0.47252118014585254
eciYO844,12.75,13.5,0.491690529692302
eciYO844,12.75,14.25,0.5108598792387543
eciYO844,12.75,15.0,0.5296857992304612
eciYO844,12.75,15.75,0.547197936796467
eciYO844,12.75,16.5,0.5647100743624727
eciYO844,12.75,17.25,0.5822222119284785
eciYO844,12.75,18.0,0.5997343494944841
eciYO844,12.75,18.75,0.6172464870604899
eciYO844,12.75,19.5,0.6241848146320884
eciYO844,12.75,20.25,0.6241848146320931
eciYO844,12.75,21.0,0.624184814632093
eciYO844,12.75,21.75,0.624184814632093
eciYO844,12.75,22.5,0.624184814632093
eciYO844,12.75,23.25,0.624184814632093
eciYO844,12.75,24.0,0.624184814632093
eciYO844,12.75,24.75,0.624184814632093
eciYO844,12.75,25.5,0.624184814632093
eciYO844,12.75,26.25,0.624184814632093
eciYO844,12.75,27.0,0.624184814632093
eciYO844,12.75,27.75,0.624184814632093
eciYO844,12.75,28.5,0.624184814632093
eciYO844,12.75,29.25,0.624184814632093
eciYO844,12.75,30.0,0.624184814632093
eciYO844,13.125,0.0,0.0
eciYO844,13.125,0.75,0.0
eciYO844,13.125,1.5,0.04181499891259887
eciYO844,13.125,2.25,0.08127327981832212
eciYO844,13.125,3.0,0.12055327419946618
eciYO844,13.125,3.75,0.15548263764829895
eciYO844,13.125,4.5,0.18266491695744233
eciYO844,13.125,5.25,0.20984719626658552
eciYO844,13.125,6.0,0.2370294755757287
eciYO844,13.125,6.75,0.26421175488487186
eciYO844,13.125,7.5,0.2913940341940151
eciYO844,13.125,8.25,0.3185763135031583
eciYO844,13.125,9.0,0.3457585928123014
eciYO844,13.125,9.75,0.37294087212144467
eciYO844,13.125,10.5,0.40012315143058785
eciYO844,13.125,11.25,0.42730543073973104
eciYO844,13.125,12.0,0.4527909077685895
eciYO844,13.125,12.75,0.47252118014585254
eciYO844,13.125,13.5,0.491690529692302
eciYO844,13.125,14.25,0.5108598792387543
eciYO844,13.125,15.0,0.5296857992304612
eciYO844,13.125,15.75,0.547197936796467
eciYO844,13.125,16.5,0.5647100743624727
eciYO844,13.125,17.25,0.5822222119284785
eciYO844,13.125,18.0,0.5997343494944841
eciYO844,13.125,18.75,0.6172464870604899
eciYO844,13.125,19.5,0.6241848146320884
eciYO844,13.125,20.25,0.6241848146320931
eciYO844,13.125,21.0,0.624184814632093
eciYO844,13.125,21.75,0.624184814632093
eciYO844,13.125,22.5,0.624184814632093
eciYO844,13.125,23.25,0.624184814632093
eciYO844,13.125,24.0,0.624184814632093
eciYO844,13.125,24.75,0.624184814632093
eciYO844,13.125,25.5,0.624184814632093
eciYO844,13.125,26.25,0.624184814632093
eciYO844,13.125,27.0,0.624184814632093
eciYO844,13.125,27.75,0.624184814632093
eciYO844,13.125,28.5,0.624184814632093
eciYO844,13.125,29.25,0.624184814632093
eciYO844,13.125,30.0,0.624184814632093
eciYO844,13.5,0.0,0.0
eciYO844,13.5,0.75,0.0
eciYO844,13.5,1.5,0.04181499891259887
eciYO844,13.5,2.25,0.08127327981832212
eciYO844,13.5,3.0,0.12055327419946618
eciYO844,13.5,3.75,0.15548263764829895
eciYO844,13.5,4.5,0.18266491695744233
eciYO844,13.5,5.25,0.20984719626658552
eciYO844,13.5,6.0,0.2370294755757287
eciYO844,13.5,6.75,0.26421175488487186
eciYO844,13.5,7.5,0.2913940341940151
eciYO844,13.5,8.25,0.3185763135031583
eciYO844,13.5,9.0,0.3457585928123014
eciYO844,13.5,9.75,0.37294087212144467
eciYO844,13.5,10.5,0.40012315143058785
eciYO844,13.5,11.25,0.42730543073973104
eciYO844,13.5,12.0,0.4527909077685895
eciYO844,13.5,12.75,0.47252118014585254
eciYO844,13.5,13.5,0.491690529692302
eciYO844,13.5,14.25,0.5108598792387543
eciYO844,13.5,15.0,0.5296857992304612
eciYO844,13.5,15.75,0.547197936796467
eciYO844,13.5,16.5,0.5647100743624727
eciYO844,13.5,17.25,0.5822222119284785
eciYO844,13.5,18.0,0.5997343494944841
eciYO844,13.5,18.75,0.6172464870604899
eciYO844,13.5,19.5,0.6241848146320884
eciYO844,13.5,20.25,0.6241848146320931
eciYO844,13.5,21.0,0.624184814632093
eciYO844,13.5,21.75,0.624184814632093
eciYO844,13.5,22.5,0.624184814632093
eciYO844,13.5,23.25,0.624184814632093
eciYO844,13.5,24.0,0.624184814632093
eciYO844,13.5,24.75,0.624184814632093
eciYO844,13.5,25.5,0.624184814632093
eciYO844,13.5,26.25,0.624184814632093
eciYO844,13.5,27.0,0.624184814632093
eciYO844,13.5,27.75,0.624184814632093
eciYO844,13.5,28.5,0.624184814632093
eciYO844,13.5,29.25,0.624184814632093
eciYO844,13.5,30.0,0.624184814632093
eciYO844,13.875,0.0,0.0
eciYO844,13.875,0.75,0.0
eciYO844,13.875,1.5,0.04181499891259887
eciYO844,13.875,2.25,0.08127327981832212
eciYO844,13.875,3.0,0.12055327419946618
eciYO844,13.875,3.75,0.15548263764829895
eciYO844,13.875,4.5,0.18266491695744233
eciYO844,13.875,5.25,0.20984719626658552
eciYO844,13.875,6.0,0.2370294755757287
eciYO844,13.875,6.75,0.26421175488487186
eciYO844,13.875,7.5,0.2913940341940151
eciYO844,13.875,8.25,0.3185763135031583
eciYO844,13.875,9.0,0.3457585928123014
eciYO844,13.875,9.75,0.37294087212144467
eciYO844,13.875,10.5,0.40012315143058785
eciYO844,13.875,11.25,0.42730543073973104
eciYO844,13.875,12.0,0.4527909077685895
eciYO844,13.875,12.75,0.47252118014585254
eciYO844,13.875,13.5,0.491690529692302
eciYO844,13.875,14.25,0.5108598792387543
eciYO844,13.875,15.0,0.5296857992304612
eciYO844,13.875,15.75,0.547197936796467
eciYO844,13.875,16.5,0.5647100743624727
eciYO844,13.875,17.25,0.5822222119284785
eciYO844,13.875,18.0,0.5997343494944841
eciYO844,13.875,18.75,0.6172464870604899
eciYO844,13.875,19.5,0.6241848146320884
eciYO844,13.875,20.25,0.6241848146320931
eciYO844,13.875,21.0,0.624184814632093
eciYO844,13.875,21.75,0.624184814632093
eciYO844,13.875,22.5,0.624184814632093
eciYO844,13.875,23.25,0.624184814632093
eciYO844,13.875,24.0,0.624184814632093
eciYO844,13.875,24.75,0.624184814632093
eciYO844,13.875,25.5,0.624184814632093
eciYO844,13.875,26.25,0.624184814632093
eciYO844,13.875,27.0,0.624184814632093
eciYO844,13.875,27.75,0.624184814632093
eciYO844,13.875,28.5,0.624184814632093
eciYO844,13.875,29.25,0.624184814632093
eciYO844,13.875,30.0,0.624184814632093
eciYO844,14.25,0.0,0.0
eciYO844,14.25,0.75,0.0
eciYO844,14.25,1.5,0.04181499891259887
eciYO844,14.25,2.25,0.08127327981832212
eciYO844,14.25,3.0,0.12055327419946618
eciYO844,14.25,3.75,0.15548263764829895
eciYO844,14.25,4.5,0.18266491695744233
eciYO844,14.25,5.25,0.20984719626658552
eciYO844,14.25,6.0,0.2370294755757287
eciYO844,14.25,6.75,0.26421175488487186
eciYO844,14.25,7.5,0.2913940341940151
eciYO844,14.25,8.25,0.3185763135031583
eciYO844,14.25,9.0,0.3457585928123014
eciYO844,14.25,9.75,0.37294087212144467
eciYO844,14.25,10.5,0.40012315143058785
eciYO844,14.25,11.25,0.42730543073973104
eciYO844,14.25,12.0,0.4527909077685895
eciYO844,14.25,12.75,0.47252118014585254
eciYO844,14.25,13.5,0.491690529692302
eciYO844,14.25,14.25,0.5108598792387543
eciYO844,14.25,15.0,0.5296857992304612
eciYO844,14.25,15.75,0.547197936796467
eciYO844,14.25,16.5,0.5647100743624727
eciYO844,14.25,17.25,0.5822222119284785
eciYO844,14.25,18.0,0.5997343494944841
eciYO844,14.25,18.75,0.6172464870604899
eciYO844,14.25,19.5,0.6241848146320884
eciYO844,14.25,20.25,0.6241848146320931
eciYO844,14.25,21.0,0.624184814632093
eciYO844,14.25,21.75,0.624184814632093
eciYO844,14.25,22.5,0.624184814632093
eciYO844,14.25,23.25,0.624184814632093
eciYO844,14.25,24.0,0.624184814632093
eciYO844,14.25,24.75,0.624184814632093
eciYO844,14.25,25.5,0.624184814632093
eciYO844,14.25,26.25,0.624184814632093
eciYO844,14.25,27.0,0.624184814632093
eciYO844,14.25,27.75,0.624184814632093
eciYO844,14.25,28.5,0.624184814632093
eciYO844,14.25,29.25,0.624184814632093
eciYO844,14.25,30.0,0.624184814632093
eciYO844,14.625,0.0,0.0
eciYO844,14.625,0.75,0.0
eciYO844,14.625,1.5,0.04181499891259887
eciYO844,14.625,2.25,0.08127327981832212
eciYO844,14.625,3.0,0.12055327419946618
eciYO844,14.625,3.75,0.15548263764829895
eciYO844,14.625,4.5,0.18266491695744233
eciYO844,14.625,5.25,0.20984719626658552
eciYO844,14.625,6.0,0.2370294755757287
eciYO844,14.625,6.75,0.26421175488487186
eciYO844,14.625,7.5,0.2913940341940151
eciYO844,14.625,8.25,0.3185763135031583
eciYO844,14.625,9.0,0.3457585928123014
eciYO844,14.625,9.75,0.37294087212144467
eciYO844,14.625,10.5,0.40012315143058785
eciYO844,14.625,11.25,0.42730543073973104
eciYO844,14.625,12.0,0.4527909077685895
eciYO844,14.625,12.75,0.47252118014585254
eciYO844,14.625,13.5,0.491690529692302
eciYO844,14.625,14.25,0.5108598792387543
eciYO844,14.625,15.0,0.5296857992304612
eciYO844,14.625,15.75,0.547197936796467
eciYO844,14.625,16.5,0.5647100743624727
eciYO844,14.625,17.25,0.5822222119284785
eciYO844,14.625,18.0,0.5997343494944841
eciYO844,14.625,18.75,0.6172464870604899
eciYO844,14.625,19.5,0.6241848146320884
eciYO844,14.625,20.25,0.6241848146320931
eciYO844,14.625,21.0,0.624184814632093
eciYO844,14.625,21.75,0.624184814632093
eciYO844,14.625,22.5,0.624184814632093
eciYO844,14.625,23.25,0.624184814632093
eciYO844,14.625,24.0,0.624184814632093
eciYO844,14.625,24.75,0.624184814632093
eciYO844,14.625,25.5,0.624184814632093
eciYO844,14.625,26.25,0.624184814632093
eciYO844,14.625,27.0,0.624184814632093
eciYO844,14.625,27.75,0.624184814632093
eciYO844,14.625,28.5,0.624184814632093
eciYO844,14.625,29.25,0.624184814632093
eciYO844,14.625,30.0,0.624184814632093
eciYO844,15.0,0.0,0.0
eciYO844,15.0,0.75,0.0
eciYO844,15.0,1.5,0.04181499891259887
eciYO844,15.0,2.25,0.08127327981832212
eciYO844,15.0,3.0,0.12055327419946618
eciYO844,15.0,3.75,0.15548263764829895
eciYO844,15.0,4.5,0.18266491695744233
eciYO844,15.0,5.25,0.20984719626658552
eciYO844,15.0,6.0,0.2370294755757287
eciYO844,15.0,6.75,0.26421175488487186
eciYO844,15.0,7.5,0.2913940341940151
eciYO844,15.0,8.25,0.3185763135031583
eciYO844,15.0,9.0,0.3457585928123014
eciYO844,15.0,9.75,0.37294087212144467
eciYO844,15.0,10.5,0.40012315143058785
eciYO844,15.0,11.25,0.42730543073973104
eciYO844,15.0,12.0,0.4527909077685895
eciYO844,15.0,12.75,0.47252118014585254
eciYO844,15.0,13.5,0.491690529692302
eciYO844,15.0,14.25,0.5108598792387543
eciYO844,15.0,15.0,0.5296857992304612
eciYO844,15.0,15.75,0.547197936796467
eciYO844,15.0,16.5,0.5647100743624727
eciYO844,15.0,17.25,0.5822222119284785
eciYO844,15.0,18.0,0.5997343494944841
eciYO844,15.0,18.75,0.6172464870604899
eciYO844,15.0,19.5,0.6241848146320884
eciYO844,15.0,20.25,0.6241848146320931
eciYO844,15.0,21.0,0.624184814632093
eciYO844,15.0,21.75,0.624184814632093
eciYO844,15.0,22.5,0.624184814632093
eciYO844,15.0,23.25,0.624184814632093
eciYO844,15.0,24.0,0.624184814632093
eciYO844,15.0,24.75,0.624184814632093
eciYO844,15.0,25.5,0.624184814632093
eciYO844,15.0,26.25,0.624184814632093
eciYO844,15.0,27.0,0.624184814632093
eciYO844,15.0,27.75,0.624184814632093
eciYO844,15.0,28.5,0.624184814632093
eciYO844,15.0,29.25,0.624184814632093
eciYO844,15.0,30.0,0.624184814632093
iBB1018,0.0,0.0,0.0
iBB1018,0.0,0.75,0.0
iBB1018,0.0,1.5,0.0
iBB1018,0.0,2.25,0.0
iBB1018,0.0,3.0,0.0
iBB1018,0.0,3.75,0.0
iBB1018,0.0,4.5,0.0
iBB1018,0.0,5.25,0.0
iBB1018,0.0,6.0,0.0
iBB1018,0.0,6.75,0.0
iBB1018,0.0,7.5,0.0
iBB1018,0.0,8.25,0.0
iBB1018,0.0,9.0,0.0
iBB1018,0.0,9.75,0.0
iBB1018,0.0,10.5,0.0
iBB1018,0.0,11.25,0.0
iBB1018,0.0,12.0,0.0
iBB1018,0.0,12.75,0.0
iBB1018,0.0,13.5,0.0
iBB1018,0.0,14.25,0.0
iBB1018,0.0,15.0,0.0
iBB1018,0.0,15.75,0.0
iBB1018,0.0,16.5,0.0
iBB1018,0.0,17.25,0.0
iBB1018,0.0,18.0,0.0
iBB1018,0.0,18.75,0.0
iBB1018,0.0,19.5,0.0
iBB1018,0.0,20.25,0.0
iBB1018,0.0,21.0,0.0
iBB1018,0.0,21.75,0.0
iBB1018,0.0,22.5,0.0
iBB1018,0.0,23.25,0.0
iBB1018,0.0,24.0,0.0
iBB1018,0.0,24.75,0.0
iBB1018,0.0,25.5,0.0
iBB1018,0.0,26.25,0.0
iBB1018,0.0,27.0,0.0
iBB1018,0.0,27.75,0.0
iBB1018,0.0,28.5,0.0
iBB1018,0.0,29.25,0.0
iBB1018,0.0,30.0,0.0
iBB1018,0.375,0.0,0.0
iBB1018,0.375,0.75,0.0
iBB1018,0.375,1.5,0.0
iBB1018,0.375,2.25,0.0
iBB1018,0.375,3.0,0.0
iBB1018,0.375,3.75,0.0
iBB1018,0.375,4.5,0.0
iBB1018,0.375,5.25,0.0
iBB1018,0.375,6.0,0.0
iBB1018,0.375,6.75,0.0
iBB1018,0.375,7.5,0.0
iBB1018,0.375,8.25,0.0
iBB1018,0.375,9.0,0.0
iBB1018,0.375,9.75,0.0
iBB1018,0.375,10.5,0.0
iBB1018,0.375,11.25,0.0
iBB1018,0.375,12.0,0.0
iBB1018,0.375,12.75,0.0
iBB1018,0.375,13.5,0.0
iBB1018,0.375,14.25,0.0
iBB1018,0.375,15.0,0.0
iBB1018,0.375,15.75,0.0
iBB1018,0.375,16.5,0.0
iBB1018,0.375,17.25,0.0
iBB1018,0.375,18.0,0.0
iBB1018,0.375,18.75,0.0
iBB1018,0.375,19.5,0.0
iBB1018,0.375,20.25,0.0
iBB1018,0.375,21.0,0.0
iBB1018,0.375,21.75,0.0
iBB1018,0.375,22.5,0.0
iBB1018,0.375,23.25,0.0
iBB1018,0.375,24.0,0.0
iBB1018,0.375,24.75,0.0
iBB1018,0.375,25.5,0.0
iBB1018,0.375,26.25,0.0
iBB1018,0.375,27.0,0.0
iBB1018,0.375,27.75,0.0
iBB1018,0.375,28.5,0.0
iBB1018,0.375,29.25,0.0
iBB1018,0.375,30.0,0.0
iBB1018,0.75,0.0,0.0
iBB1018,0.75,0.75,0.0
iBB1018,0.75,1.5,0.0
iBB1018,0.75,2.25,0.0
iBB1018,0.75,3.0,0.0
iBB1018,0.75,3.75,0.012889539564315926
iBB1018,0.75,4.5,0.01635530779516027
iBB1018,0.75,5.25,0.01635530779516027
iBB1018,0.75,6.0,0.01635530779516027
iBB1018,0.75,6.75,0.01635530779516027
iBB1018,0.75,7.5,0.01635530779516027
iBB1018,0.75,8.25,0.01635530779516027
iBB1018,0.75,9.0,0.01635530779516027
iBB1018,0.75,9.75,0.01635530779516027
iBB1018,0.75,10.5,0.01635530779516027
iBB1018,0.75,11.25,0.01635530779516027
iBB1018,0.75,12.0,0.01635530779516027
iBB1018,0.75,12.75,0.01635530779516027
iBB1018,0.75,13.5,0.01635530779516027
iBB1018,0.75,14.25,0.01635530779516027
iBB1018,0.75,15.0,0.01635530779516027
iBB1018,0.75,15.75,0.01635530779516027
iBB1018,0.75,16.5,0.01635530779516027
iBB1018,0.75,17.25,0.01635530779516027
iBB1018,0.75,18.0,0.01635530779516027
iBB1018,0.75,18.75,0.01635530779516027
iBB1018,0.75,19.5,0.01635530779516027
iBB1018,0.75,20.25,0.01635530779516027
iBB1018,0.75,21.0,0.01635530779516027
iBB1018,0.75,21.75,0.01635530779516027
iBB1018,0.75,22.5,0.01635530779516027
iBB1018,0.75,23.25,0.01635530779516027
iBB1018,0.75,24.0,0.01635530779516027
iBB1018,0.75,24.75,0.01635530779516027
iBB1018,0.75,25.5,0.01635530779516027
iBB1018,0.75,26.25,0.01635530779516027
iBB1018,0.75,27.0,0.01635530779516027
iBB1018,0.75,27.75,0.01635530779516027
iBB1018,0.75,28.5,0.01635530779516027
iBB1018,0.75,29.25,0.01635530779516027
iBB1018,0.75,30.0,0.01635530779516027
iBB1018,1.125,0.0,0.0
iBB1018,1.125,0.75,0.0
iBB1018,1.125,1.5,0.0
iBB1018,1.125,2.25,0.0
iBB1018,1.125,3.0,0.006702560573444158
iBB1018,1.125,3.75,0.026810242293776477
iBB1018,1.125,4.5,0.04691792401410888
iBB1018,1.125,5.25,0.053154750334268745
iBB1018,1.125,6.0,0.05315475033426918
iBB1018,1.125,6.75,0.05315475033426918
iBB1018,1.125,7.5,0.05315475033426918
iBB1018,1.125,8.25,0.05315475033426918
iBB1018,1.125,9.0,0.05315475033426918
iBB1018,1.125,9.75,0.05315475033426918
iBB1018,1.125,10.5,0.05315475033426918
iBB1018,1.125,11.25,0.05315475033426918
iBB1018,1.125,12.0,0.05315475033426918
iBB1018,1.125,12.75,0.05315475033426918
iBB1018,1.125,13.5,0.05315475033426918
iBB1018,1.125,14.25,0.05315475033426918
iBB1018,1.125,15.0,0.05315475033426918
iBB1018,1.125,15.75,0.05315475033426918
iBB1018,1.125,16.5,0.05315475033426918
iBB1018,1.125,17.25,0.05315475033426918
iBB1018,1.125,18.0,0.05315475033426918
iBB1018,1.125,18.75,0.05315475033426918
iBB1018,1.125,19.5,0.05315475033426918
iBB1018,1.125,20.25,0.05315475033426918
iBB1018,1.125,21.0,0.05315475033426918
iBB1018,1.125,21.75,0.05315475033426918
iBB1018,1.125,22.5,0.05315475033426918
iBB1018,1.125,23.25,0.05315475033426918
iBB1018,1.125,24.0,0.05315475033426918
iBB1018,1.125,24.75,0.05315475033426918
iBB1018,1.125,25.5,0.05315475033426918
iBB1018,1.125,26.25,0.05315475033426918
iBB1018,1.125,27.0,0.05315475033426918
iBB1018,1.125,27.75,0.05315475033426918
iBB1018,1.125,28.5,0.05315475033426918
iBB1018,1.125,29.25,0.05315475033426918
iBB1018,1.125,30.0,0.05315475033426918
iBB1018,1.5,0.0,0.0
iBB1018,1.5,0.75,0.0
iBB1018,1.5,1.5,0.0
iBB1018,1.5,2.25,0.0
iBB1018,1.5,3.0,0.02062326330290545
iBB1018,1.5,3.75,0.04073094502323646
iBB1018,1.5,4.5,0.06083862674357111
iBB1018,1.5,5.25,0.0809463084639015
iBB1018,1.5,6.0,0.08995419287337836
iBB1018,1.5,6.75,0.08995419287337776
iBB1018,1.5,7.5,0.08995419287337776
iBB1018,1.5,8.25,0.08995419287337776
iBB1018,1.5,9.0,0.08995419287337776
iBB1018,1.5,9.75,0.08995419287337776
iBB1018,1.5,10.5,0.08995419287337776
iBB1018,1.5,11.25,0.08995419287337776
iBB1018,1.5,12.0,0.08995419287337776
iBB1018,1.5,12.75,0.08995419287337776
iBB1018,1.5,13.5,0.08995419287337776
iBB1018,1.5,14.25,0.08995419287337776
iBB1018,1.5,15.0,0.08995419287337776
iBB1018,1.5,15.75,0.08995419287337776
iBB1018,1.5,16.5,0.08995419287337776
iBB1018,1.5,17.25,0.08995419287337776
iBB1018,1.5,18.0,0.08995419287337776
iBB1018,1.5,18.75,0.08995419287337776
iBB1018,1.5,19.5,0.08995419287337776
iBB1018,1.5,20.25,0.08995419287337776
iBB1018,1.5,21.0,0.08995419287337776
iBB1018,1.5,21.75,0.08995419287337776
iBB1018,1.5,22.5,0.08995419287337776
iBB1018,1.5,23.25,0.08995419287337776
iBB1018,1.5,24.0,0.08995419287337776
iBB1018,1.5,24.75,0.08995419287337776
iBB1018,1.5,25.5,0.08995419287337776
iBB1018,1.5,26.25,0.08995419287337776
iBB1018,1.5,27.0,0.08995419287337776
iBB1018,1.5,27.75,0.08995419287337776
iBB1018,1.5,28.5,0.08995419287337776
iBB1018,1.5,29.25,0.08995419287337776
iBB1018,1.5,30.0,0.08995419287337776
iBB1018,1.875,0.0,0.0
iBB1018,1.875,0.75,0.0
iBB1018,1.875,1.5,0.0
iBB1018,1.875,2.25,0.0
iBB1018,1.875,3.0,0.029598106629588405
iBB1018,1.875,3.75,0.05465164775269673
iBB1018,1.875,4.5,0.07475932947303132
iBB1018,1.875,5.25,0.09486701119336305
iBB1018,1.875,6.0,0.1149745106908468
iBB1018,1.875,6.75,0.12675335476791558
iBB1018,1.875,7.5,0.12675335476791633
iBB1018,1.875,8.25,0.12675335476791633
iBB1018,1.875,9.0,0.12675335476791633
iBB1018,1.875,9.75,0.12675335476791633
iBB1018,1.875,10.5,0.12675335476791633
iBB1018,1.875,11.25,0.12675335476791633
iBB1018,1.875,12.0,0.12675335476791633
iBB1018,1.875,12.75,0.12675335476791633
iBB1018,1.875,13.5,0.12675335476791633
iBB1018,1.875,14.25,0.12675335476791633
iBB1018,1.875,15.0,0.12675335476791633
iBB1018,1.875,15.75,0.12675335476791633
iBB1018,1.875,16.5,0.12675335476791633
iBB1018,1.875,17.25,0.12675335476791633
iBB1018,1.875,18.0,0.12675335476791633
iBB1018,1.875,18.75,0.12675335476791633
iBB1018,1.875,19.5,0.12675335476791633
iBB1018,1.875,20.25,0.12675335476791633
iBB1018,1.875,21.0,0.12675335476791633
iBB1018,1.875,21.75,0.12675335476791633
iBB1018,1.875,22.5,0.12675335476791633
iBB1018,1.875,23.25,0.12675335476791633
iBB1018,1.875,24.0,0.12675335476791633
iBB1018,1.875,24.75,0.12675335476791633
iBB1018,1.875,25.5,0.12675335476791633
iBB1018,1.875,26.25,0.12675335476791633
iBB1018,1.875,27.0,0.12675335476791633
iBB1018,1.875,27.75,0.12675335476791633
iBB1018,1.875,28.5,0.12675335476791633
iBB1018,1.875,29.25,0.12675335476791633
iBB1018,1.875,30.0,0.12675335476791633
iBB1018,2.25,0.0,0.0
iBB1018,2.25,0.75,0.0
iBB1018,2.25,1.5,0.0
iBB1018,2.25,2.25,0.005691943582612918
iBB1018,2.25,3.0,0.036428438928721364
iBB1018,2.25,3.75,0.06716494497920723
iBB1018,2.25,4.5,0.0886800503083246
iBB1018,2.25,5.25,0.10878754150568835
iBB1018,2.25,6.0,0.1288951913574511
iBB1018,2.25,6.75,0.1490028412092142
iBB1018,2.25,7.5,0.16355271582956954
iBB1018,2.25,8.25,0.1635527158295613
iBB1018,2.25,9.0,0.1635527158295613
iBB1018,2.25,9.75,0.1635527158295613
iBB1018,2.25,10.5,0.1635527158295613
iBB1018,2.25,11.25,0.1635527158295613
iBB1018,2.25,12.0,0.1635527158295613
iBB1018,2.25,12.75,0.1635527158295613
iBB1018,2.25,13.5,0.1635527158295613
iBB1018,2.25,14.25,0.1635527158295613
iBB1018,2.25,15.0,0.1635527158295613
iBB1018,2.25,15.75,0.1635527158295613
iBB1018,2.25,16.5,0.1635527158295613
iBB1018,2.25,17.25,0.1635527158295613
iBB1018,2.25,18.0,0.1635527158295613
iBB1018,2.25,18.75,0.1635527158295613
iBB1018,2.25,19.5,0.1635527158295613
iBB1018,2.25,20.25,0.1635527158295613
iBB1018,2.25,21.0,0.1635527158295613
iBB1018,2.25,21.75,0.1635527158295613
iBB1018,2.25,22.5,0.1635527158295613
iBB1018,2.25,23.25,0.1635527158295613
iBB1018,2.25,24.0,0.1635527158295613
iBB1018,2.25,24.75,0.1635527158295613
iBB1018,2.25,25.5,0.1635527158295613
iBB1018,2.25,26.25,0.1635527158295613
iBB1018,2.25,27.0,0.1635527158295613
iBB1018,2.25,27.75,0.1635527158295613
iBB1018,2.25,28.5,0.1635527158295613
iBB1018,2.25,29.25,0.1635527158295613
iBB1018,2.25,30.0,0.1635527158295613
iBB1018,2.625,0.0,0.0
iBB1018,2.625,0.75,0.0
iBB1018,2.625,1.5,0.0
iBB1018,2.625,2.25,0.012522275881744451
iBB1018,2.625,3.0,0.043258771227857595
iBB1018,2.625,3.75,0.07399526657396813
iBB1018,2.625,4.5,0.10214617935363535
iBB1018,2.625,5.25,0.12270822217229424
iBB1018,2.625,6.0,0.14281587202405466
iBB1018,2.625,6.75,0.16292352187581768
iBB1018,2.625,7.5,0.1830311717275808
iBB1018,2.625,8.25,0.20035207689122048
iBB1018,2.625,9.0,0.2003520768912087
iBB1018,2.625,9.75,0.2003520768912087
iBB1018,2.625,10.5,0.2003520768912087
iBB1018,2.625,11.25,0.2003520768912087
iBB1018,2.625,12.0,0.2003520768912087
iBB1018,2.625,12.75,0.2003520768912087
iBB1018,2.625,13.5,0.2003520768912087
iBB1018,2.625,14.25,0.2003520768912087
iBB1018,2.625,15.0,0.2003520768912087
iBB1018,2.625,15.75,0.2003520768912087
iBB1018,2.625,16.5,0.2003520768912087
iBB1018,2.625,17.25,0.2003520768912087
iBB1018,2.625,18.0,0.2003520768912087
iBB1018,2.625,18.75,0.2003520768912087
iBB1018,2.625,19.5,0.2003520768912087
iBB1018,2.625,20.25,0.2003520768912087
iBB1018,2.625,21.0,0.2003520768912087
iBB1018,2.625,21.75,0.2003520768912087
iBB1018,2.625,22.5,0.2003520768912087
iBB1018,2.625,23.25,0.2003520768912087
iBB1018,2.625,24.0,0.2003520768912087
iBB1018,2.625,24.75,0.2003520768912087
iBB1018,2.625,25.5,0.2003520768912087
iBB1018,2.625,26.25,0.2003520768912087
iBB1018,2.625,27.0,0.2003520768912087
iBB1018,2.625,27.75,0.2003520768912087
iBB1018,2.625,28.5,0.2003520768912087
iBB1018,2.625,29.25,0.2003520768912087
iBB1018,2.625,30.0,0.2003520768912087
iBB1018,3.0,0.0,0.0
iBB1018,3.0,0.75,0.0
iBB1018,3.0,1.5,0.0
iBB1018,3.0,2.25,0.019352608180884436
iBB1018,3.0,3.0,0.050089103526996734
iBB1018,3.0,3.75,0.08082559887310949
iBB1018,3.0,4.5,0.11156193428282492
iBB1018,3.0,5.25,0.13633303451255954
iBB1018,3.0,6.0,0.15673655269065984
iBB1018,3.0,6.75,0.17684420254242256
iBB1018,3.0,7.5,0.19695185239418594
iBB1018,3.0,8.25,0.21705950224594772
iBB1018,3.0,9.0,0.2371514379528698
iBB1018,3.0,9.75,0.23715143795286553
iBB1018,3.0,10.5,0.23715143795286553
iBB1018,3.0,11.25,0.23715143795286553
iBB1018,3.0,12.0,0.23715143795286553
iBB1018,3.0,12.75,0.23715143795286553
iBB1018,3.0,13.5,0.23715143795286553
iBB1018,3.0,14.25,0.23715143795286553
iBB1018,3.0,15.0,0.23715143795286553
iBB1018,3.0,15.75,0.23715143795286553
iBB1018,3.0,16.5,0.23715143795286553
iBB1018,3.0,17.25,0.23715143795286553
iBB1018,3.0,18.0,0.23715143795286553
iBB1018,3.0,18.75,0.23715143795286553
iBB1018,3.0,19.5,0.23715143795286553
iBB1018,3.0,20.25,0.23715143795286553
iBB1018,3.0,21.0,0.23715143795286553
iBB1018,3.0,21.75,0.23715143795286553
iBB1018,3.0,22.5,0.23715143795286553
iBB1018,3.0,23.25,0.23715143795286553
iBB1018,3.0,24.0,0.23715143795286553
iBB1018,3.0,24.75,0.23715143795286553
iBB1018,3.0,25.5,0.23715143795286553
iBB1018,3.0,26.25,0.23715143795286553
iBB1018,3.0,27.0,0.23715143795286553
iBB1018,3.0,27.75,0.23715143795286553
iBB1018,3.0,28.5,0.23715143795286553
iBB1018,3.0,29.25,0.23715143795286553
iBB1018,3.0,30.0,0.23715143795286553
iBB1018,3.375,0.0,0.0
iBB1018,3.375,0.75,0.0
iBB1018,3.375,1.5,0.0
iBB1018,3.375,2.25,0.026182940480019266
iBB1018,3.375,3.0,0.05691943582613341
iBB1018,3.375,3.75,0.0876559311722447
iBB1018,3.375,4.5,0.1183922567899269
iBB1018,3.375,5.25,0.14912870807193038
iBB1018,3.375,6.0,0.1705198896714824
iBB1018,3.375,6.75,0.1907648832090293
iBB1018,3.375,7.5,0.21087253306079334
iBB1018,3.375,8.25,0.23098018291255562
iBB1018,3.375,9.0,0.25108783276431895
iBB1018,3.375,9.75,0.2711954826160807
iBB1018,3.375,10.5,0.27395079901453073
iBB1018,3.375,11.25,0.27395079901451747
iBB1018,3.375,12.0,0.27395079901451747
iBB1018,3.375,12.75,0.27395079901451747
iBB1018,3.375,13.5,0.27395079901451747
iBB1018,3.375,14.25,0.27395079901451747
iBB1018,3.375,15.0,0.27395079901451747
iBB1018,3.375,15.75,0.27395079901451747
iBB1018,3.375,16.5,0.27395079901451747
iBB1018,3.375,17.25,0.27395079901451747
iBB1018,3.375,18.0,0.27395079901451747
iBB1018,3.375,18.75,0.27395079901451747
iBB1018,3.375,19.5,0.27395079901451747
iBB1018,3.375,20.25,0.27395079901451747
iBB1018,3.375,21.0,0.27395079901451747
iBB1018,3.375,21.75,0.27395079901451747
iBB1018,3.375,22.5,0.27395079901451747
iBB1018,3.375,23.25,0.27395079901451747
iBB1018,3.375,24.0,0.27395079901451747
iBB1018,3.375,24.75,0.27395079901451747
iBB1018,3.375,25.5,0.27395079901451747
iBB1018,3.375,26.25,0.27395079901451747
iBB1018,3.375,27.0,0.27395079901451747
iBB1018,3.375,27.75,0.27395079901451747
iBB1018,3.375,28.5,0.27395079901451747
iBB1018,3.375,29.25,0.27395079901451747
iBB1018,3.375,30.0,0.27395079901451747
iBB1018,3.75,0.0,0.0
iBB1018,3.75,0.75,0.0
iBB1018,3.75,1.5,0.0022767774330422403
iBB1018,3.75,2.25,0.03301327277915515
iBB1018,3.75,3.0,0.06374976812526585
iBB1018,3.75,3.75,0.09448626347138263
iBB1018,3.75,4.5,0.12522257929704558
iBB1018,3.75,5.25,0.1559590305790384
iBB1018,3.75,6.0,0.18357305255034595
iBB1018,3.75,6.75,0.20468556387563444
iBB1018,3.75,7.5,0.22479321372739716
iBB1018,3.75,8.25,0.24490086357915966
iBB1018,3.75,9.0,0.26500851343092363
iBB1018,3.75,9.75,0.2851161632826857
iBB1018,3.75,10.5,0.3052238131344502
iBB1018,3.75,11.25,0.31075016007617035
iBB1018,3.75,12.0,0.31075016007618195
iBB1018,3.75,12.75,0.31075016007618195
iBB1018,3.75,13.5,0.31075016007618195
iBB1018,3.75,14.25,0.31075016007618195
iBB1018,3.75,15.0,0.31075016007618195
iBB1018,3.75,15.75,0.31075016007618195
iBB1018,3.75,16.5,0.31075016007618195
iBB1018,3.75,17.25,0.31075016007618195
iBB1018,3.75,18.0,0.31075016007618195
iBB1018,3.75,18.75,0.31075016007618195
iBB1018,3.75,19.5,0.31075016007618195
iBB1018,3.75,20.25,0.31075016007618195
iBB1018,3.75,21.0,0.31075016007618195
iBB1018,3.75,21.75,0.31075016007618195
iBB1018,3.75,22.5,0.31075016007618195
iBB1018,3.75,23.25,0.31075016007618195
iBB1018,3.75,24.0,0.31075016007618195
iBB1018,3.75,24.75,0.31075016007618195
iBB1018,3.75,25.5,0.31075016007618195
iBB1018,3.75,26.25,0.31075016007618195
iBB1018,3.75,27.0,0.31075016007618195
iBB1018,3.75,27.75,0.31075016007618195
iBB1018,3.75,28.5,0.31075016007618195
iBB1018,3.75,29.25,0.31075016007618195
iBB1018,3.75,30.0,0.31075016007618195
iBB1018,4.125,0.0,0.0
iBB1018,4.125,0.75,0.0
iBB1018,4.125,1.5,0.009107109732179342
iBB1018,4.125,2.25,0.039843605078294125
iBB1018,4.125,3.0,0.070580100424403
iBB1018,4.125,3.75,0.10131645052215074
iBB1018,4.125,4.5,0.13205290180415966
iBB1018,4.125,5.25,0.16278935308615453
iBB1018,4.125,6.0,0.1935258043681603
iBB1018,4.125,6.75,0.21775990770926926
iBB1018,4.125,7.5,0.23871389439399782
iBB1018,4.125,8.25,0.2588215442457613
iBB1018,4.125,9.0,0.27892919409752415
iBB1018,4.125,9.75,0.2990368439492857
iBB1018,4.125,10.5,0.31914449380104937
iBB1018,4.125,11.25,0.33925214365281164
iBB1018,4.125,12.0,0.34754952113781296
iBB1018,4.125,12.75,0.3475495211378123
iBB1018,4.125,13.5,0.3475495211378123
iBB1018,4.125,14.25,0.3475495211378123
iBB1018,4.125,15.0,0.3475495211378123
iBB1018,4.125,15.75,0.3475495211378123
iBB1018,4.125,16.5,0.3475495211378123
iBB1018,4.125,17.25,0.3475495211378123
iBB1018,4.125,18.0,0.3475495211378123
iBB1018,4.125,18.75,0.3475495211378123
iBB1018,4.125,19.5,0.3475495211378123
iBB1018,4.125,20.25,0.3475495211378123
iBB1018,4.125,21.0,0.3475495211378123
iBB1018,4.125,21.75,0.3475495211378123
iBB1018,4.125,22.5,0.3475495211378123
iBB1018,4.125,23.25,0.3475495211378123
iBB1018,4.125,24.0,0.3475495211378123
iBB1018,4.125,24.75,0.3475495211378123
iBB1018,4.125,25.5,0.3475495211378123
iBB1018,4.125,26.25,0.3475495211378123
iBB1018,4.125,27.0,0.3475495211378123
iBB1018,4.125,27.75,0.3475495211378123
iBB1018,4.125,28.5,0.3475495211378123
iBB1018,4.125,29.25,0.3475495211378123
iBB1018,4.125,30.0,0.3475495211378123
iBB1018,4.5,0.0,0.0
iBB1018,4.5,0.75,0.0
iBB1018,4.5,1.5,0.015937438922814635
iBB1018,4.5,2.25,0.04667392827396319
iBB1018,4.5,3.0,0.07741041762511049
iBB1018,4.5,3.75,0.10814677302926454
iBB1018,4.5,4.5,0.13888322431126993
iBB1018,4.5,5.25,0.16961967559327132
iBB1018,4.5,6.0,0.20035612687527332
iBB1018,4.5,6.75,0.23078666824350433
iBB1018,4.5,7.5,0.25194676286819434
iBB1018,4.5,8.25,0.27274222491236466
iBB1018,4.5,9.0,0.2928498747641276
iBB1018,4.5,9.75,0.3129575246158911
iBB1018,4.5,10.5,0.33306517446765377
iBB1018,4.5,11.25,0.3531728243194151
iBB1018,4.5,12.0,0.3732804741711774
iBB1018,4.5,12.75,0.38434888219946534
iBB1018,4.5,13.5,0.3843488821994817
iBB1018,4.5,14.25,0.3843488821994817
iBB1018,4.5,15.0,0.3843488821994817
iBB1018,4.5,15.75,0.3843488821994817
iBB1018,4.5,16.5,0.3843488821994817
iBB1018,4.5,17.25,0.3843488821994817
iBB1018,4.5,18.0,0.3843488821994817
iBB1018,4.5,18.75,0.3843488821994817
iBB1018,4.5,19.5,0.3843488821994817
iBB1018,4.5,20.25,0.3843488821994817
iBB1018,4.5,21.0,0.3843488821994817
iBB1018,4.5,21.75,0.3843488821994817
iBB1018,4.5,22.5,0.3843488821994817
iBB1018,4.5,23.25,0.3843488821994817
iBB1018,4.5,24.0,0.3843488821994817
iBB1018,4.5,24.75,0.3843488821994817
iBB1018,4.5,25.5,0.3843488821994817
iBB1018,4.5,26.25,0.3843488821994817
iBB1018,4.5,27.0,0.3843488821994817
iBB1018,4.5,27.75,0.3843488821994817
iBB1018,4.5,28.5,0.3843488821994817
iBB1018,4.5,29.25,0.3843488821994817
iBB1018,4.5,30.0,0.3843488821994817
iBB1018,4.875,0.0,0.0
iBB1018,4.875,0.75,0.0
iBB1018,4.875,1.5,0.02276777351833629
iBB1018,4.875,2.25,0.05350426776809627
iBB1018,4.875,3.0,0.08424076201785356
iBB1018,4.875,3.75,0.11497709553637883
iBB1018,4.875,4.5,0.14571354681837773
iBB1018,4.875,5.25,0.17644999810038497
iBB1018,4.875,6.0,0.20718644938238137
iBB1018,4.875,6.75,0.23792290066438787
iBB1018,4.875,7.5,0.2649999257470564
iBB1018,4.875,8.25,0.2861336180271184
iBB1018,4.875,9.0,0.30677055543073656
iBB1018,4.875,9.75,0.3268782052824989
iBB1018,4.875,10.5,0.3469858551342628
iBB1018,4.875,11.25,0.36709350498602455
iBB1018,4.875,12.0,0.3872011548377859
iBB1018,4.875,12.75,0.4073088046895492
iBB1018,4.875,13.5,0.4211482432611281
iBB1018,4.875,14.25,0.4211482432611281
iBB1018,4.875,15.0,0.4211482432611281
iBB1018,4.875,15.75,0.4211482432611281
iBB1018,4.875,16.5,0.4211482432611281
iBB1018,4.875,17.25,0.4211482432611281
iBB1018,4.875,18.0,0.4211482432611281
iBB1018,4.875,18.75,0.4211482432611281
iBB1018,4.875,19.5,0.4211482432611281
iBB1018,4.875,20.25,0.4211482432611281
iBB1018,4.875,21.0,0.4211482432611281
iBB1018,4.875,21.75,0.4211482432611281
iBB1018,4.875,22.5,0.4211482432611281
iBB1018,4.875,23.25,0.4211482432611281
iBB1018,4.875,24.0,0.4211482432611281
iBB1018,4.875,24.75,0.4211482432611281
iBB1018,4.875,25.5,0.4211482432611281
iBB1018,4.875,26.25,0.4211482432611281
iBB1018,4.875,27.0,0.4211482432611281
iBB1018,4.875,27.75,0.4211482432611281
iBB1018,4.875,28.5,0.4211482432611281
iBB1018,4.875,29.25,0.4211482432611281
iBB1018,4.875,30.0,0.4211482432611281
iBB1018,5.25,0.0,0.0
iBB1018,5.25,0.75,0.0
iBB1018,5.25,1.5,0.029598111346767774
iBB1018,5.25,2.25,0.06033461159148941
iBB1018,5.25,3.0,0.09107111183621441
iBB1018,5.25,3.75,0.1218074180434831
iBB1018,5.25,4.5,0.15254386932549666
iBB1018,5.25,5.25,0.18328032060749302
iBB1018,5.25,6.0,0.21401677188949977
iBB1018,5.25,6.75,0.24475322317149553
iBB1018,5.25,7.5,0.2754896744534973
iBB1018,5.25,8.25,0.29918678090598
iBB1018,5.25,9.0,0.3203204731860448
iBB1018,5.25,9.75,0.34079888594910285
iBB1018,5.25,10.5,0.36090653580086596
iBB1018,5.25,11.25,0.3810141856526292
iBB1018,5.25,12.0,0.40112183550439157
iBB1018,5.25,12.75,0.42122948535615434
iBB1018,5.25,13.5,0.44133713520791684
iBB1018,5.25,14.25,0.45794760432278064
iBB1018,5.25,15.0,0.4579476043227733
iBB1018,5.25,15.75,0.4579476043227733
iBB1018,5.25,16.5,0.4579476043227733
iBB1018,5.25,17.25,0.4579476043227733
iBB1018,5.25,18.0,0.4579476043227733
iBB1018,5.25,18.75,0.4579476043227733
iBB1018,5.25,19.5,0.4579476043227733
iBB1018,5.25,20.25,0.4579476043227733
iBB1018,5.25,21.0,0.4579476043227733
iBB1018,5.25,21.75,0.4579476043227733
iBB1018,5.25,22.5,0.4579476043227733
iBB1018,5.25,23.25,0.4579476043227733
iBB1018,5.25,24.0,0.4579476043227733
iBB1018,5.25,24.75,0.4579476043227733
iBB1018,5.25,25.5,0.4579476043227733
iBB1018,5.25,26.25,0.4579476043227733
iBB1018,5.25,27.0,0.4579476043227733
iBB1018,5.25,27.75,0.4579476043227733
iBB1018,5.25,28.5,0.4579476043227733
iBB1018,5.25,29.25,0.4579476043227733
iBB1018,5.25,30.0,0.4579476043227733
iBB1018,5.625,0.0,0.0
iBB1018,5.625,0.75,0.005691943582614482
iBB1018,5.625,1.5,0.03642843892872301
iBB1018,5.625,2.25,0.06716493427483655
iBB1018,5.625,3.0,0.09790142962094797
iBB1018,5.625,3.75,0.12863774055059618
iBB1018,5.625,4.5,0.1593741918325993
iBB1018,5.625,5.25,0.19011064311459755
iBB1018,5.625,6.0,0.2208470943965983
iBB1018,5.625,6.75,0.2515835456786061
iBB1018,5.625,7.5,0.28231999696060106
iBB1018,5.625,8.25,0.31223994378484116
iBB1018,5.625,9.0,0.3333736360649037
iBB1018,5.625,9.75,0.3545073283449667
iBB1018,5.625,10.5,0.3748272164674737
iBB1018,5.625,11.25,0.3949348663192345
iBB1018,5.625,12.0,0.41504251617099663
iBB1018,5.625,12.75,0.4351501660227584
iBB1018,5.625,13.5,0.4552578158745225
iBB1018,5.625,14.25,0.4753654657262858
iBB1018,5.625,15.0,0.49474696538442886
iBB1018,5.625,15.75,0.49474696538442886
iBB1018,5.625,16.5,0.49474696538442886
iBB1018,5.625,17.25,0.49474696538442886
iBB1018,5.625,18.0,0.49474696538442886
iBB1018,5.625,18.75,0.49474696538442886
iBB1018,5.625,19.5,0.49474696538442886
iBB1018,5.625,20.25,0.49474696538442886
iBB1018,5.625,21.0,0.49474696538442886
iBB1018,5.625,21.75,0.49474696538442886
iBB1018,5.625,22.5,0.49474696538442886
iBB1018,5.625,23.25,0.49474696538442886
iBB1018,5.625,24.0,0.49474696538442886
iBB1018,5.625,24.75,0.49474696538442886
iBB1018,5.625,25.5,0.49474696538442886
iBB1018,5.625,26.25,0.49474696538442886
iBB1018,5.625,27.0,0.49474696538442886
iBB1018,5.625,27.75,0.49474696538442886
iBB1018,5.625,28.5,0.49474696538442886
iBB1018,5.625,29.25,0.49474696538442886
iBB1018,5.625,30.0,0.49474696538442886
iBB1018,6.0,0.0,0.0
iBB1018,6.0,0.75,0.012522275881749837
iBB1018,6.0,1.5,0.04325877122785949
iBB1018,6.0,2.25,0.07399526657397415
iBB1018,6.0,3.0,0.10473161177570742
iBB1018,6.0,3.75,0.13546806305771322
iBB1018,6.0,4.5,0.1662045143397068
iBB1018,6.0,5.25,0.1969409656217098
iBB1018,6.0,6.0,0.22767741690371907
iBB1018,6.0,6.75,0.25841386818571455
iBB1018,6.0,7.5,0.2891503194677206
iBB1018,6.0,8.25,0.3198867707497213
iBB1018,6.0,9.0,0.3464267989437646
iBB1018,6.0,9.75,0.36756049122382967
iBB1018,6.0,10.5,0.38869418350389295
iBB1018,6.0,11.25,0.40885554698584275
iBB1018,6.0,12.0,0.4289631968376026
iBB1018,6.0,12.75,0.44907084668936653
iBB1018,6.0,13.5,0.4691784965411289
iBB1018,6.0,14.25,0.48928614639289036
iBB1018,6.0,15.0,0.5093937962446533
iBB1018,6.0,15.75,0.5295014460964179
iBB1018,6.0,16.5,0.5315463264460851
iBB1018,6.0,17.25,0.5315463264460797
iBB1018,6.0,18.0,0.5315463264460797
iBB1018,6.0,18.75,0.5315463264460797
iBB1018,6.0,19.5,0.5315463264460797
iBB1018,6.0,20.25,0.5315463264460797
iBB1018,6.0,21.0,0.5315463264460797
iBB1018,6.0,21.75,0.5315463264460797
iBB1018,6.0,22.5,0.5315463264460797
iBB1018,6.0,23.25,0.5315463264460797
iBB1018,6.0,24.0,0.5315463264460797
iBB1018,6.0,24.75,0.5315463264460797
iBB1018,6.0,25.5,0.5315463264460797
iBB1018,6.0,26.25,0.5315463264460797
iBB1018,6.0,27.0,0.5315463264460797
iBB1018,6.0,27.75,0.5315463264460797
iBB1018,6.0,28.5,0.5315463264460797
iBB1018,6.0,29.25,0.5315463264460797
iBB1018,6.0,30.0,0.5315463264460797
iBB1018,6.375,0.0,0.0
iBB1018,6.375,0.75,0.019352611265193012
iBB1018,6.375,1.5,0.0500891115099155
iBB1018,6.375,2.25,0.08082561175463951
iBB1018,6.375,3.0,0.11156193428281586
iBB1018,6.375,3.75,0.14229838556481725
iBB1018,6.375,4.5,0.17303483684682802
iBB1018,6.375,5.25,0.20377128812882703
iBB1018,6.375,6.0,0.23450773941082867
iBB1018,6.375,6.75,0.2652441906928298
iBB1018,6.375,7.5,0.2959806419748369
iBB1018,6.375,8.25,0.3267170932568332
iBB1018,6.375,9.0,0.3574535445388458
iBB1018,6.375,9.75,0.38061365410269066
iBB1018,6.375,10.5,0.40174734638275467
iBB1018,6.375,11.25,0.422776227652449
iBB1018,6.375,12.0,0.44288387750421077
iBB1018,6.375,12.75,0.4629915273559725
iBB1018,6.375,13.5,0.48309917720773615
iBB1018,6.375,14.25,0.5032068270594998
iBB1018,6.375,15.0,0.5233144769112621
iBB1018,6.375,15.75,0.5434221267630245
iBB1018,6.375,16.5,0.5635297766147876
iBB1018,6.375,17.25,0.5683456875077249
iBB1018,6.375,18.0,0.568345687507734
iBB1018,6.375,18.75,0.568345687507734
iBB1018,6.375,19.5,0.568345687507734
iBB1018,6.375,20.25,0.568345687507734
iBB1018,6.375,21.0,0.568345687507734
iBB1018,6.375,21.75,0.568345687507734
iBB1018,6.375,22.5,0.568345687507734
iBB1018,6.375,23.25,0.568345687507734
iBB1018,6.375,24.0,0.568345687507734
iBB1018,6.375,24.75,0.568345687507734
iBB1018,6.375,25.5,0.568345687507734
iBB1018,6.375,26.25,0.568345687507734
iBB1018,6.375,27.0,0.568345687507734
iBB1018,6.375,27.75,0.568345687507734
iBB1018,6.375,28.5,0.568345687507734
iBB1018,6.375,29.25,0.568345687507734
iBB1018,6.375,30.0,0.568345687507734
iBB1018,6.75,0.0,0.0
iBB1018,6.75,0.75,0.026182940480016726
iBB1018,6.75,1.5,0.05691943582612664
iBB1018,6.75,2.25,0.08765593117224282
iBB1018,6.75,3.0,0.11839225678993112
iBB1018,6.75,3.75,0.14912870807193404
iBB1018,6.75,4.5,0.17986515935393832
iBB1018,6.75,5.25,0.2106016106359427
iBB1018,6.75,6.0,0.2413380619179472
iBB1018,6.75,6.75,0.27207451319994874
iBB1018,6.75,7.5,0.30281096448193895
iBB1018,6.75,8.25,0.333547415763946
iBB1018,6.75,9.0,0.3642838670459535
iBB1018,6.75,9.75,0.3936668169815551
iBB1018,6.75,10.5,0.41480050926161455
iBB1018,6.75,11.25,0.43593420154167833
iBB1018,6.75,12.0,0.45680455817082344
iBB1018,6.75,12.75,0.47691220802258644
iBB1018,6.75,13.5,0.49701985787434855
iBB1018,6.75,14.25,0.5171275077261118
iBB1018,6.75,15.0,0.5372351575778739
iBB1018,6.75,15.75,0.5573428074296369
iBB1018,6.75,16.5,0.5774504572813993
iBB1018,6.75,17.25,0.5975581071331538
iBB1018,6.75,18.0,0.6051450485694113
iBB1018,6.75,18.75,0.6051450485693971
iBB1018,6.75,19.5,0.6051450485693971
iBB1018,6.75,20.25,0.6051450485693971
iBB1018,6.75,21.0,0.6051450485693971
iBB1018,6.75,21.75,0.6051450485693971
iBB1018,6.75,22.5,0.6051450485693971
iBB1018,6.75,23.25,0.6051450485693971
iBB1018,6.75,24.0,0.6051450485693971
iBB1018,6.75,24.75,0.6051450485693971
iBB1018,6.75,25.5,0.6051450485693971
iBB1018,6.75,26.25,0.6051450485693971
iBB1018,6.75,27.0,0.6051450485693971
iBB1018,6.75,27.75,0.6051450485693971
iBB1018,6.75,28.5,0.6051450485693971
iBB1018,6.75,29.25,0.6051450485693971
iBB1018,6.75,30.0,0.6051450485693971
iBB1018,7.125,0.0,0.002176809530889757
iBB1018,7.125,0.75,0.03301326536298906
iBB1018,7.125,1.5,0.06374975380439422
iBB1018,7.125,2.25,0.09448624224579588
iBB1018,7.125,3.0,0.1252225792970386
iBB1018,7.125,3.75,0.15595903057904034
iBB1018,7.125,4.5,0.18669548186104185
iBB1018,7.125,5.25,0.21743193314304787
iBB1018,7.125,6.0,0.2481683844250406
iBB1018,7.125,6.75,0.2789048357070474
iBB1018,7.125,7.5,0.30964128698904286
iBB1018,7.125,8.25,0.3403777382710559
iBB1018,7.125,9.0,0.3711141895530514
iBB1018,7.125,9.75,0.4018506408350524
iBB1018,7.125,10.5,0.4278536721404794
iBB1018,7.125,11.25,0.4489873644205399
iBB1018,7.125,12.0,0.47012105670060333
iBB1018,7.125,12.75,0.49083288868918107
iBB1018,7.125,13.5,0.510940538540939
iBB1018,7.125,14.25,0.531048188392701
iBB1018,7.125,15.0,0.5511558382444657
iBB1018,7.125,15.75,0.5712634880962275
iBB1018,7.125,16.5,0.5913711379479905
iBB1018,7.125,17.25,0.6114787877997516
iBB1018,7.125,18.0,0.6254471624918824
iBB1018,7.125,18.75,0.6254471624918889
iBB1018,7.125,19.5,0.6254471624918889
iBB1018,7.125,20.25,0.6254471624918889
iBB1018,7.125,21.0,0.6254471624918889
iBB1018,7.125,21.75,0.6254471624918889
iBB1018,7.125,22.5,0.6254471624918889
iBB1018,7.125,23.25,0.6254471624918889
iBB1018,7.125,24.0,0.6254471624918889
iBB1018,7.125,24.75,0.6254471624918889
iBB1018,7.125,25.5,0.6254471624918889
iBB1018,7.125,26.25,0.6254471624918889
iBB1018,7.125,27.0,0.6254471624918889
iBB1018,7.125,27.75,0.6254471624918889
iBB1018,7.125,28.5,0.6254471624918889
iBB1018,7.125,29.25,0.6254471624918889
iBB1018,7.125,30.0,0.6254471624918889
iBB1018,7.5,0.0,0.008707233486149622
iBB1018,7.5,0.75,0.0398435749004528
iBB1018,7.5,1.5,0.07058004696651951
iBB1018,7.5,2.25,0.1013164505221465
iBB1018,7.5,3.0,0.13205290180415097
iBB1018,7.5,3.75,0.1627893530861515
iBB1018,7.5,4.5,0.19352580436815997
iBB1018,7.5,5.25,0.22426225565016122
iBB1018,7.5,6.0,0.2549987069321627
iBB1018,7.5,6.75,0.28573515821417
iBB1018,7.5,7.5,0.3164716094961657
iBB1018,7.5,8.25,0.34720806077816146
iBB1018,7.5,9.0,0.3779445120601692
iBB1018,7.5,9.75,0.40868096334217097
iBB1018,7.5,10.5,0.4394174146241662
iBB1018,7.5,11.25,0.462040527299404
iBB1018,7.5,12.0,0.4831742195794641
iBB1018,7.5,12.75,0.5043079118595266
iBB1018,7.5,13.5,0.524861219207547
iBB1018,7.5,14.25,0.5449688690593103
iBB1018,7.5,15.0,0.5650765189110727
iBB1018,7.5,15.75,0.5851841687628371
iBB1018,7.5,16.5,0.6052918186145977
iBB1018,7.5,17.25,0.6253994684663594
iBB1018,7.5,18.0,0.6254471624918935
iBB1018,7.5,18.75,0.6254471624918888
iBB1018,7.5,19.5,0.6254471624918888
iBB1018,7.5,20.25,0.6254471624918888
iBB1018,7.5,21.0,0.6254471624918888
iBB1018,7.5,21.75,0.6254471624918888
iBB1018,7.5,22.5,0.6254471624918888
iBB1018,7.5,23.25,0.6254471624918888
iBB1018,7.5,24.0,0.6254471624918888
iBB1018,7.5,24.75,0.6254471624918888
iBB1018,7.5,25.5,0.6254471624918888
iBB1018,7.5,26.25,0.6254471624918888
iBB1018,7.5,27.0,0.6254471624918888
iBB1018,7.5,27.75,0.6254471624918888
iBB1018,7.5,28.5,0.6254471624918888
iBB1018,7.5,29.25,0.6254471624918888
iBB1018,7.5,30.0,0.6254471624918888
iBB1018,7.875,0.0,0.015237658899287248
iBB1018,7.875,0.75,0.04667391392803486
iBB1018,7.875,1.5,0.07741039383187127
iBB1018,7.875,2.25,0.10814677302926487
iBB1018,7.875,3.0,0.13888322431126443
iBB1018,7.875,3.75,0.1696196755932607
iBB1018,7.875,4.5,0.20035612687526744
iBB1018,7.875,5.25,0.2310925781572692
iBB1018,7.875,6.0,0.2618290294392707
iBB1018,7.875,6.75,0.29256548072127797
iBB1018,7.875,7.5,0.32330193200327395
iBB1018,7.875,8.25,0.35403838328528575
iBB1018,7.875,9.0,0.384774834567277
iBB1018,7.875,9.75,0.4155112858492785
iBB1018,7.875,10.5,0.4462477371312795
iBB1018,7.875,11.25,0.4750936901782648
iBB1018,7.875,12.0,0.49622738245833087
iBB1018,7.875,12.75,0.5173610747383913
iBB1018,7.875,13.5,0.5384947670184562
iBB1018,7.875,14.25,0.558889549725914
iBB1018,7.875,15.0,0.5789971995776791
iBB1018,7.875,15.75,0.5991048494294395
iBB1018,7.875,16.5,0.6192124992812037
iBB1018,7.875,17.25,0.6254471624918939
iBB1018,7.875,18.0,0.6254471624918861
iBB1018,7.875,18.75,0.625447162491877
iBB1018,7.875,19.5,0.625447162491877
iBB1018,7.875,20.25,0.625447162491877
iBB1018,7.875,21.0,0.625447162491877
iBB1018,7.875,21.75,0.625447162491877
iBB1018,7.875,22.5,0.625447162491877
iBB1018,7.875,23.25,0.625447162491877
iBB1018,7.875,24.0,0.625447162491877
iBB1018,7.875,24.75,0.625447162491877
iBB1018,7.875,25.5,0.625447162491877
iBB1018,7.875,26.25,0.625447162491877
iBB1018,7.875,27.0,0.625447162491877
iBB1018,7.875,27.75,0.625447162491877
iBB1018,7.875,28.5,0.625447162491877
iBB1018,7.875,29.25,0.625447162491877
iBB1018,7.875,30.0,0.625447162491877
iBB1018,8.25,0.0,0.02176809530890073
iBB1018,8.25,0.75,0.05350425765725392
iBB1018,8.25,1.5,0.08424074609866283
iBB1018,8.25,2.25,0.11497709553637432
iBB1018,8.25,3.0,0.14571354681837806
iBB1018,8.25,3.75,0.1764499981003833
iBB1018,8.25,4.5,0.20718644938238232
iBB1018,8.25,5.25,0.23792290066438004
iBB1018,8.25,6.0,0.2686593519463838
iBB1018,8.25,6.75,0.29939580322838955
iBB1018,8.25,7.5,0.3301322545103956
iBB1018,8.25,8.25,0.36086870579239133
iBB1018,8.25,9.0,0.3916051570744033
iBB1018,8.25,9.75,0.42234160835639734
iBB1018,8.25,10.5,0.4530780596383986
iBB1018,8.25,11.25,0.48381451092040534
iBB1018,8.25,12.0,0.5092805453371891
iBB1018,8.25,12.75,0.5304142376172516
iBB1018,8.25,13.5,0.5515479298973134
iBB1018,8.25,14.25,0.5726816221773735
iBB1018,8.25,15.0,0.5929178802442823
iBB1018,8.25,15.75,0.6130255300960458
iBB1018,8.25,16.5,0.6254471624918965
iBB1018,8.25,17.25,0.625447162491892
iBB1018,8.25,18.0,0.6254471624918684
iBB1018,8.25,18.75,0.6254471624918884
iBB1018,8.25,19.5,0.6254471624918884
iBB1018,8.25,20.25,0.6254471624918884
iBB1018,8.25,21.0,0.6254471624918884
iBB1018,8.25,21.75,0.6254471624918884
iBB1018,8.25,22.5,0.6254471624918884
iBB1018,8.25,23.25,0.6254471624918884
iBB1018,8.25,24.0,0.6254471624918884
iBB1018,8.25,24.75,0.6254471624918884
iBB1018,8.25,25.5,0.6254471624918884
iBB1018,8.25,26.25,0.6254471624918884
iBB1018,8.25,27.0,0.6254471624918884
iBB1018,8.25,27.75,0.6254471624918884
iBB1018,8.25,28.5,0.6254471624918884
iBB1018,8.25,29.25,0.6254471624918884
iBB1018,8.25,30.0,0.6254471624918884
iBB1018,8.625,0.0,0.028298515298033323
iBB1018,8.625,0.75,0.060334570426761124
iBB1018,8.625,1.5,0.09107104970077454
iBB1018,8.625,2.25,0.12180741804348748
iBB1018,8.625,3.0,0.152543869325487
iBB1018,8.625,3.75,0.18328032060749325
iBB1018,8.625,4.5,0.21401677188948953
iBB1018,8.625,5.25,0.24475322317149278
iBB1018,8.625,6.0,0.2754896744534993
iBB1018,8.625,6.75,0.3062261257354895
iBB1018,8.625,7.5,0.33696257701749655
iBB1018,8.625,8.25,0.3676990282994921
iBB1018,8.625,9.0,0.39843547958149333
iBB1018,8.625,9.75,0.42917193086350586
iBB1018,8.625,10.5,0.4599083821455121
iBB1018,8.625,11.25,0.4906448334275021
iBB1018,8.625,12.0,0.5213812847095086
iBB1018,8.625,12.75,0.5434674004961136
iBB1018,8.625,13.5,0.5646010927761754
iBB1018,8.625,14.25,0.585734785056238
iBB1018,8.625,15.0,0.6068385609108912
iBB1018,8.625,15.75,0.6254471624918924
iBB1018,8.625,16.5,0.6254471624918789
iBB1018,8.625,17.25,0.625447162491876
iBB1018,8.625,18.0,0.6254471624918871
iBB1018,8.625,18.75,0.625447162491878
iBB1018,8.625,19.5,0.625447162491878
iBB1018,8.625,20.25,0.625447162491878
iBB1018,8.625,21.0,0.625447162491878
iBB1018,8.625,21.75,0.625447162491878
iBB1018,8.625,22.5,0.625447162491878
iBB1018,8.625,23.25,0.625447162491878
iBB1018,8.625,24.0,0.625447162491878
iBB1018,8.625,24.75,0.625447162491878
iBB1018,8.625,25.5,0.625447162491878
iBB1018,8.625,26.25,0.625447162491878
iBB1018,8.625,27.0,0.625447162491878
iBB1018,8.625,27.75,0.625447162491878
iBB1018,8.625,28.5,0.625447162491878
iBB1018,8.625,29.25,0.625447162491878
iBB1018,8.625,30.0,0.625447162491878
iBB1018,9.0,0.0,0.03482893394459901
iBB1018,9.0,0.75,0.06716489915431455
iBB1018,9.0,1.5,0.09790137842833099
iBB1018,9.0,2.25,0.1286377405505956
iBB1018,9.0,3.0,0.1593741918325996
iBB1018,9.0,3.75,0.1901106431146016
iBB1018,9.0,4.5,0.22084709439660635
iBB1018,9.0,5.25,0.2515835456786056
iBB1018,9.0,6.0,0.28231999696060506
iBB1018,9.0,6.75,0.3130564482426108
iBB1018,9.0,7.5,0.34379289952461606
iBB1018,9.0,8.25,0.37452935080661504
iBB1018,9.0,9.0,0.4052658020886203
iBB1018,9.0,9.75,0.43600225337061405
iBB1018,9.0,10.5,0.466738704652619
iBB1018,9.0,11.25,0.49747515593462455
iBB1018,9.0,12.0,0.528211607216618
iBB1018,9.0,12.75,0.556520563374974
iBB1018,9.0,13.5,0.5776542556550381
iBB1018,9.0,14.25,0.5987879479350997
iBB1018,9.0,15.0,0.6199216402151614
iBB1018,9.0,15.75,0.6254471624918871
iBB1018,9.0,16.5,0.6254471624918887
iBB1018,9.0,17.25,0.6254471624918887
iBB1018,9.0,18.0,0.6254471624918887
iBB1018,9.0,18.75,0.6254471624918887
iBB1018,9.0,19.5,0.6254471624918887
iBB1018,9.0,20.25,0.6254471624918887
iBB1018,9.0,21.0,0.6254471624918887
iBB1018,9.0,21.75,0.6254471624918887
iBB1018,9.0,22.5,0.6254471624918887
iBB1018,9.0,23.25,0.6254471624918887
iBB1018,9.0,24.0,0.6254471624918887
iBB1018,9.0,24.75,0.6254471624918887
iBB1018,9.0,25.5,0.6254471624918887
iBB1018,9.0,26.25,0.6254471624918726
iBB1018,9.0,27.0,0.6254471624918617
iBB1018,9.0,27.75,0.6254471624918617
iBB1018,9.0,28.5,0.6254471624918617
iBB1018,9.0,29.25,0.6254471624918617
iBB1018,9.0,30.0,0.6254471624918617
iBB1018,9.375,0.0,0.04135936091986003
iBB1018,9.375,0.75,0.07399523136359848
iBB1018,9.375,1.5,0.10473161177570155
iBB1018,9.375,2.25,0.1354680630577076
iBB1018,9.375,3.0,0.16620451433971184
iBB1018,9.375,3.75,0.19694096562171076
iBB1018,9.375,4.5,0.2276774169037096
iBB1018,9.375,5.25,0.25841386818571965
iBB1018,9.375,6.0,0.28915031946771313
iBB1018,9.375,6.75,0.31988677074971916
iBB1018,9.375,7.5,0.35062322203172214
iBB1018,9.375,8.25,0.3813596733137229
iBB1018,9.375,9.0,0.41209612459572564
iBB1018,9.375,9.75,0.44283257587773744
iBB1018,9.375,10.5,0.47356902715972793
iBB1018,9.375,11.25,0.5043054784417345
iBB1018,9.375,12.0,0.5350419297237314
iBB1018,9.375,12.75,0.565778381005728
iBB1018,9.375,13.5,0.5907074185338995
iBB1018,9.375,14.25,0.6118411108139654
iBB1018,9.375,15.0,0.6254471624918848
iBB1018,9.375,15.75,0.6254471624918739
iBB1018,9.375,16.5,0.6254471624918739
iBB1018,9.375,17.25,0.6254471624918739
iBB1018,9.375,18.0,0.6254471624918739
iBB1018,9.375,18.75,0.6254471624918739
iBB1018,9.375,19.5,0.6254471624918739
iBB1018,9.375,20.25,0.6254471624918739
iBB1018,9.375,21.0,0.6254471624918739
iBB1018,9.375,21.75,0.6254471624918739
iBB1018,9.375,22.5,0.6254471624918739
iBB1018,9.375,23.25,0.6254471624918739
iBB1018,9.375,24.0,0.6254471624918739
iBB1018,9.375,24.75,0.6254471624918739
iBB1018,9.375,25.5,0.6254471624918739
iBB1018,9.375,26.25,0.6254471624918739
iBB1018,9.375,27.0,0.6254471624918739
iBB1018,9.375,27.75,0.6254471624918739
iBB1018,9.375,28.5,0.6254471624918739
iBB1018,9.375,29.25,0.6254471624918739
iBB1018,9.375,30.0,0.6254471624918739
iBB1018,9.75,0.0,0.0478897972741849
iBB1018,9.75,0.75,0.0808255604125444
iBB1018,9.75,1.5,0.11156193428281397
iBB1018,9.75,2.25,0.1422983855648195
iBB1018,9.75,3.0,0.17303483684682253
iBB1018,9.75,3.75,0.20377128812882278
iBB1018,9.75,4.5,0.23450773941082328
iBB1018,9.75,5.25,0.2652441906928298
iBB1018,9.75,6.0,0.2959806419748313
iBB1018,9.75,6.75,0.32671709325683357
iBB1018,9.75,7.5,0.35745354453882955
iBB1018,9.75,8.25,0.3881899958208358
iBB1018,9.75,9.0,0.41892644710283783
iBB1018,9.75,9.75,0.4496628983848293
iBB1018,9.75,10.5,0.4803993496668476
iBB1018,9.75,11.25,0.5111358009488474
iBB1018,9.75,12.0,0.5418722522308446
iBB1018,9.75,12.75,0.5726087035128519
iBB1018,9.75,13.5,0.6033451547948466
iBB1018,9.75,14.25,0.6248942736928282
iBB1018,9.75,15.0,0.6254471624919615
iBB1018,9.75,15.75,0.6254471624919871
iBB1018,9.75,16.5,0.6254471624919871
iBB1018,9.75,17.25,0.6254471624919871
iBB1018,9.75,18.0,0.6254471624919871
iBB1018,9.75,18.75,0.6254471624919871
iBB1018,9.75,19.5,0.6254471624919871
iBB1018,9.75,20.25,0.6254471624919871
iBB1018,9.75,21.0,0.6254471624919871
iBB1018,9.75,21.75,0.6254471624919871
iBB1018,9.75,22.5,0.6254471624919871
iBB1018,9.75,23.25,0.6254471624919871
iBB1018,9.75,24.0,0.6254471624919871
iBB1018,9.75,24.75,0.6254471624919871
iBB1018,9.75,25.5,0.6254471624919871
iBB1018,9.75,26.25,0.6254471624919871
iBB1018,9.75,27.0,0.6254471624919871
iBB1018,9.75,27.75,0.6254471624919871
iBB1018,9.75,28.5,0.6254471624919871
iBB1018,9.75,29.25,0.6254471624919871
iBB1018,9.75,30.0,0.6254471624919871
iBB1018,10.125,0.0,0.0544202241752101
iBB1018,10.125,0.75,0.08765588946150252
iBB1018,10.125,1.5,0.11839225678992467
iBB1018,10.125,2.25,0.14912870807193193
iBB1018,10.125,3.0,0.1798651593539312
iBB1018,10.125,3.75,0.2106016106359347
iBB1018,10.125,4.5,0.24133806191793694
iBB1018,10.125,5.25,0.272074513199935
iBB1018,10.125,6.0,0.30281096448193945
iBB1018,10.125,6.75,0.333547415763947
iBB1018,10.125,7.5,0.36428386704594196
iBB1018,10.125,8.25,0.3950203183279495
iBB1018,10.125,9.0,0.42575676960993997
iBB1018,10.125,9.75,0.45649322089195904
iBB1018,10.125,10.5,0.4872296721739595
iBB1018,10.125,11.25,0.5179661234559505
iBB1018,10.125,12.0,0.5487025747379453
iBB1018,10.125,12.75,0.5794390260199528
iBB1018,10.125,13.5,0.6101754773019711
iBB1018,10.125,14.25,0.6254471624918718
iBB1018,10.125,15.0,0.6254471624918759
iBB1018,10.125,15.75,0.6254471624918759
iBB1018,10.125,16.5,0.6254471624918759
iBB1018,10.125,17.25,0.6254471624918759
iBB1018,10.125,18.0,0.6254471624918759
iBB1018,10.125,18.75,0.6254471624918759
iBB1018,10.125,19.5,0.6254471624918759
iBB1018,10.125,20.25,0.6254471624918759
iBB1018,10.125,21.0,0.6254471624918759
iBB1018,10.125,21.75,0.6254471624918759
iBB1018,10.125,22.5,0.6254471624918759
iBB1018,10.125,23.25,0.6254471624918759
iBB1018,10.125,24.0,0.6254471624918759
iBB1018,10.125,24.75,0.6254471624918759
iBB1018,10.125,25.5,0.6254471624918759
iBB1018,10.125,26.25,0.6254471624918759
iBB1018,10.125,27.0,0.6254471624918759
iBB1018,10.125,27.75,0.6254471624918759
iBB1018,10.125,28.5,0.6254471624918759
iBB1018,10.125,29.25,0.6254471624918759
iBB1018,10.125,30.0,0.6254471624918759
iBB1018,10.5,0.0,0.060950664122900275
iBB1018,10.5,0.75,0.09448623779989541
iBB1018,10.5,1.5,0.12522257929704383
iBB1018,10.5,2.25,0.15595903057904084
iBB1018,10.5,3.0,0.1866954818610461
iBB1018,10.5,3.75,0.21743193314304335
iBB1018,10.5,4.5,0.24816838442504713
iBB1018,10.5,5.25,0.2789048357070486
iBB1018,10.5,6.0,0.3096412869890524
iBB1018,10.5,6.75,0.3403777382710489
iBB1018,10.5,7.5,0.3711141895530559
iBB1018,10.5,8.25,0.4018506408350519
iBB1018,10.5,9.0,0.4325870921170594
iBB1018,10.5,9.75,0.4633235433990597
iBB1018,10.5,10.5,0.49405999468105616
iBB1018,10.5,11.25,0.5247964459630632
iBB1018,10.5,12.0,0.5555328972450592
iBB1018,10.5,12.75,0.5862693485270687
iBB1018,10.5,13.5,0.6170057998090627
iBB1018,10.5,14.25,0.6254471624918986
iBB1018,10.5,15.0,0.6254471624919107
iBB1018,10.5,15.75,0.6254471624919107
iBB1018,10.5,16.5,0.6254471624919107
iBB1018,10.5,17.25,0.6254471624919107
iBB1018,10.5,18.0,0.6254471624919107
iBB1018,10.5,18.75,0.6254471624919107
iBB1018,10.5,19.5,0.6254471624919107
iBB1018,10.5,20.25,0.6254471624919107
iBB1018,10.5,21.0,0.6254471624919107
iBB1018,10.5,21.75,0.6254471624919107
iBB1018,10.5,22.5,0.6254471624919107
iBB1018,10.5,23.25,0.6254471624919107
iBB1018,10.5,24.0,0.6254471624919107
iBB1018,10.5,24.75,0.6254471624919107
iBB1018,10.5,25.5,0.6254471624919107
iBB1018,10.5,26.25,0.6254471624919107
iBB1018,10.5,27.0,0.6254471624919107
iBB1018,10.5,27.75,0.6254471624919107
iBB1018,10.5,28.5,0.6254471624919107
iBB1018,10.5,29.25,0.6254471624919107
iBB1018,10.5,30.0,0.6254471624919107
iBB1018,10.875,0.0,0.06748109545758225
iBB1018,10.875,0.75,0.10131645052214365
iBB1018,10.875,1.5,0.1320529018041495
iBB1018,10.875,2.25,0.16278935308615325
iBB1018,10.875,3.0,0.19352580436815428
iBB1018,10.875,3.75,0.22426225565015342
iBB1018,10.875,4.5,0.25499870693215754
iBB1018,10.875,5.25,0.2857351582141653
iBB1018,10.875,6.0,0.3164716094961608
iBB1018,10.875,6.75,0.34720806077816757
iBB1018,10.875,7.5,0.37794451206016405
iBB1018,10.875,8.25,0.4086809633421651
iBB1018,10.875,9.0,0.4394174146241716
iBB1018,10.875,9.75,0.4701538659061691
iBB1018,10.875,10.5,0.5008903171881641
iBB1018,10.875,11.25,0.5316267684701769
iBB1018,10.875,12.0,0.5623632197521838
iBB1018,10.875,12.75,0.5930996710341794
iBB1018,10.875,13.5,0.6238361223161754
iBB1018,10.875,14.25,0.6254471624918524
iBB1018,10.875,15.0,0.6254471624920032
iBB1018,10.875,15.75,0.6254471624920032
iBB1018,10.875,16.5,0.6254471624920032
iBB1018,10.875,17.25,0.6254471624920032
iBB1018,10.875,18.0,0.6254471624920032
iBB1018,10.875,18.75,0.6254471624920032
iBB1018,10.875,19.5,0.6254471624920032
iBB1018,10.875,20.25,0.6254471624920032
iBB1018,10.875,21.0,0.6254471624920032
iBB1018,10.875,21.75,0.6254471624920032
iBB1018,10.875,22.5,0.6254471624920032
iBB1018,10.875,23.25,0.6254471624920032
iBB1018,10.875,24.0,0.6254471624920032
iBB1018,10.875,24.75,0.6254471624920032
iBB1018,10.875,25.5,0.6254471624920032
iBB1018,10.875,26.25,0.6254471624920032
iBB1018,10.875,27.0,0.6254471624920032
iBB1018,10.875,27.75,0.6254471624920032
iBB1018,10.875,28.5,0.6254471624920032
iBB1018,10.875,29.25,0.6254471624920032
iBB1018,10.875,30.0,0.6254471624920032
iBB1018,11.25,0.0,0.07401152405025133
iBB1018,11.25,0.75,0.10814677302926216
iBB1018,11.25,1.5,0.13888322431126568
iBB1018,11.25,2.25,0.16961967559326918
iBB1018,11.25,3.0,0.20035612687527043
iBB1018,11.25,3.75,0.23109257815726858
iBB1018,11.25,4.5,0.26182902943927094
iBB1018,11.25,5.25,0.292565480721275
iBB1018,11.25,6.0,0.32330193200327423
iBB1018,11.25,6.75,0.35403838328528076
iBB1018,11.25,7.5,0.38477483456727724
iBB1018,11.25,8.25,0.415511285849284
iBB1018,11.25,9.0,0.4462477371312855
iBB1018,11.25,9.75,0.476984188413282
iBB1018,11.25,10.5,0.507720639695289
iBB1018,11.25,11.25,0.53845709097729
iBB1018,11.25,12.0,0.5691935422592875
iBB1018,11.25,12.75,0.5999299935412705
iBB1018,11.25,13.5,0.6254471624919448
iBB1018,11.25,14.25,0.6254471624918125
iBB1018,11.25,15.0,0.6254471624918125
iBB1018,11.25,15.75,0.6254471624918125
iBB1018,11.25,16.5,0.6254471624918125
iBB1018,11.25,17.25,0.6254471624918125
iBB1018,11.25,18.0,0.6254471624918125
iBB1018,11.25,18.75,0.6254471624918125
iBB1018,11.25,19.5,0.6254471624918125
iBB1018,11.25,20.25,0.6254471624918125
iBB1018,11.25,21.0,0.6254471624918125
iBB1018,11.25,21.75,0.6254471624918125
iBB1018,11.25,22.5,0.6254471624918125
iBB1018,11.25,23.25,0.6254471624918125
iBB1018,11.25,24.0,0.6254471624918125
iBB1018,11.25,24.75,0.6254471624918125
iBB1018,11.25,25.5,0.6254471624918125
iBB1018,11.25,26.25,0.6254471624918125
iBB1018,11.25,27.0,0.6254471624918125
iBB1018,11.25,27.75,0.6254471624918125
iBB1018,11.25,28.5,0.6254471624918125
iBB1018,11.25,29.25,0.6254471624918125
iBB1018,11.25,30.0,0.6254471624918125
iBB1018,11.625,0.0,0.08054194901954789
iBB1018,11.625,0.75,0.11497709553637082
iBB1018,11.625,1.5,0.14571354681837584
iBB1018,11.625,2.25,0.17644999810038361
iBB1018,11.625,3.0,0.20718644938238362
iBB1018,11.625,3.75,0.2379229006643751
iBB1018,11.625,4.5,0.2686593519463881
iBB1018,11.625,5.25,0.2993958032283919
iBB1018,11.625,6.0,0.3301322545103859
iBB1018,11.625,6.75,0.36086870579239866
iBB1018,11.625,7.5,0.39160515707439314
iBB1018,11.625,8.25,0.42234160835639367
iBB1018,11.625,9.0,0.4530780596384007
iBB1018,11.625,9.75,0.48381451092039596
iBB1018,11.625,10.5,0.5145509622023969
iBB1018,11.625,11.25,0.5452874134844132
iBB1018,11.625,12.0,0.5760238647664088
iBB1018,11.625,12.75,0.606760316048405
iBB1018,11.625,13.5,0.6254471624918867
iBB1018,11.625,14.25,0.625447162491905
iBB1018,11.625,15.0,0.6254471624919216
iBB1018,11.625,15.75,0.6254471624918678
iBB1018,11.625,16.5,0.6254471624918854
iBB1018,11.625,17.25,0.6254471624918665
iBB1018,11.625,18.0,0.6254471624918915
iBB1018,11.625,18.75,0.6254471624918915
iBB1018,11.625,19.5,0.6254471624918915
iBB1018,11.625,20.25,0.6254471624918915
iBB1018,11.625,21.0,0.6254471624918915
iBB1018,11.625,21.75,0.6254471624918915
iBB1018,11.625,22.5,0.6254471624918915
iBB1018,11.625,23.25,0.6254471624918915
iBB1018,11.625,24.0,0.6254471624918915
iBB1018,11.625,24.75,0.6254471624918915
iBB1018,11.625,25.5,0.6254471624918915
iBB1018,11.625,26.25,0.6254471624918915
iBB1018,11.625,27.0,0.6254471624918915
iBB1018,11.625,27.75,0.6254471624918915
iBB1018,11.625,28.5,0.6254471624918915
iBB1018,11.625,29.25,0.6254471624918915
iBB1018,11.625,30.0,0.6254471624918915
iBB1018,12.0,0.0,0.08707235476317846
iBB1018,12.0,0.75,0.12180741804348344
iBB1018,12.0,1.5,0.15254386932548494
iBB1018,12.0,2.25,0.18328032060748342
iBB1018,12.0,3.0,0.21401677188948992
iBB1018,12.0,3.75,0.24475322317149603
iBB1018,12.0,4.5,0.2754896744534964
iBB1018,12.0,5.25,0.3062261257354966
iBB1018,12.0,6.0,0.3369625770174909
iBB1018,12.0,6.75,0.3676990282995009
iBB1018,12.0,7.5,0.3984354795815054
iBB1018,12.0,8.25,0.42917193086351163
iBB1018,12.0,9.0,0.4599083821455101
iBB1018,12.0,9.75,0.4906448334275046
iBB1018,12.0,10.5,0.5213812847095078
iBB1018,12.0,11.25,0.5521177359915076
iBB1018,12.0,12.0,0.5828541872735241
iBB1018,12.0,12.75,0.6135906385555175
iBB1018,12.0,13.5,0.6254471624918854
iBB1018,12.0,14.25,0.6254471624918617
iBB1018,12.0,15.0,0.6254471624918617
iBB1018,12.0,15.75,0.6254471624918617
iBB1018,12.0,16.5,0.6254471624918617
iBB1018,12.0,17.25,0.6254471624918617
iBB1018,12.0,18.0,0.6254471624918617
iBB1018,12.0,18.75,0.6254471624918617
iBB1018,12.0,19.5,0.6254471624918617
iBB1018,12.0,20.25,0.6254471624918617
iBB1018,12.0,21.0,0.6254471624918617
iBB1018,12.0,21.75,0.6254471624918617
iBB1018,12.0,22.5,0.6254471624918617
iBB1018,12.0,23.25,0.6254471624918617
iBB1018,12.0,24.0,0.6254471624918617
iBB1018,12.0,24.75,0.6254471624918617
iBB1018,12.0,25.5,0.6254471624918617
iBB1018,12.0,26.25,0.6254471624918617
iBB1018,12.0,27.0,0.6254471624918617
iBB1018,12.0,27.75,0.6254471624918617
iBB1018,12.0,28.5,0.6254471624918617
iBB1018,12.0,29.25,0.6254471624918617
iBB1018,12.0,30.0,0.6254471624918617
iBB1018,12.375,0.0,0.09360278843393781
iBB1018,12.375,0.75,0.12863774055059513
iBB1018,12.375,1.5,0.1593741918326001
iBB1018,12.375,2.25,0.19011064311460185
iBB1018,12.375,3.0,0.22084709439659958
iBB1018,12.375,3.75,0.2515835456786021
iBB1018,12.375,4.5,0.28231999696060506
iBB1018,12.375,5.25,0.3130564482426126
iBB1018,12.375,6.0,0.3437928995246093
iBB1018,12.375,6.75,0.37452935080661404
iBB1018,12.375,7.5,0.40526580208861307
iBB1018,12.375,8.25,0.43600225337061377
iBB1018,12.375,9.0,0.4667387046526125
iBB1018,12.375,9.75,0.49747515593462277
iBB1018,12.375,10.5,0.5282116072166273
iBB1018,12.375,11.25,0.558948058498632
iBB1018,12.375,12.0,0.5896845097806385
iBB1018,12.375,12.75,0.6204209610626426
iBB1018,12.375,13.5,0.6254471624918903
iBB1018,12.375,14.25,0.6254471624918668
iBB1018,12.375,15.0,0.6254471624918668
iBB1018,12.375,15.75,0.6254471624918668
iBB1018,12.375,16.5,0.6254471624918668
iBB1018,12.375,17.25,0.6254471624918668
iBB1018,12.375,18.0,0.6254471624918668
iBB1018,12.375,18.75,0.6254471624918668
iBB1018,12.375,19.5,0.6254471624918668
iBB1018,12.375,20.25,0.6254471624918668
iBB1018,12.375,21.0,0.6254471624918668
iBB1018,12.375,21.75,0.6254471624918668
iBB1018,12.375,22.5,0.6254471624918668
iBB1018,12.375,23.25,0.6254471624918668
iBB1018,12.375,24.0,0.6254471624918668
iBB1018,12.375,24.75,0.6254471624918668
iBB1018,12.375,25.5,0.6254471624918668
iBB1018,12.375,26.25,0.6254471624918668
iBB1018,12.375,27.0,0.6254471624918668
iBB1018,12.375,27.75,0.6254471624918668
iBB1018,12.375,28.5,0.6254471624918668
iBB1018,12.375,29.25,0.6254471624918668
iBB1018,12.375,30.0,0.6254471624918668
iBB1018,12.75,0.0,0.10013309646752357
iBB1018,12.75,0.75,0.13546806305771059
iBB1018,12.75,1.5,0.1662045143397071
iBB1018,12.75,2.25,0.1969409656217116
iBB1018,12.75,3.0,0.22767741690371412
iBB1018,12.75,3.75,0.2584138681857136
iBB1018,12.75,4.5,0.28915031946771613
iBB1018,12.75,5.25,0.31988677074972616
iBB1018,12.75,6.0,0.3506232220317214
iBB1018,12.75,6.75,0.38135967331372317
iBB1018,12.75,7.5,0.4120961245957299
iBB1018,12.75,8.25,0.4428325758777252
iBB1018,12.75,9.0,0.4735690271597332
iBB1018,12.75,9.75,0.5043054784417231
iBB1018,12.75,10.5,0.5350419297237249
iBB1018,12.75,11.25,0.5657783810057435
iBB1018,12.75,12.0,0.5965148322877287
iBB1018,12.75,12.75,0.6254471624918819
iBB1018,12.75,13.5,0.6254471624918779
iBB1018,12.75,14.25,0.6254471624918779
iBB1018,12.75,15.0,0.6254471624918779
iBB1018,12.75,15.75,0.6254471624918779
iBB1018,12.75,16.5,0.6254471624918779
iBB1018,12.75,17.25,0.6254471624918779
iBB1018,12.75,18.0,0.6254471624918779
iBB1018,12.75,18.75,0.6254471624918779
iBB1018,12.75,19.5,0.6254471624918779
iBB1018,12.75,20.25,0.6254471624918779
iBB1018,12.75,21.0,0.6254471624918779
iBB1018,12.75,21.75,0.6254471624918779
iBB1018,12.75,22.5,0.6254471624918779
iBB1018,12.75,23.25,0.6254471624918779
iBB1018,12.75,24.0,0.6254471624918779
iBB1018,12.75,24.75,0.6254471624918779
iBB1018,12.75,25.5,0.6254471624918779
iBB1018,12.75,26.25,0.6254471624918779
iBB1018,12.75,27.0,0.6254471624918779
iBB1018,12.75,27.75,0.6254471624918779
iBB1018,12.75,28.5,0.6254471624918779
iBB1018,12.75,29.25,0.6254471624918779
iBB1018,12.75,30.0,0.6254471624918779
iBB1018,13.125,0.0,0.10666351580236194
iBB1018,13.125,0.75,0.14229838556481572
iBB1018,13.125,1.5,0.17303483684681917
iBB1018,13.125,2.25,0.20377128812882267
iBB1018,13.125,3.0,0.23450773941081865
iBB1018,13.125,3.75,0.2652441906928297
iBB1018,13.125,4.5,0.29598064197482915
iBB1018,13.125,5.25,0.3267170932568316
iBB1018,13.125,6.0,0.35745354453883615
iBB1018,13.125,6.75,0.38818999582083513
iBB1018,13.125,7.5,0.4189264471028409
iBB1018,13.125,8.25,0.44966289838484036
iBB1018,13.125,9.0,0.48039934966683334
iBB1018,13.125,9.75,0.5111358009488388
iBB1018,13.125,10.5,0.5418722522308376
iBB1018,13.125,11.25,0.5726087035128375
iBB1018,13.125,12.0,0.6033451547948431
iBB1018,13.125,12.75,0.6254471624918917
iBB1018,13.125,13.5,0.6254471624918869
iBB1018,13.125,14.25,0.6254471624918869
iBB1018,13.125,15.0,0.6254471624918869
iBB1018,13.125,15.75,0.6254471624918869
iBB1018,13.125,16.5,0.6254471624918869
iBB1018,13.125,17.25,0.6254471624918869
iBB1018,13.125,18.0,0.6254471624918869
iBB1018,13.125,18.75,0.6254471624918869
iBB1018,13.125,19.5,0.6254471624918869
iBB1018,13.125,20.25,0.6254471624918869
iBB1018,13.125,21.0,0.6254471624918869
iBB1018,13.125,21.75,0.6254471624918869
iBB1018,13.125,22.5,0.6254471624918869
iBB1018,13.125,23.25,0.6254471624918869
iBB1018,13.125,24.0,0.6254471624918869
iBB1018,13.125,24.75,0.6254471624918869
iBB1018,13.125,25.5,0.6254471624918869
iBB1018,13.125,26.25,0.6254471624918869
iBB1018,13.125,27.0,0.6254471624918869
iBB1018,13.125,27.75,0.6254471624918869
iBB1018,13.125,28.5,0.6254471624918869
iBB1018,13.125,29.25,0.6254471624918869
iBB1018,13.125,30.0,0.6254471624918869
iBB1018,13.5,0.0,0.11319393513720136
iBB1018,13.5,0.75,0.14912870807192835
iBB1018,13.5,1.5,0.17986515935392983
iBB1018,13.5,2.25,0.21060161063593683
iBB1018,13.5,3.0,0.24133806191793783
iBB1018,13.5,3.75,0.27207451319993886
iBB1018,13.5,4.5,0.30281096448194234
iBB1018,13.5,5.25,0.33354741576393904
iBB1018,13.5,6.0,0.3642838670459493
iBB1018,13.5,6.75,0.39502031832794354
iBB1018,13.5,7.5,0.425756769609948
iBB1018,13.5,8.25,0.45649322089194805
iBB1018,13.5,9.0,0.4872296721739525
iBB1018,13.5,9.75,0.5179661234559573
iBB1018,13.5,10.5,0.5487025747379618
iBB1018,13.5,11.25,0.5794390260199612
iBB1018,13.5,12.0,0.6101754773019673
iBB1018,13.5,12.75,0.6254471624918877
iBB1018,13.5,13.5,0.6254471624918833
iBB1018,13.5,14.25,0.6254471624918833
iBB1018,13.5,15.0,0.6254471624918833
iBB1018,13.5,15.75,0.6254471624918833
iBB1018,13.5,16.5,0.6254471624918833
iBB1018,13.5,17.25,0.6254471624918833
iBB1018,13.5,18.0,0.6254471624918833
iBB1018,13.5,18.75,0.6254471624918833
iBB1018,13.5,19.5,0.6254471624918833
iBB1018,13.5,20.25,0.6254471624918833
iBB1018,13.5,21.0,0.6254471624918833
iBB1018,13.5,21.75,0.6254471624918833
iBB1018,13.5,22.5,0.6254471624918833
iBB1018,13.5,23.25,0.6254471624918833
iBB1018,13.5,24.0,0.6254471624918833
iBB1018,13.5,24.75,0.6254471624918833
iBB1018,13.5,25.5,0.6254471624918833
iBB1018,13.5,26.25,0.6254471624918833
iBB1018,13.5,27.0,0.6254471624918833
iBB1018,13.5,27.75,0.6254471624918833
iBB1018,13.5,28.5,0.6254471624918833
iBB1018,13.5,29.25,0.6254471624918833
iBB1018,13.5,30.0,0.6254471624918833
iBB1018,13.875,0.0,0.11972435447203851
iBB1018,13.875,0.75,0.1559590305790396
iBB1018,13.875,1.5,0.1866954818610471
iBB1018,13.875,2.25,0.21743193314305062
iBB1018,13.875,3.0,0.24816838442505212
iBB1018,13.875,3.75,0.2789048357070418
iBB1018,13.875,4.5,0.30964128698904664
iBB1018,13.875,5.25,0.3403777382710599
iBB1018,13.875,6.0,0.3711141895530564
iBB1018,13.875,6.75,0.4018506408350619
iBB1018,13.875,7.5,0.4325870921170647
iBB1018,13.875,8.25,0.4633235433990662
iBB1018,13.875,9.0,0.4940599946810782
iBB1018,13.875,9.75,0.5247964459630682
iBB1018,13.875,10.5,0.5555328972450702
iBB1018,13.875,11.25,0.5862693485270832
iBB1018,13.875,12.0,0.6170057998090667
iBB1018,13.875,12.75,0.6254471624918795
iBB1018,13.875,13.5,0.6254471624918614
iBB1018,13.875,14.25,0.6254471624918614
iBB1018,13.875,15.0,0.6254471624918614
iBB1018,13.875,15.75,0.6254471624918614
iBB1018,13.875,16.5,0.6254471624918614
iBB1018,13.875,17.25,0.6254471624918614
iBB1018,13.875,18.0,0.6254471624918614
iBB1018,13.875,18.75,0.6254471624918614
iBB1018,13.875,19.5,0.6254471624918614
iBB1018,13.875,20.25,0.6254471624918614
iBB1018,13.875,21.0,0.6254471624918614
iBB1018,13.875,21.75,0.6254471624918614
iBB1018,13.875,22.5,0.6254471624918614
iBB1018,13.875,23.25,0.6254471624918614
iBB1018,13.875,24.0,0.6254471624918614
iBB1018,13.875,24.75,0.6254471624918614
iBB1018,13.875,25.5,0.6254471624918614
iBB1018,13.875,26.25,0.6254471624918614
iBB1018,13.875,27.0,0.6254471624918614
iBB1018,13.875,27.75,0.6254471624918614
iBB1018,13.875,28.5,0.6254471624918614
iBB1018,13.875,29.25,0.6254471624918614
iBB1018,13.875,30.0,0.6254471624918614
iBB1018,14.25,0.0,0.1262547738068773
iBB1018,14.25,0.75,0.16278935308616208
iBB1018,14.25,1.5,0.1935258043681547
iBB1018,14.25,2.25,0.2242622556501557
iBB1018,14.25,3.0,0.2549987069321587
iBB1018,14.25,3.75,0.2857351582141693
iBB1018,14.25,4.5,0.31647160949615916
iBB1018,14.25,5.25,0.3472080607781682
iBB1018,14.25,6.0,0.37794451206016566
iBB1018,14.25,6.75,0.4086809633421777
iBB1018,14.25,7.5,0.43941741462416667
iBB1018,14.25,8.25,0.4701538659061787
iBB1018,14.25,9.0,0.5008903171881794
iBB1018,14.25,9.75,0.5316267684701727
iBB1018,14.25,10.5,0.562363219752174
iBB1018,14.25,11.25,0.5930996710341787
iBB1018,14.25,12.0,0.6238361223161737
iBB1018,14.25,12.75,0.6254471624918848
iBB1018,14.25,13.5,0.6254471624918804
iBB1018,14.25,14.25,0.6254471624918804
iBB1018,14.25,15.0,0.6254471624918804
iBB1018,14.25,15.75,0.6254471624918804
iBB1018,14.25,16.5,0.6254471624918804
iBB1018,14.25,17.25,0.6254471624918804
iBB1018,14.25,18.0,0.6254471624918804
iBB1018,14.25,18.75,0.6254471624918804
iBB1018,14.25,19.5,0.6254471624918804
iBB1018,14.25,20.25,0.6254471624918804
iBB1018,14.25,21.0,0.6254471624918804
iBB1018,14.25,21.75,0.6254471624918804
iBB1018,14.25,22.5,0.6254471624918804
iBB1018,14.25,23.25,0.6254471624918804
iBB1018,14.25,24.0,0.6254471624918804
iBB1018,14.25,24.75,0.6254471624918804
iBB1018,14.25,25.5,0.6254471624918804
iBB1018,14.25,26.25,0.6254471624918804
iBB1018,14.25,27.0,0.6254471624918804
iBB1018,14.25,27.75,0.6254471624918804
iBB1018,14.25,28.5,0.6254471624918804
iBB1018,14.25,29.25,0.6254471624918804
iBB1018,14.25,30.0,0.6254471624918804
iBB1018,14.625,0.0,0.13278519314171625
iBB1018,14.625,0.75,0.16961967559326593
iBB1018,14.625,1.5,0.20035612687527043
iBB1018,14.625,2.25,0.23109257815726536
iBB1018,14.625,3.0,0.26182902943926684
iBB1018,14.625,3.75,0.2925654807212755
iBB1018,14.625,4.5,0.32330193200327834
iBB1018,14.625,5.25,0.35403838328527637
iBB1018,14.625,6.0,0.38477483456727934
iBB1018,14.625,6.75,0.4155112858492849
iBB1018,14.625,7.5,0.44624773713128585
iBB1018,14.625,8.25,0.4769841884132861
iBB1018,14.625,9.0,0.5077206396952914
iBB1018,14.625,9.75,0.5384570909772919
iBB1018,14.625,10.5,0.5691935422592805
iBB1018,14.625,11.25,0.5999299935412923
iBB1018,14.625,12.0,0.6254471624918808
iBB1018,14.625,12.75,0.6254471624918855
iBB1018,14.625,13.5,0.6254471624918855
iBB1018,14.625,14.25,0.6254471624918855
iBB1018,14.625,15.0,0.6254471624918855
iBB1018,14.625,15.75,0.6254471624918855
iBB1018,14.625,16.5,0.6254471624918855
iBB1018,14.625,17.25,0.6254471624918855
iBB1018,14.625,18.0,0.6254471624918855
iBB1018,14.625,18.75,0.6254471624918855
iBB1018,14.625,19.5,0.6254471624918855
iBB1018,14.625,20.25,0.6254471624918855
iBB1018,14.625,21.0,0.6254471624918855
iBB1018,14.625,21.75,0.6254471624918855
iBB1018,14.625,22.5,0.6254471624918855
iBB1018,14.625,23.25,0.6254471624918855
iBB1018,14.625,24.0,0.6254471624918855
iBB1018,14.625,24.75,0.6254471624918855
iBB1018,14.625,25.5,0.6254471624918855
iBB1018,14.625,26.25,0.6254471624918855
iBB1018,14.625,27.0,0.6254471624918855
iBB1018,14.625,27.75,0.6254471624918855
iBB1018,14.625,28.5,0.6254471624918855
iBB1018,14.625,29.25,0.6254471624918855
iBB1018,14.625,30.0,0.6254471624918855
iBB1018,15.0,0.0,0.1393156124765547
iBB1018,15.0,0.75,0.1764271653345007
iBB1018,15.0,1.5,0.20718644938238537
iBB1018,15.0,2.25,0.23792290066438013
iBB1018,15.0,3.0,0.26865935194637813
iBB1018,15.0,3.75,0.29939580322838005
iBB1018,15.0,4.5,0.33013225451038314
iBB1018,15.0,5.25,0.36086870579238667
iBB1018,15.0,6.0,0.39160515707438714
iBB1018,15.0,6.75,0.42234160835639417
iBB1018,15.0,7.5,0.45307805963838393
iBB1018,15.0,8.25,0.4838145109203859
iBB1018,15.0,9.0,0.5145509622023922
iBB1018,15.0,9.75,0.5452874134843935
iBB1018,15.0,10.5,0.5760238647664007
iBB1018,15.0,11.25,0.6067603160483962
iBB1018,15.0,12.0,0.6254471624918858
iBB1018,15.0,12.75,0.6254471624918854
iBB1018,15.0,13.5,0.6254471624918854
iBB1018,15.0,14.25,0.6254471624918854
iBB1018,15.0,15.0,0.6254471624918854
iBB1018,15.0,15.75,0.6254471624918854
iBB1018,15.0,16.5,0.6254471624918854
iBB1018,15.0,17.25,0.6254471624918854
iBB1018,15.0,18.0,0.6254471624918854
iBB1018,15.0,18.75,0.6254471624918854
iBB1018,15.0,19.5,0.6254471624918854
iBB1018,15.0,20.25,0.6254471624918854
iBB1018,15.0,21.0,0.6254471624918854
iBB1018,15.0,21.75,0.6254471624918854
iBB1018,15.0,22.5,0.6254471624918854
iBB1018,15.0,23.25,0.6254471624918854
iBB1018,15.0,24.0,0.6254471624918854
iBB1018,15.0,24.75,0.6254471624918854
iBB1018,15.0,25.5,0.6254471624918854
iBB1018,15.0,26.25,0.6254471624918854
iBB1018,15.0,27.0,0.6254471624918854
iBB1018,15.0,27.75,0.6254471624918854
iBB1018,15.0,28.5,0.6254471624918854
iBB1018,15.0,29.25,0.6254471624918854
iBB1018,15.0,30.0,0.6254471624918854
iBsu1147R,0.0,0.0,0.0
iBsu1147R,0.0,0.75,0.0
iBsu1147R,0.0,1.5,0.0
iBsu1147R,0.0,2.25,0.0
iBsu1147R,0.0,3.0,0.0
iBsu1147R,0.0,3.75,0.0
iBsu1147R,0.0,4.5,0.0
iBsu1147R,0.0,5.25,0.0
iBsu1147R,0.0,6.0,0.0
iBsu1147R,0.0,6.75,0.0
iBsu1147R,0.0,7.5,0.0
iBsu1147R,0.0,8.25,0.0
iBsu1147R,0.0,9.0,0.0
iBsu1147R,0.0,9.75,0.0
iBsu1147R,0.0,10.5,0.0
iBsu1147R,0.0,11.25,0.0
iBsu1147R,0.0,12.0,0.0
iBsu1147R,0.0,12.75,0.0
iBsu1147R,0.0,13.5,0.0
iBsu1147R,0.0,14.25,0.0
iBsu1147R,0.0,15.0,0.0
iBsu1147R,0.0,15.75,0.0
iBsu1147R,0.0,16.5,0.0
iBsu1147R,0.0,17.25,0.0
iBsu1147R,0.0,18.0,0.0
iBsu1147R,0.0,18.75,0.0
iBsu1147R,0.0,19.5,0.0
iBsu1147R,0.0,20.25,0.0
iBsu1147R,0.0,21.0,0.0
iBsu1147R,0.0,21.75,0.0
iBsu1147R,0.0,22.5,0.0
iBsu1147R,0.0,23.25,0.0
iBsu1147R,0.0,24.0,0.0
iBsu1147R,0.0,24.75,0.0
iBsu1147R,0.0,25.5,0.0
iBsu1147R,0.0,26.25,0.0
iBsu1147R,0.0,27.0,0.0
iBsu1147R,0.0,27.75,0.0
iBsu1147R,0.0,28.5,0.0
iBsu1147R,0.0,29.25,0.0
iBsu1147R,0.0,30.0,0.0
iBsu1147R,0.375,0.0,0.0
iBsu1147R,0.375,0.75,0.0
iBsu1147R,0.375,1.5,0.005728541565062622
iBsu1147R,0.375,2.25,0.011496485229092404
iBsu1147R,0.375,3.0,0.01149648522909243
iBsu1147R,0.375,3.75,0.01149648522909243
iBsu1147R,0.375,4.5,0.01149648522909243
iBsu1147R,0.375,5.25,0.01149648522909243
iBsu1147R,0.375,6.0,0.01149648522909243
iBsu1147R,0.375,6.75,0.01149648522909243
iBsu1147R,0.375,7.5,0.01149648522909243
iBsu1147R,0.375,8.25,0.01149648522909243
iBsu1147R,0.375,9.0,0.01149648522909243
iBsu1147R,0.375,9.75,0.01149648522909243
iBsu1147R,0.375,10.5,0.01149648522909243
iBsu1147R,0.375,11.25,0.01149648522909243
iBsu1147R,0.375,12.0,0.01149648522909243
iBsu1147R,0.375,12.75,0.01149648522909243
iBsu1147R,0.375,13.5,0.01149648522909243
iBsu1147R,0.375,14.25,0.01149648522909243
iBsu1147R,0.375,15.0,0.01149648522909243
iBsu1147R,0.375,15.75,0.01149648522909243
iBsu1147R,0.375,16.5,0.01149648522909243
iBsu1147R,0.375,17.25,0.01149648522909243
iBsu1147R,0.375,18.0,0.01149648522909243
iBsu1147R,0.375,18.75,0.01149648522909243
iBsu1147R,0.375,19.5,0.01149648522909243
iBsu1147R,0.375,20.25,0.01149648522909243
iBsu1147R,0.375,21.0,0.01149648522909243
iBsu1147R,0.375,21.75,0.01149648522909243
iBsu1147R,0.375,22.5,0.01149648522909243
iBsu1147R,0.375,23.25,0.01149648522909243
iBsu1147R,0.375,24.0,0.01149648522909243
iBsu1147R,0.375,24.75,0.01149648522909243
iBsu1147R,0.375,25.5,0.01149648522909243
iBsu1147R,0.375,26.25,0.01149648522909243
iBsu1147R,0.375,27.0,0.01149648522909243
iBsu1147R,0.375,27.75,0.01149648522909243
iBsu1147R,0.375,28.5,0.01149648522909243
iBsu1147R,0.375,29.25,0.01149648522909243
iBsu1147R,0.375,30.0,0.01149648522909243
iBsu1147R,0.75,0.0,0.0
iBsu1147R,0.75,0.75,0.0
iBsu1147R,0.75,1.5,0.015557554752818325
iBsu1147R,0.75,2.25,0.03257363026371322
iBsu1147R,0.75,3.0,0.04259354798686133
iBsu1147R,0.75,3.75,0.04259354798686151
iBsu1147R,0.75,4.5,0.04259354798686151
iBsu1147R,0.75,5.25,0.04259354798686151
iBsu1147R,0.75,6.0,0.04259354798686151
iBsu1147R,0.75,6.75,0.04259354798686151
iBsu1147R,0.75,7.5,0.04259354798686151
iBsu1147R,0.75,8.25,0.04259354798686151
iBsu1147R,0.75,9.0,0.04259354798686151
iBsu1147R,0.75,9.75,0.04259354798686151
iBsu1147R,0.75,10.5,0.04259354798686151
iBsu1147R,0.75,11.25,0.04259354798686151
iBsu1147R,0.75,12.0,0.04259354798686151
iBsu1147R,0.75,12.75,0.04259354798686151
iBsu1147R,0.75,13.5,0.04259354798686151
iBsu1147R,0.75,14.25,0.04259354798686151
iBsu1147R,0.75,15.0,0.04259354798686151
iBsu1147R,0.75,15.75,0.04259354798686151
iBsu1147R,0.75,16.5,0.04259354798686151
iBsu1147R,0.75,17.25,0.04259354798686151
iBsu1147R,0.75,18.0,0.04259354798686151
iBsu1147R,0.75,18.75,0.04259354798686151
iBsu1147R,0.75,19.5,0.04259354798686151
iBsu1147R,0.75,20.25,0.04259354798686151
iBsu1147R,0.75,21.0,0.04259354798686151
iBsu1147R,0.75,21.75,0.04259354798686151
iBsu1147R,0.75,22.5,0.04259354798686151
iBsu1147R,0.75,23.25,0.04259354798686151
iBsu1147R,0.75,24.0,0.04259354798686151
iBsu1147R,0.75,24.75,0.04259354798686151
iBsu1147R,0.75,25.5,0.04259354798686151
iBsu1147R,0.75,26.25,0.04259354798686151
iBsu1147R,0.75,27.0,0.04259354798686151
iBsu1147R,0.75,27.75,0.04259354798686151
iBsu1147R,0.75,28.5,0.04259354798686151
iBsu1147R,0.75,29.25,0.04259354798686151
iBsu1147R,0.75,30.0,0.04259354798686151
iBsu1147R,1.125,0.0,0.0
iBsu1147R,1.125,0.75,0.005947671594902481
iBsu1147R,1.125,1.5,0.02453414532897268
iBsu1147R,1.125,2.25,0.04229710198422477
iBsu1147R,1.125,3.0,0.05931317749511962
iBsu1147R,1.125,3.75,0.07369060735779948
iBsu1147R,1.125,4.5,0.07369060735780045
iBsu1147R,1.125,5.25,0.07369060735780045
iBsu1147R,1.125,6.0,0.07369060735780045
iBsu1147R,1.125,6.75,0.07369060735780045
iBsu1147R,1.125,7.5,0.07369060735780045
iBsu1147R,1.125,8.25,0.07369060735780045
iBsu1147R,1.125,9.0,0.07369060735780045
iBsu1147R,1.125,9.75,0.07369060735780045
iBsu1147R,1.125,10.5,0.07369060735780045
iBsu1147R,1.125,11.25,0.07369060735780045
iBsu1147R,1.125,12.0,0.07369060735780045
iBsu1147R,1.125,12.75,0.07369060735780045
iBsu1147R,1.125,13.5,0.07369060735780045
iBsu1147R,1.125,14.25,0.07369060735780045
iBsu1147R,1.125,15.0,0.07369060735780045
iBsu1147R,1.125,15.75,0.07369060735780045
iBsu1147R,1.125,16.5,0.07369060735780045
iBsu1147R,1.125,17.25,0.07369060735780045
iBsu1147R,1.125,18.0,0.07369060735780045
iBsu1147R,1.125,18.75,0.07369060735780045
iBsu1147R,1.125,19.5,0.07369060735780045
iBsu1147R,1.125,20.25,0.07369060735780045
iBsu1147R,1.125,21.0,0.07369060735780045
iBsu1147R,1.125,21.75,0.07369060735780045
iBsu1147R,1.125,22.5,0.07369060735780045
iBsu1147R,1.125,23.25,0.07369060735780045
iBsu1147R,1.125,24.0,0.07369060735780045
iBsu1147R,1.125,24.75,0.07369060735780045
iBsu1147R,1.125,25.5,0.07369060735780045
iBsu1147R,1.125,26.25,0.07369060735780045
iBsu1147R,1.125,27.0,0.07369060735780045
iBsu1147R,1.125,27.75,0.07369060735780045
iBsu1147R,1.125,28.5,0.07369060735780045
iBsu1147R,1.125,29.25,0.07369060735780045
iBsu1147R,1.125,30.0,0.07369060735780045
iBsu1147R,1.5,0.0,0.0
iBsu1147R,1.5,0.75,0.014621357069304597
iBsu1147R,1.5,1.5,0.03320782792011555
iBsu1147R,1.5,2.25,0.051794298770926596
iBsu1147R,1.5,3.0,0.06903663792060362
iBsu1147R,1.5,3.75,0.08605271064751333
iBsu1147R,1.5,4.5,0.1023976804754941
iBsu1147R,1.5,5.25,0.10478763585861285
iBsu1147R,1.5,6.0,0.10478763585861288
iBsu1147R,1.5,6.75,0.10478763585861288
iBsu1147R,1.5,7.5,0.10478763585861288
iBsu1147R,1.5,8.25,0.10478763585861288
iBsu1147R,1.5,9.0,0.10478763585861288
iBsu1147R,1.5,9.75,0.10478763585861288
iBsu1147R,1.5,10.5,0.10478763585861288
iBsu1147R,1.5,11.25,0.10478763585861288
iBsu1147R,1.5,12.0,0.10478763585861288
iBsu1147R,1.5,12.75,0.10478763585861288
iBsu1147R,1.5,13.5,0.10478763585861288
iBsu1147R,1.5,14.25,0.10478763585861288
iBsu1147R,1.5,15.0,0.10478763585861288
iBsu1147R,1.5,15.75,0.10478763585861288
iBsu1147R,1.5,16.5,0.10478763585861288
iBsu1147R,1.5,17.25,0.10478763585861288
iBsu1147R,1.5,18.0,0.10478763585861288
iBsu1147R,1.5,18.75,0.10478763585861288
iBsu1147R,1.5,19.5,0.10478763585861288
iBsu1147R,1.5,20.25,0.10478763585861288
iBsu1147R,1.5,21.0,0.10478763585861288
iBsu1147R,1.5,21.75,0.10478763585861288
iBsu1147R,1.5,22.5,0.10478763585861288
iBsu1147R,1.5,23.25,0.10478763585861288
iBsu1147R,1.5,24.0,0.10478763585861288
iBsu1147R,1.5,24.75,0.10478763585861288
iBsu1147R,1.5,25.5,0.10478763585861288
iBsu1147R,1.5,26.25,0.10478763585861288
iBsu1147R,1.5,27.0,0.10478763585861288
iBsu1147R,1.5,27.75,0.10478763585861288
iBsu1147R,1.5,28.5,0.10478763585861288
iBsu1147R,1.5,29.25,0.10478763585861288
iBsu1147R,1.5,30.0,0.10478763585861288
iBsu1147R,1.875,0.0,0.0
iBsu1147R,1.875,0.75,0.023295043466349696
iBsu1147R,1.875,1.5,0.041881514317160654
iBsu1147R,1.875,2.25,0.060467985167971604
iBsu1147R,1.875,3.0,0.07876010805026638
iBsu1147R,1.875,3.75,0.09577618077717602
iBsu1147R,1.875,4.5,0.11279225350408549
iBsu1147R,1.875,5.25,0.129250219061725
iBsu1147R,1.875,6.0,0.13588468606845236
iBsu1147R,1.875,6.75,0.13588468606845236
iBsu1147R,1.875,7.5,0.13588468606845236
iBsu1147R,1.875,8.25,0.13588468606845236
iBsu1147R,1.875,9.0,0.13588468606845236
iBsu1147R,1.875,9.75,0.13588468606845236
iBsu1147R,1.875,10.5,0.13588468606845236
iBsu1147R,1.875,11.25,0.13588468606845236
iBsu1147R,1.875,12.0,0.13588468606845236
iBsu1147R,1.875,12.75,0.13588468606845236
iBsu1147R,1.875,13.5,0.13588468606845236
iBsu1147R,1.875,14.25,0.13588468606845236
iBsu1147R,1.875,15.0,0.13588468606845236
iBsu1147R,1.875,15.75,0.13588468606845236
iBsu1147R,1.875,16.5,0.13588468606845236
iBsu1147R,1.875,17.25,0.13588468606845236
iBsu1147R,1.875,18.0,0.13588468606845236
iBsu1147R,1.875,18.75,0.13588468606845236
iBsu1147R,1.875,19.5,0.13588468606845236
iBsu1147R,1.875,20.25,0.13588468606845236
iBsu1147R,1.875,21.0,0.13588468606845236
iBsu1147R,1.875,21.75,0.13588468606845236
iBsu1147R,1.875,22.5,0.13588468606845236
iBsu1147R,1.875,23.25,0.13588468606845236
iBsu1147R,1.875,24.0,0.13588468606845236
iBsu1147R,1.875,24.75,0.13588468606845236
iBsu1147R,1.875,25.5,0.13588468606845236
iBsu1147R,1.875,26.25,0.13588468606845236
iBsu1147R,1.875,27.0,0.13588468606845236
iBsu1147R,1.875,27.75,0.13588468606845236
iBsu1147R,1.875,28.5,0.13588468606845236
iBsu1147R,1.875,29.25,0.13588468606845236
iBsu1147R,1.875,30.0,0.13588468606845236
iBsu1147R,2.25,0.0,0.0
iBsu1147R,2.25,0.75,0.031968729863394794
iBsu1147R,2.25,1.5,0.05055520071420566
iBsu1147R,2.25,2.25,0.06914167156501658
iBsu1147R,2.25,3.0,0.08772814241582746
iBsu1147R,2.25,3.75,0.10549965090683848
iBsu1147R,2.25,4.5,0.1225157236337483
iBsu1147R,2.25,5.25,0.13953179636065718
iBsu1147R,2.25,6.0,0.15610275764795606
iBsu1147R,2.25,6.75,0.16698173627829244
iBsu1147R,2.25,7.5,0.16698173627829307
iBsu1147R,2.25,8.25,0.16698173627829307
iBsu1147R,2.25,9.0,0.16698173627829307
iBsu1147R,2.25,9.75,0.16698173627829307
iBsu1147R,2.25,10.5,0.16698173627829307
iBsu1147R,2.25,11.25,0.16698173627829307
iBsu1147R,2.25,12.0,0.16698173627829307
iBsu1147R,2.25,12.75,0.16698173627829307
iBsu1147R,2.25,13.5,0.16698173627829307
iBsu1147R,2.25,14.25,0.16698173627829307
iBsu1147R,2.25,15.0,0.16698173627829307
iBsu1147R,2.25,15.75,0.16698173627829307
iBsu1147R,2.25,16.5,0.16698173627829307
iBsu1147R,2.25,17.25,0.16698173627829307
iBsu1147R,2.25,18.0,0.16698173627829307
iBsu1147R,2.25,18.75,0.16698173627829307
iBsu1147R,2.25,19.5,0.16698173627829307
iBsu1147R,2.25,20.25,0.16698173627829307
iBsu1147R,2.25,21.0,0.16698173627829307
iBsu1147R,2.25,21.75,0.16698173627829307
iBsu1147R,2.25,22.5,0.16698173627829307
iBsu1147R,2.25,23.25,0.16698173627829307
iBsu1147R,2.25,24.0,0.16698173627829307
iBsu1147R,2.25,24.75,0.16698173627829307
iBsu1147R,2.25,25.5,0.16698173627829307
iBsu1147R,2.25,26.25,0.16698173627829307
iBsu1147R,2.25,27.0,0.16698173627829307
iBsu1147R,2.25,27.75,0.16698173627829307
iBsu1147R,2.25,28.5,0.16698173627829307
iBsu1147R,2.25,29.25,0.16698173627829307
iBsu1147R,2.25,30.0,0.16698173627829307
iBsu1147R,2.625,0.0,0.0
iBsu1147R,2.625,0.75,0.04064241626043997
iBsu1147R,2.625,1.5,0.05922888711125075
iBsu1147R,2.625,2.25,0.07781535796206165
iBsu1147R,2.625,3.0,0.09640182881287256
iBsu1147R,2.625,3.75,0.1149882996636835
iBsu1147R,2.625,4.5,0.13223919376341017
iBsu1147R,2.625,5.25,0.1492552664903199
iBsu1147R,2.625,6.0,0.16627133921722953
iBsu1147R,2.625,6.75,0.18295529623418688
iBsu1147R,2.625,7.5,0.1980787864881327
iBsu1147R,2.625,8.25,0.1980787864881327
iBsu1147R,2.625,9.0,0.1980787864881327
iBsu1147R,2.625,9.75,0.1980787864881327
iBsu1147R,2.625,10.5,0.1980787864881327
iBsu1147R,2.625,11.25,0.1980787864881327
iBsu1147R,2.625,12.0,0.1980787864881327
iBsu1147R,2.625,12.75,0.1980787864881327
iBsu1147R,2.625,13.5,0.1980787864881327
iBsu1147R,2.625,14.25,0.1980787864881327
iBsu1147R,2.625,15.0,0.1980787864881327
iBsu1147R,2.625,15.75,0.1980787864881327
iBsu1147R,2.625,16.5,0.1980787864881327
iBsu1147R,2.625,17.25,0.1980787864881327
iBsu1147R,2.625,18.0,0.1980787864881327
iBsu1147R,2.625,18.75,0.1980787864881327
iBsu1147R,2.625,19.5,0.1980787864881327
iBsu1147R,2.625,20.25,0.1980787864881327
iBsu1147R,2.625,21.0,0.1980787864881327
iBsu1147R,2.625,21.75,0.1980787864881327
iBsu1147R,2.625,22.5,0.1980787864881327
iBsu1147R,2.625,23.25,0.1980787864881327
iBsu1147R,2.625,24.0,0.1980787864881327
iBsu1147R,2.625,24.75,0.1980787864881327
iBsu1147R,2.625,25.5,0.1980787864881327
iBsu1147R,2.625,26.25,0.1980787864881327
iBsu1147R,2.625,27.0,0.1980787864881327
iBsu1147R,2.625,27.75,0.1980787864881327
iBsu1147R,2.625,28.5,0.1980787864881327
iBsu1147R,2.625,29.25,0.1980787864881327
iBsu1147R,2.625,30.0,0.1980787864881327
iBsu1147R,3.0,0.0,0.0
iBsu1147R,3.0,0.75,0.049316102657485074
iBsu1147R,3.0,1.5,0.06790257350829602
iBsu1147R,3.0,2.25,0.08648904435910698
iBsu1147R,3.0,3.0,0.10507551520991792
iBsu1147R,3.0,3.75,0.12366198606072891
iBsu1147R,3.0,4.5,0.14196266389307277
iBsu1147R,3.0,5.25,0.1589787366199822
iBsu1147R,3.0,6.0,0.17599480934689202
iBsu1147R,3.0,6.75,0.1930108820738011
iBsu1147R,3.0,7.5,0.20980783482041732
iBsu1147R,3.0,8.25,0.22591935797215598
iBsu1147R,3.0,9.0,0.22917583669797242
iBsu1147R,3.0,9.75,0.22917583669797242
iBsu1147R,3.0,10.5,0.22917583669797242
iBsu1147R,3.0,11.25,0.22917583669797242
iBsu1147R,3.0,12.0,0.22917583669797242
iBsu1147R,3.0,12.75,0.22917583669797242
iBsu1147R,3.0,13.5,0.22917583669797242
iBsu1147R,3.0,14.25,0.22917583669797242
iBsu1147R,3.0,15.0,0.22917583669797242
iBsu1147R,3.0,15.75,0.22917583669797242
iBsu1147R,3.0,16.5,0.22917583669797242
iBsu1147R,3.0,17.25,0.22917583669797242
iBsu1147R,3.0,18.0,0.22917583669797242
iBsu1147R,3.0,18.75,0.22917583669797242
iBsu1147R,3.0,19.5,0.22917583669797242
iBsu1147R,3.0,20.25,0.22917583669797242
iBsu1147R,3.0,21.0,0.22917583669797242
iBsu1147R,3.0,21.75,0.22917583669797242
iBsu1147R,3.0,22.5,0.22917583669797242
iBsu1147R,3.0,23.25,0.22917583669797242
iBsu1147R,3.0,24.0,0.22917583669797242
iBsu1147R,3.0,24.75,0.22917583669797242
iBsu1147R,3.0,25.5,0.22917583669797242
iBsu1147R,3.0,26.25,0.22917583669797242
iBsu1147R,3.0,27.0,0.22917583669797242
iBsu1147R,3.0,27.75,0.22917583669797242
iBsu1147R,3.0,28.5,0.22917583669797242
iBsu1147R,3.0,29.25,0.22917583669797242
iBsu1147R,3.0,30.0,0.22917583669797242
iBsu1147R,3.375,0.0,0.0
iBsu1147R,3.375,0.75,0.057989789054530255
iBsu1147R,3.375,1.5,0.07657625990534096
iBsu1147R,3.375,2.25,0.09516273075615186
iBsu1147R,3.375,3.0,0.11374920160696277
iBsu1147R,3.375,3.75,0.1323356724577737
iBsu1147R,3.375,4.5,0.1509221433085846
iBsu1147R,3.375,5.25,0.1687022067496454
iBsu1147R,3.375,6.0,0.18571827947655384
iBsu1147R,3.375,6.75,0.20273435220346323
iBsu1147R,3.375,7.5,0.21975042493037258
iBsu1147R,3.375,8.25,0.23666037340664842
iBsu1147R,3.375,9.0,0.252771896558387
iBsu1147R,3.375,9.75,0.2602728869078124
iBsu1147R,3.375,10.5,0.2602728869078124
iBsu1147R,3.375,11.25,0.2602728869078124
iBsu1147R,3.375,12.0,0.2602728869078124
iBsu1147R,3.375,12.75,0.2602728869078124
iBsu1147R,3.375,13.5,0.2602728869078124
iBsu1147R,3.375,14.25,0.2602728869078124
iBsu1147R,3.375,15.0,0.2602728869078124
iBsu1147R,3.375,15.75,0.2602728869078124
iBsu1147R,3.375,16.5,0.2602728869078124
iBsu1147R,3.375,17.25,0.2602728869078124
iBsu1147R,3.375,18.0,0.2602728869078124
iBsu1147R,3.375,18.75,0.2602728869078124
iBsu1147R,3.375,19.5,0.2602728869078124
iBsu1147R,3.375,20.25,0.2602728869078124
iBsu1147R,3.375,21.0,0.2602728869078124
iBsu1147R,3.375,21.75,0.2602728869078124
iBsu1147R,3.375,22.5,0.2602728869078124
iBsu1147R,3.375,23.25,0.2602728869078124
iBsu1147R,3.375,24.0,0.2602728869078124
iBsu1147R,3.375,24.75,0.2602728869078124
iBsu1147R,3.375,25.5,0.2602728869078124
iBsu1147R,3.375,26.25,0.2602728869078124
iBsu1147R,3.375,27.0,0.2602728869078124
iBsu1147R,3.375,27.75,0.2602728869078124
iBsu1147R,3.375,28.5,0.2602728869078124
iBsu1147R,3.375,29.25,0.2602728869078124
iBsu1147R,3.375,30.0,0.2602728869078124
iBsu1147R,3.75,0.0,0.0
iBsu1147R,3.75,0.75,0.0666634754515751
iBsu1147R,3.75,1.5,0.08524994630238603
iBsu1147R,3.75,2.25,0.10383641715319693
iBsu1147R,3.75,3.0,0.12242288800400786
iBsu1147R,3.75,3.75,0.14100935885481877
iBsu1147R,3.75,4.5,0.15959582970562972
iBsu1147R,3.75,5.25,0.17818230055644063
iBsu1147R,3.75,6.0,0.19544174960621677
iBsu1147R,3.75,6.75,0.21245782233312618
iBsu1147R,3.75,7.5,0.22947389506003607
iBsu1147R,3.75,8.25,0.24648996778694496
iBsu1147R,3.75,9.0,0.2635060405138539
iBsu1147R,3.75,9.75,0.27962443514461766
iBsu1147R,3.75,10.5,0.2913699371176523
iBsu1147R,3.75,11.25,0.2913699371176523
iBsu1147R,3.75,12.0,0.2913699371176523
iBsu1147R,3.75,12.75,0.2913699371176523
iBsu1147R,3.75,13.5,0.2913699371176523
iBsu1147R,3.75,14.25,0.2913699371176523
iBsu1147R,3.75,15.0,0.2913699371176523
iBsu1147R,3.75,15.75,0.2913699371176523
iBsu1147R,3.75,16.5,0.2913699371176523
iBsu1147R,3.75,17.25,0.2913699371176523
iBsu1147R,3.75,18.0,0.2913699371176523
iBsu1147R,3.75,18.75,0.2913699371176523
iBsu1147R,3.75,19.5,0.2913699371176523
iBsu1147R,3.75,20.25,0.2913699371176523
iBsu1147R,3.75,21.0,0.2913699371176523
iBsu1147R,3.75,21.75,0.2913699371176523
iBsu1147R,3.75,22.5,0.2913699371176523
iBsu1147R,3.75,23.25,0.2913699371176523
iBsu1147R,3.75,24.0,0.2913699371176523
iBsu1147R,3.75,24.75,0.2913699371176523
iBsu1147R,3.75,25.5,0.2913699371176523
iBsu1147R,3.75,26.25,0.2913699371176523
iBsu1147R,3.75,27.0,0.2913699371176523
iBsu1147R,3.75,27.75,0.2913699371176523
iBsu1147R,3.75,28.5,0.2913699371176523
iBsu1147R,3.75,29.25,0.2913699371176523
iBsu1147R,3.75,30.0,0.2913699371176523
iBsu1147R,4.125,0.0,0.0
iBsu1147R,4.125,0.75,0.07533716184862052
iBsu1147R,4.125,1.5,0.09392363269943152
iBsu1147R,4.125,2.25,0.1125101035502425
iBsu1147R,4.125,3.0,0.1310965744010535
iBsu1147R,4.125,3.75,0.14968304525186452
iBsu1147R,4.125,4.5,0.16826951610267551
iBsu1147R,4.125,5.25,0.1868559869534865
iBsu1147R,4.125,6.0,0.2051652197358788
iBsu1147R,4.125,6.75,0.22218129246278823
iBsu1147R,4.125,7.5,0.23919736518969775
iBsu1147R,4.125,8.25,0.2562134379166071
iBsu1147R,4.125,9.0,0.2732295106435165
iBsu1147R,4.125,9.75,0.2902455833704259
iBsu1147R,4.125,10.5,0.3064769737308512
iBsu1147R,4.125,11.25,0.32246698732749535
iBsu1147R,4.125,12.0,0.32246698732749535
iBsu1147R,4.125,12.75,0.32246698732749535
iBsu1147R,4.125,13.5,0.32246698732749535
iBsu1147R,4.125,14.25,0.32246698732749535
iBsu1147R,4.125,15.0,0.32246698732749535
iBsu1147R,4.125,15.75,0.32246698732749535
iBsu1147R,4.125,16.5,0.32246698732749535
iBsu1147R,4.125,17.25,0.32246698732749535
iBsu1147R,4.125,18.0,0.32246698732749535
iBsu1147R,4.125,18.75,0.32246698732749535
iBsu1147R,4.125,19.5,0.32246698732749535
iBsu1147R,4.125,20.25,0.32246698732749535
iBsu1147R,4.125,21.0,0.32246698732749535
iBsu1147R,4.125,21.75,0.32246698732749535
iBsu1147R,4.125,22.5,0.32246698732749535
iBsu1147R,4.125,23.25,0.32246698732749535
iBsu1147R,4.125,24.0,0.32246698732749535
iBsu1147R,4.125,24.75,0.32246698732749535
iBsu1147R,4.125,25.5,0.32246698732749535
iBsu1147R,4.125,26.25,0.32246698732749535
iBsu1147R,4.125,27.0,0.32246698732749535
iBsu1147R,4.125,27.75,0.32246698732749535
iBsu1147R,4.125,28.5,0.32246698732749535
iBsu1147R,4.125,29.25,0.32246698732749535
iBsu1147R,4.125,30.0,0.32246698732749535
iBsu1147R,4.5,0.0,0.0
iBsu1147R,4.5,0.75,0.08401084824566549
iBsu1147R,4.5,1.5,0.10259731909647656
iBsu1147R,4.5,2.25,0.12118378994728754
iBsu1147R,4.5,3.0,0.1397702607980985
iBsu1147R,4.5,3.75,0.15835673164890948
iBsu1147R,4.5,4.5,0.17694320249972048
iBsu1147R,4.5,5.25,0.19552967335053145
iBsu1147R,4.5,6.0,0.2141161442013424
iBsu1147R,4.5,6.75,0.2319047625924515
iBsu1147R,4.5,7.5,0.24892083531936088
iBsu1147R,4.5,8.25,0.26593690804627096
iBsu1147R,4.5,9.0,0.2829529807731804
iBsu1147R,4.5,9.75,0.29996905350009023
iBsu1147R,4.5,10.5,0.31698512622699926
iBsu1147R,4.5,11.25,0.3333295123170812
iBsu1147R,4.5,12.0,0.3494410354688195
iBsu1147R,4.5,12.75,0.3535640375373356
iBsu1147R,4.5,13.5,0.3535640375373344
iBsu1147R,4.5,14.25,0.3535640375373344
iBsu1147R,4.5,15.0,0.3535640375373344
iBsu1147R,4.5,15.75,0.3535640375373344
iBsu1147R,4.5,16.5,0.3535640375373344
iBsu1147R,4.5,17.25,0.3535640375373344
iBsu1147R,4.5,18.0,0.3535640375373344
iBsu1147R,4.5,18.75,0.3535640375373344
iBsu1147R,4.5,19.5,0.3535640375373344
iBsu1147R,4.5,20.25,0.3535640375373344
iBsu1147R,4.5,21.0,0.3535640375373344
iBsu1147R,4.5,21.75,0.3535640375373344
iBsu1147R,4.5,22.5,0.3535640375373344
iBsu1147R,4.5,23.25,0.3535640375373344
iBsu1147R,4.5,24.0,0.3535640375373344
iBsu1147R,4.5,24.75,0.3535640375373344
iBsu1147R,4.5,25.5,0.3535640375373344
iBsu1147R,4.5,26.25,0.3535640375373344
iBsu1147R,4.5,27.0,0.3535640375373344
iBsu1147R,4.5,27.75,0.3535640375373344
iBsu1147R,4.5,28.5,0.3535640375373344
iBsu1147R,4.5,29.25,0.3535640375373344
iBsu1147R,4.5,30.0,0.3535640375373344
iBsu1147R,4.875,0.0,0.0
iBsu1147R,4.875,0.75,0.0926845346427109
iBsu1147R,4.875,1.5,0.11127100549352167
iBsu1147R,4.875,2.25,0.12985747634433265
iBsu1147R,4.875,3.0,0.14844394719514362
iBsu1147R,4.875,3.75,0.16703041804595464
iBsu1147R,4.875,4.5,0.1856168888967656
iBsu1147R,4.875,5.25,0.20420335974757658
iBsu1147R,4.875,6.0,0.22278983059838753
iBsu1147R,4.875,6.75,0.2413763014491985
iBsu1147R,4.875,7.5,0.25864430544902334
iBsu1147R,4.875,8.25,0.27566037817593325
iBsu1147R,4.875,9.0,0.29267645090284267
iBsu1147R,4.875,9.75,0.309692523629752
iBsu1147R,4.875,10.5,0.326708596356663
iBsu1147R,4.875,11.25,0.34372466908357147
iBsu1147R,4.875,12.0,0.36018205090331107
iBsu1147R,4.875,12.75,0.37629357405504976
iBsu1147R,4.875,13.5,0.3846610877471759
iBsu1147R,4.875,14.25,0.3846610877471724
iBsu1147R,4.875,15.0,0.3846610877471724
iBsu1147R,4.875,15.75,0.3846610877471724
iBsu1147R,4.875,16.5,0.3846610877471724
iBsu1147R,4.875,17.25,0.3846610877471724
iBsu1147R,4.875,18.0,0.3846610877471724
iBsu1147R,4.875,18.75,0.3846610877471724
iBsu1147R,4.875,19.5,0.3846610877471724
iBsu1147R,4.875,20.25,0.3846610877471724
iBsu1147R,4.875,21.0,0.3846610877471724
iBsu1147R,4.875,21.75,0.3846610877471724
iBsu1147R,4.875,22.5,0.3846610877471724
iBsu1147R,4.875,23.25,0.3846610877471724
iBsu1147R,4.875,24.0,0.3846610877471724
iBsu1147R,4.875,24.75,0.3846610877471724
iBsu1147R,4.875,25.5,0.3846610877471724
iBsu1147R,4.875,26.25,0.3846610877471724
iBsu1147R,4.875,27.0,0.3846610877471724
iBsu1147R,4.875,27.75,0.3846610877471724
iBsu1147R,4.875,28.5,0.3846610877471724
iBsu1147R,4.875,29.25,0.3846610877471724
iBsu1147R,4.875,30.0,0.3846610877471724
iBsu1147R,5.25,0.0,0.0
iBsu1147R,5.25,0.75,0.1013582210397564
iBsu1147R,5.25,1.5,0.11994469189056717
iBsu1147R,5.25,2.25,0.13853116274137814
iBsu1147R,5.25,3.0,0.15711763359218908
iBsu1147R,5.25,3.75,0.17570410444300005
iBsu1147R,5.25,4.5,0.194290575293811
iBsu1147R,5.25,5.25,0.21287704614462197
iBsu1147R,5.25,6.0,0.2314635169954329
iBsu1147R,5.25,6.75,0.2500499878462439
iBsu1147R,5.25,7.5,0.2683677755786839
iBsu1147R,5.25,8.25,0.2853838483055936
iBsu1147R,5.25,9.0,0.3023999210325027
iBsu1147R,5.25,9.75,0.319415993759412
iBsu1147R,5.25,10.5,0.3364320664863213
iBsu1147R,5.25,11.25,0.35344813921323065
iBsu1147R,5.25,12.0,0.37046421194013995
iBsu1147R,5.25,12.75,0.38703458948954267
iBsu1147R,5.25,13.5,0.4031461126412803
iBsu1147R,5.25,14.25,0.41575813795701444
iBsu1147R,5.25,15.0,0.41575813795701494
iBsu1147R,5.25,15.75,0.41575813795701494
iBsu1147R,5.25,16.5,0.41575813795701494
iBsu1147R,5.25,17.25,0.41575813795701494
iBsu1147R,5.25,18.0,0.41575813795701494
iBsu1147R,5.25,18.75,0.41575813795701494
iBsu1147R,5.25,19.5,0.41575813795701494
iBsu1147R,5.25,20.25,0.41575813795701494
iBsu1147R,5.25,21.0,0.41575813795701494
iBsu1147R,5.25,21.75,0.41575813795701494
iBsu1147R,5.25,22.5,0.41575813795701494
iBsu1147R,5.25,23.25,0.41575813795701494
iBsu1147R,5.25,24.0,0.41575813795701494
iBsu1147R,5.25,24.75,0.41575813795701494
iBsu1147R,5.25,25.5,0.41575813795701494
iBsu1147R,5.25,26.25,0.41575813795701494
iBsu1147R,5.25,27.0,0.41575813795701494
iBsu1147R,5.25,27.75,0.41575813795701494
iBsu1147R,5.25,28.5,0.41575813795701494
iBsu1147R,5.25,29.25,0.41575813795701494
iBsu1147R,5.25,30.0,0.41575813795701494
iBsu1147R,5.625,0.0,0.0
iBsu1147R,5.625,0.75,0.11003192450569628
iBsu1147R,5.625,1.5,0.12861839823976667
iBsu1147R,5.625,2.25,0.14720487197383694
iBsu1147R,5.625,3.0,0.1657913457079072
iBsu1147R,5.625,3.75,0.18437781944197748
iBsu1147R,5.625,4.5,0.20296429317604772
iBsu1147R,5.625,5.25,0.221550766910118
iBsu1147R,5.625,6.0,0.24013724064418823
iBsu1147R,5.625,6.75,0.25872371437825853
iBsu1147R,5.625,7.5,0.2773101881123287
iBsu1147R,5.625,8.25,0.295107366717521
iBsu1147R,5.625,9.0,0.31212344222841604
iBsu1147R,5.625,9.75,0.32913951773931105
iBsu1147R,5.625,10.5,0.346155593250206
iBsu1147R,5.625,11.25,0.36317166876110096
iBsu1147R,5.625,12.0,0.3801877442719959
iBsu1147R,5.625,12.75,0.39720381978289093
iBsu1147R,5.625,13.5,0.41388719884122543
iBsu1147R,5.625,14.25,0.42999872474767464
iBsu1147R,5.625,15.0,0.44611025065412374
iBsu1147R,5.625,15.75,0.4468553198090697
iBsu1147R,5.625,16.5,0.4468553198090648
iBsu1147R,5.625,17.25,0.4468553198090648
iBsu1147R,5.625,18.0,0.4468553198090648
iBsu1147R,5.625,18.75,0.4468553198090648
iBsu1147R,5.625,19.5,0.4468553198090648
iBsu1147R,5.625,20.25,0.4468553198090648
iBsu1147R,5.625,21.0,0.4468553198090648
iBsu1147R,5.625,21.75,0.4468553198090648
iBsu1147R,5.625,22.5,0.4468553198090648
iBsu1147R,5.625,23.25,0.4468553198090648
iBsu1147R,5.625,24.0,0.4468553198090648
iBsu1147R,5.625,24.75,0.4468553198090648
iBsu1147R,5.625,25.5,0.4468553198090648
iBsu1147R,5.625,26.25,0.4468553198090648
iBsu1147R,5.625,27.0,0.4468553198090648
iBsu1147R,5.625,27.75,0.4468553198090648
iBsu1147R,5.625,28.5,0.4468553198090648
iBsu1147R,5.625,29.25,0.4468553198090648
iBsu1147R,5.625,30.0,0.4468553198090648
iBsu1147R,6.0,0.0,0.0
iBsu1147R,6.0,0.75,0.11829949144659309
iBsu1147R,6.0,1.5,0.13729208598233175
iBsu1147R,6.0,2.25,0.15587855971640216
iBsu1147R,6.0,3.0,0.1744650334504724
iBsu1147R,6.0,3.75,0.19305150718454264
iBsu1147R,6.0,4.5,0.21163798091861288
iBsu1147R,6.0,5.25,0.23022445465268312
iBsu1147R,6.0,6.0,0.24881092838675328
iBsu1147R,6.0,6.75,0.2673974021208235
iBsu1147R,6.0,7.5,0.2859838758548937
iBsu1147R,6.0,8.25,0.304570349588964
iBsu1147R,6.0,9.0,0.32184691394892756
iBsu1147R,6.0,9.75,0.33886298945982335
iBsu1147R,6.0,10.5,0.3558790649707186
iBsu1147R,6.0,11.25,0.37289514048161354
iBsu1147R,6.0,12.0,0.38991121599250805
iBsu1147R,6.0,12.75,0.4069272915034045
iBsu1147R,6.0,13.5,0.42394336701429997
iBsu1147R,6.0,14.25,0.4407397420186404
iBsu1147R,6.0,15.0,0.4568512679250888
iBsu1147R,6.0,15.75,0.4729627938315393
iBsu1147R,6.0,16.5,0.47795237918000893
iBsu1147R,6.0,17.25,0.477952379180007
iBsu1147R,6.0,18.0,0.477952379180007
iBsu1147R,6.0,18.75,0.477952379180007
iBsu1147R,6.0,19.5,0.477952379180007
iBsu1147R,6.0,20.25,0.477952379180007
iBsu1147R,6.0,21.0,0.477952379180007
iBsu1147R,6.0,21.75,0.477952379180007
iBsu1147R,6.0,22.5,0.477952379180007
iBsu1147R,6.0,23.25,0.477952379180007
iBsu1147R,6.0,24.0,0.477952379180007
iBsu1147R,6.0,24.75,0.477952379180007
iBsu1147R,6.0,25.5,0.477952379180007
iBsu1147R,6.0,26.25,0.477952379180007
iBsu1147R,6.0,27.0,0.477952379180007
iBsu1147R,6.0,27.75,0.477952379180007
iBsu1147R,6.0,28.5,0.477952379180007
iBsu1147R,6.0,29.25,0.477952379180007
iBsu1147R,6.0,30.0,0.477952379180007
iBsu1147R,6.375,0.0,0.0
iBsu1147R,6.375,0.75,0.1265606291174443
iBsu1147R,6.375,1.5,0.1459657737248977
iBsu1147R,6.375,2.25,0.16455224745896832
iBsu1147R,6.375,3.0,0.18313872119303856
iBsu1147R,6.375,3.75,0.2017251949271088
iBsu1147R,6.375,4.5,0.22031166866117907
iBsu1147R,6.375,5.25,0.23889814239524923
iBsu1147R,6.375,6.0,0.2574846161293195
iBsu1147R,6.375,6.75,0.2760710898633897
iBsu1147R,6.375,7.5,0.2946575635974599
iBsu1147R,6.375,8.25,0.31324403733153017
iBsu1147R,6.375,9.0,0.33157038566944036
iBsu1147R,6.375,9.75,0.34858646118033465
iBsu1147R,6.375,10.5,0.36560253669123066
iBsu1147R,6.375,11.25,0.3826186122021242
iBsu1147R,6.375,12.0,0.39963468771301913
iBsu1147R,6.375,12.75,0.41665076322391414
iBsu1147R,6.375,13.5,0.4336668387348091
iBsu1147R,6.375,14.25,0.45068291424570406
iBsu1147R,6.375,15.0,0.4675922851960582
iBsu1147R,6.375,15.75,0.483703811102506
iBsu1147R,6.375,16.5,0.4998153370089551
iBsu1147R,6.375,17.25,0.5090494385509439
iBsu1147R,6.375,18.0,0.5090494385509435
iBsu1147R,6.375,18.75,0.5090494385509435
iBsu1147R,6.375,19.5,0.5090494385509435
iBsu1147R,6.375,20.25,0.5090494385509435
iBsu1147R,6.375,21.0,0.5090494385509435
iBsu1147R,6.375,21.75,0.5090494385509435
iBsu1147R,6.375,22.5,0.5090494385509435
iBsu1147R,6.375,23.25,0.5090494385509435
iBsu1147R,6.375,24.0,0.5090494385509435
iBsu1147R,6.375,24.75,0.5090494385509435
iBsu1147R,6.375,25.5,0.5090494385509435
iBsu1147R,6.375,26.25,0.5090494385509435
iBsu1147R,6.375,27.0,0.5090494385509435
iBsu1147R,6.375,27.75,0.5090494385509435
iBsu1147R,6.375,28.5,0.5090494385509435
iBsu1147R,6.375,29.25,0.5090494385509435
iBsu1147R,6.375,30.0,0.5090494385509435
iBsu1147R,6.75,0.0,0.0
iBsu1147R,6.75,0.75,0.13482174575275055
iBsu1147R,6.75,1.5,0.15463943747874673
iBsu1147R,6.75,2.25,0.17322590832955861
iBsu1147R,6.75,3.0,0.1918123791803696
iBsu1147R,6.75,3.75,0.2103988500311807
iBsu1147R,6.75,4.5,0.22898532088199172
iBsu1147R,6.75,5.25,0.2475717917328027
iBsu1147R,6.75,6.0,0.2661582625836137
iBsu1147R,6.75,6.75,0.28474473343442475
iBsu1147R,6.75,7.5,0.30333120428523574
iBsu1147R,6.75,8.25,0.32191767513604674
iBsu1147R,6.75,9.0,0.3405041459868578
iBsu1147R,6.75,9.75,0.3583098742780625
iBsu1147R,6.75,10.5,0.3753259470049726
iBsu1147R,6.75,11.25,0.3923420197318828
iBsu1147R,6.75,12.0,0.40935809245879223
iBsu1147R,6.75,12.75,0.42637416518570165
iBsu1147R,6.75,13.5,0.4433902379126111
iBsu1147R,6.75,14.25,0.46040631063952053
iBsu1147R,6.75,15.0,0.47742238336642995
iBsu1147R,6.75,15.75,0.4944384560933405
iBsu1147R,6.75,16.5,0.5105562669862055
iBsu1147R,6.75,17.25,0.5266677901379437
iBsu1147R,6.75,18.0,0.5401463387963732
iBsu1147R,6.75,18.75,0.5401463387963745
iBsu1147R,6.75,19.5,0.5401463387963745
iBsu1147R,6.75,20.25,0.5401463387963745
iBsu1147R,6.75,21.0,0.5401463387963745
iBsu1147R,6.75,21.75,0.5401463387963745
iBsu1147R,6.75,22.5,0.5401463387963745
iBsu1147R,6.75,23.25,0.5401463387963745
iBsu1147R,6.75,24.0,0.5401463387963745
iBsu1147R,6.75,24.75,0.5401463387963745
iBsu1147R,6.75,25.5,0.5401463387963745
iBsu1147R,6.75,26.25,0.5401463387963745
iBsu1147R,6.75,27.0,0.5401463387963745
iBsu1147R,6.75,27.75,0.5401463387963745
iBsu1147R,6.75,28.5,0.5401463387963745
iBsu1147R,6.75,29.25,0.5401463387963745
iBsu1147R,6.75,30.0,0.5401463387963745
iBsu1147R,7.125,0.0,0.0
iBsu1147R,7.125,0.75,0.14308288213465958
iBsu1147R,7.125,1.5,0.1633131238757918
iBsu1147R,7.125,2.25,0.18189959472660303
iBsu1147R,7.125,3.0,0.20048606557741394
iBsu1147R,7.125,3.75,0.21907253642822494
iBsu1147R,7.125,4.5,0.2376590072790359
iBsu1147R,7.125,5.25,0.25624547812984677
iBsu1147R,7.125,6.0,0.27483194898065777
iBsu1147R,7.125,6.75,0.2934184198314687
iBsu1147R,7.125,7.5,0.3120048906822796
iBsu1147R,7.125,8.25,0.3305913615330906
iBsu1147R,7.125,9.0,0.34917783238390154
iBsu1147R,7.125,9.75,0.36776430323471243
iBsu1147R,7.125,10.5,0.3850494171346349
iBsu1147R,7.125,11.25,0.40206548986154483
iBsu1147R,7.125,12.0,0.4190815625884542
iBsu1147R,7.125,12.75,0.4360976353153636
iBsu1147R,7.125,13.5,0.45311370804227297
iBsu1147R,7.125,14.25,0.4701297807691824
iBsu1147R,7.125,15.0,0.48714585349609174
iBsu1147R,7.125,15.75,0.5041619262230012
iBsu1147R,7.125,16.5,0.5211779989499108
iBsu1147R,7.125,17.25,0.5374088055724353
iBsu1147R,7.125,18.0,0.5535203287241743
iBsu1147R,7.125,18.75,0.5545565412709016
iBsu1147R,7.125,19.5,0.5545565412709059
iBsu1147R,7.125,20.25,0.5545565412709059
iBsu1147R,7.125,21.0,0.5545565412709059
iBsu1147R,7.125,21.75,0.5545565412709059
iBsu1147R,7.125,22.5,0.5545565412709059
iBsu1147R,7.125,23.25,0.5545565412709059
iBsu1147R,7.125,24.0,0.5545565412709059
iBsu1147R,7.125,24.75,0.5545565412709059
iBsu1147R,7.125,25.5,0.5545565412709059
iBsu1147R,7.125,26.25,0.5545565412709059
iBsu1147R,7.125,27.0,0.5545565412709059
iBsu1147R,7.125,27.75,0.5545565412709059
iBsu1147R,7.125,28.5,0.5545565412709059
iBsu1147R,7.125,29.25,0.5545565412709059
iBsu1147R,7.125,30.0,0.5545565412709059
iBsu1147R,7.5,0.0,0.0
iBsu1147R,7.5,0.75,0.15134404212999872
iBsu1147R,7.5,1.5,0.17198683695259598
iBsu1147R,7.5,2.25,0.1905733106866666
iBsu1147R,7.5,3.0,0.20915978442073685
iBsu1147R,7.5,3.75,0.22774625815480715
iBsu1147R,7.5,4.5,0.24633273188887733
iBsu1147R,7.5,5.25,0.2649192056229476
iBsu1147R,7.5,6.0,0.28350567935701776
iBsu1147R,7.5,6.75,0.302092153091088
iBsu1147R,7.5,7.5,0.3206786268251582
iBsu1147R,7.5,8.25,0.3392651005592285
iBsu1147R,7.5,9.0,0.35785157429329867
iBsu1147R,7.5,9.75,0.3764380480273689
iBsu1147R,7.5,10.5,0.3947729518527642
iBsu1147R,7.5,11.25,0.4117890273636592
iBsu1147R,7.5,12.0,0.4288051028745555
iBsu1147R,7.5,12.75,0.44582117838544866
iBsu1147R,7.5,13.5,0.46283725389634367
iBsu1147R,7.5,14.25,0.4798533294072387
iBsu1147R,7.5,15.0,0.4968694049181337
iBsu1147R,7.5,15.75,0.5138854804290287
iBsu1147R,7.5,16.5,0.5309015559399237
iBsu1147R,7.5,17.25,0.5479176314508186
iBsu1147R,7.5,18.0,0.5545567026113568
iBsu1147R,7.5,18.75,0.5545567026113568
iBsu1147R,7.5,19.5,0.5545567026113568
iBsu1147R,7.5,20.25,0.5545567026113568
iBsu1147R,7.5,21.0,0.5545567026113568
iBsu1147R,7.5,21.75,0.5545567026113568
iBsu1147R,7.5,22.5,0.5545567026113568
iBsu1147R,7.5,23.25,0.5545567026113568
iBsu1147R,7.5,24.0,0.5545567026113568
iBsu1147R,7.5,24.75,0.5545567026113568
iBsu1147R,7.5,25.5,0.5545567026113568
iBsu1147R,7.5,26.25,0.5545567026113568
iBsu1147R,7.5,27.0,0.5545567026113568
iBsu1147R,7.5,27.75,0.5545567026113568
iBsu1147R,7.5,28.5,0.5545567026113568
iBsu1147R,7.5,29.25,0.5545567026113568
iBsu1147R,7.5,30.0,0.5545567026113568
iBsu1147R,7.875,0.0,0.0
iBsu1147R,7.875,0.75,0.15960517980085037
iBsu1147R,7.875,1.5,0.1806605246951625
iBsu1147R,7.875,2.25,0.19924699842923285
iBsu1147R,7.875,3.0,0.2178334721633031
iBsu1147R,7.875,3.75,0.23641994589737342
iBsu1147R,7.875,4.5,0.2550064196314436
iBsu1147R,7.875,5.25,0.27359289336551385
iBsu1147R,7.875,6.0,0.29217936709958403
iBsu1147R,7.875,6.75,0.31076584083365427
iBsu1147R,7.875,7.5,0.32935231456772457
iBsu1147R,7.875,8.25,0.3479387883017948
iBsu1147R,7.875,9.0,0.36652526203586505
iBsu1147R,7.875,9.75,0.38511173576993524
iBsu1147R,7.875,10.5,0.40369820950400553
iBsu1147R,7.875,11.25,0.42151249908417154
iBsu1147R,7.875,12.0,0.43852857459506667
iBsu1147R,7.875,12.75,0.4555446501059632
iBsu1147R,7.875,13.5,0.4725607256168576
iBsu1147R,7.875,14.25,0.4895768011277529
iBsu1147R,7.875,15.0,0.5065928766386476
iBsu1147R,7.875,15.75,0.523608952149542
iBsu1147R,7.875,16.5,0.5406250276604383
iBsu1147R,7.875,17.25,0.5545567026113477
iBsu1147R,7.875,18.0,0.554556702611348
iBsu1147R,7.875,18.75,0.5545567026113492
iBsu1147R,7.875,19.5,0.5545567026113492
iBsu1147R,7.875,20.25,0.5545567026113492
iBsu1147R,7.875,21.0,0.5545567026113492
iBsu1147R,7.875,21.75,0.5545567026113492
iBsu1147R,7.875,22.5,0.5545567026113492
iBsu1147R,7.875,23.25,0.5545567026113492
iBsu1147R,7.875,24.0,0.5545567026113492
iBsu1147R,7.875,24.75,0.5545567026113492
iBsu1147R,7.875,25.5,0.5545567026113492
iBsu1147R,7.875,26.25,0.5545567026113492
iBsu1147R,7.875,27.0,0.5545567026113492
iBsu1147R,7.875,27.75,0.5545567026113492
iBsu1147R,7.875,28.5,0.5545567026113492
iBsu1147R,7.875,29.25,0.5545567026113492
iBsu1147R,7.875,30.0,0.5545567026113492
iBsu1147R,8.25,0.0,0.0
iBsu1147R,8.25,0.75,0.16786631747170205
iBsu1147R,8.25,1.5,0.18933421243772874
iBsu1147R,8.25,2.25,0.20792068617179899
iBsu1147R,8.25,3.0,0.22650715990586923
iBsu1147R,8.25,3.75,0.24509363363993947
iBsu1147R,8.25,4.5,0.26368010737400965
iBsu1147R,8.25,5.25,0.28226658110807995
iBsu1147R,8.25,6.0,0.30085305484215014
iBsu1147R,8.25,6.75,0.3194395285762204
iBsu1147R,8.25,7.5,0.3380260023102906
iBsu1147R,8.25,8.25,0.35661247604436086
iBsu1147R,8.25,9.0,0.3751989497784311
iBsu1147R,8.25,9.75,0.39378542351250134
iBsu1147R,8.25,10.5,0.41237189724657153
iBsu1147R,8.25,11.25,0.4309583709806418
iBsu1147R,8.25,12.0,0.4482520463155778
iBsu1147R,8.25,12.75,0.4652681218264715
iBsu1147R,8.25,13.5,0.4822841973373669
iBsu1147R,8.25,14.25,0.4993002728482619
iBsu1147R,8.25,15.0,0.516316348359157
iBsu1147R,8.25,15.75,0.533332423870052
iBsu1147R,8.25,16.5,0.550348499380947
iBsu1147R,8.25,17.25,0.5545567026113501
iBsu1147R,8.25,18.0,0.5545567026113571
iBsu1147R,8.25,18.75,0.5545567026113568
iBsu1147R,8.25,19.5,0.5545567026113568
iBsu1147R,8.25,20.25,0.5545567026113568
iBsu1147R,8.25,21.0,0.5545567026113568
iBsu1147R,8.25,21.75,0.5545567026113568
iBsu1147R,8.25,22.5,0.5545567026113568
iBsu1147R,8.25,23.25,0.5545567026113568
iBsu1147R,8.25,24.0,0.5545567026113568
iBsu1147R,8.25,24.75,0.5545567026113568
iBsu1147R,8.25,25.5,0.5545567026113568
iBsu1147R,8.25,26.25,0.5545567026113568
iBsu1147R,8.25,27.0,0.5545567026113568
iBsu1147R,8.25,27.75,0.5545567026113568
iBsu1147R,8.25,28.5,0.5545567026113568
iBsu1147R,8.25,29.25,0.5545567026113568
iBsu1147R,8.25,30.0,0.5545567026113568
iBsu1147R,8.625,0.0,0.0
iBsu1147R,8.625,0.75,0.1761274276622945
iBsu1147R,8.625,1.5,0.19800786946397286
iBsu1147R,8.625,2.25,0.21659434031478322
iBsu1147R,8.625,3.0,0.2351808111655941
iBsu1147R,8.625,3.75,0.2537672820164051
iBsu1147R,8.625,4.5,0.27235375286721597
iBsu1147R,8.625,5.25,0.29094022371802686
iBsu1147R,8.625,6.0,0.3095266945688378
iBsu1147R,8.625,6.75,0.3281131654196487
iBsu1147R,8.625,7.5,0.34669963627045963
iBsu1147R,8.625,8.25,0.3652861071212706
iBsu1147R,8.625,9.0,0.38387257797208146
iBsu1147R,8.625,9.75,0.4024590488228924
iBsu1147R,8.625,10.5,0.4210455196737033
iBsu1147R,8.625,11.25,0.43963199052451424
iBsu1147R,8.625,12.0,0.45797544310710386
iBsu1147R,8.625,12.75,0.47499151583401356
iBsu1147R,8.625,13.5,0.492007588560924
iBsu1147R,8.625,14.25,0.5090236612878336
iBsu1147R,8.625,15.0,0.5260397340147409
iBsu1147R,8.625,15.75,0.5430558067416535
iBsu1147R,8.625,16.5,0.5545565412709033
iBsu1147R,8.625,17.25,0.5545565412709078
iBsu1147R,8.625,18.0,0.554556541270906
iBsu1147R,8.625,18.75,0.5545565412708929
iBsu1147R,8.625,19.5,0.5545565412708929
iBsu1147R,8.625,20.25,0.5545565412708929
iBsu1147R,8.625,21.0,0.5545565412708929
iBsu1147R,8.625,21.75,0.5545565412708929
iBsu1147R,8.625,22.5,0.5545565412708929
iBsu1147R,8.625,23.25,0.5545565412708929
iBsu1147R,8.625,24.0,0.5545565412708929
iBsu1147R,8.625,24.75,0.5545565412708929
iBsu1147R,8.625,25.5,0.5545565412708929
iBsu1147R,8.625,26.25,0.5545565412708929
iBsu1147R,8.625,27.0,0.5545565412708929
iBsu1147R,8.625,27.75,0.5545565412708929
iBsu1147R,8.625,28.5,0.5545565412708929
iBsu1147R,8.625,29.25,0.5545565412708929
iBsu1147R,8.625,30.0,0.5545565412708929
iBsu1147R,9.0,0.0,0.0
iBsu1147R,9.0,0.75,0.18438856404420334
iBsu1147R,9.0,1.5,0.20668155586101827
iBsu1147R,9.0,2.25,0.22526802671182905
iBsu1147R,9.0,3.0,0.24385449756263988
iBsu1147R,9.0,3.75,0.2624409684134516
iBsu1147R,9.0,4.5,0.2810274392642635
iBsu1147R,9.0,5.25,0.29961391011507466
iBsu1147R,9.0,6.0,0.3182003809658858
iBsu1147R,9.0,6.75,0.3367868518166959
iBsu1147R,9.0,7.5,0.3553733226675047
iBsu1147R,9.0,8.25,0.37395979351831604
iBsu1147R,9.0,9.0,0.39254626436912854
iBsu1147R,9.0,9.75,0.4111327352199382
iBsu1147R,9.0,10.5,0.42971920607075015
iBsu1147R,9.0,11.25,0.4483056769215611
iBsu1147R,9.0,12.0,0.46689214777237176
iBsu1147R,9.0,12.75,0.48471498596365076
iBsu1147R,9.0,13.5,0.5017310586905773
iBsu1147R,9.0,14.25,0.5187471314175093
iBsu1147R,9.0,15.0,0.5357632041444178
iBsu1147R,9.0,15.75,0.552779276871377
iBsu1147R,9.0,16.5,0.5545565412709019
iBsu1147R,9.0,17.25,0.5545565412709003
iBsu1147R,9.0,18.0,0.5545565412709097
iBsu1147R,9.0,18.75,0.554556541270901
iBsu1147R,9.0,19.5,0.5545565412709055
iBsu1147R,9.0,20.25,0.5545565412709055
iBsu1147R,9.0,21.0,0.5545565412709055
iBsu1147R,9.0,21.75,0.5545565412709055
iBsu1147R,9.0,22.5,0.5545565412709055
iBsu1147R,9.0,23.25,0.5545565412709055
iBsu1147R,9.0,24.0,0.5545565412709055
iBsu1147R,9.0,24.75,0.5545565412709055
iBsu1147R,9.0,25.5,0.5545565412709055
iBsu1147R,9.0,26.25,0.5545565412709055
iBsu1147R,9.0,27.0,0.5545565412709055
iBsu1147R,9.0,27.75,0.5545565412709055
iBsu1147R,9.0,28.5,0.5545565412709055
iBsu1147R,9.0,29.25,0.5545565412709055
iBsu1147R,9.0,30.0,0.5545565412709055
iBsu1147R,9.375,0.0,0.0
iBsu1147R,9.375,0.75,0.19264970042611138
iBsu1147R,9.375,1.5,0.215355242258063
iBsu1147R,9.375,2.25,0.23394171310887346
iBsu1147R,9.375,3.0,0.25252818395968435
iBsu1147R,9.375,3.75,0.2711146548104953
iBsu1147R,9.375,4.5,0.28970112566130624
iBsu1147R,9.375,5.25,0.3082875965121171
iBsu1147R,9.375,6.0,0.32687406736292807
iBsu1147R,9.375,6.75,0.34546053821373895
iBsu1147R,9.375,7.5,0.3640470090645499
iBsu1147R,9.375,8.25,0.38263347991536084
iBsu1147R,9.375,9.0,0.40121995076617173
iBsu1147R,9.375,9.75,0.4198064216169827
iBsu1147R,9.375,10.5,0.4383928924677936
iBsu1147R,9.375,11.25,0.4569793633186046
iBsu1147R,9.375,12.0,0.47556583416941545
iBsu1147R,9.375,12.75,0.4941523050202264
iBsu1147R,9.375,13.5,0.511454528820249
iBsu1147R,9.375,14.25,0.5284706015471572
iBsu1147R,9.375,15.0,0.5454866742740622
iBsu1147R,9.375,15.75,0.5545565412709041
iBsu1147R,9.375,16.5,0.5545565412709054
iBsu1147R,9.375,17.25,0.5545565412709054
iBsu1147R,9.375,18.0,0.554556541270906
iBsu1147R,9.375,18.75,0.554556541270903
iBsu1147R,9.375,19.5,0.554556541270903
iBsu1147R,9.375,20.25,0.554556541270903
iBsu1147R,9.375,21.0,0.554556541270903
iBsu1147R,9.375,21.75,0.554556541270903
iBsu1147R,9.375,22.5,0.554556541270903
iBsu1147R,9.375,23.25,0.554556541270903
iBsu1147R,9.375,24.0,0.554556541270903
iBsu1147R,9.375,24.75,0.554556541270903
iBsu1147R,9.375,25.5,0.554556541270903
iBsu1147R,9.375,26.25,0.554556541270903
iBsu1147R,9.375,27.0,0.554556541270903
iBsu1147R,9.375,27.75,0.554556541270903
iBsu1147R,9.375,28.5,0.554556541270903
iBsu1147R,9.375,29.25,0.554556541270903
iBsu1147R,9.375,30.0,0.554556541270903
iBsu1147R,9.75,0.0,0.0
iBsu1147R,9.75,0.75,0.2009108368080209
iBsu1147R,9.75,1.5,0.22402892865510854
iBsu1147R,9.75,2.25,0.24261539950591907
iBsu1147R,9.75,3.0,0.26120187035673004
iBsu1147R,9.75,3.75,0.279788341207541
iBsu1147R,9.75,4.5,0.298374812058352
iBsu1147R,9.75,5.25,0.3169612829091629
iBsu1147R,9.75,6.0,0.33554775375997387
iBsu1147R,9.75,6.75,0.35413422461078486
iBsu1147R,9.75,7.5,0.3727206954615958
iBsu1147R,9.75,8.25,0.3913071663124068
iBsu1147R,9.75,9.0,0.40989363716321775
iBsu1147R,9.75,9.75,0.42848010801402875
iBsu1147R,9.75,10.5,0.4470665788648397
iBsu1147R,9.75,11.25,0.4656530497156507
iBsu1147R,9.75,12.0,0.48423952056646163
iBsu1147R,9.75,12.75,0.5028259914172726
iBsu1147R,9.75,13.5,0.5211779989499099
iBsu1147R,9.75,14.25,0.5381940716768197
iBsu1147R,9.75,15.0,0.5545565412709027
iBsu1147R,9.75,15.75,0.554556541270905
iBsu1147R,9.75,16.5,0.5545565412709055
iBsu1147R,9.75,17.25,0.5545565412709055
iBsu1147R,9.75,18.0,0.5545565412709058
iBsu1147R,9.75,18.75,0.5545565412709103
iBsu1147R,9.75,19.5,0.5545565412709103
iBsu1147R,9.75,20.25,0.5545565412709103
iBsu1147R,9.75,21.0,0.5545565412709103
iBsu1147R,9.75,21.75,0.5545565412709103
iBsu1147R,9.75,22.5,0.5545565412709103
iBsu1147R,9.75,23.25,0.5545565412709103
iBsu1147R,9.75,24.0,0.5545565412709103
iBsu1147R,9.75,24.75,0.5545565412709103
iBsu1147R,9.75,25.5,0.5545565412709103
iBsu1147R,9.75,26.25,0.5545565412709103
iBsu1147R,9.75,27.0,0.5545565412709103
iBsu1147R,9.75,27.75,0.5545565412709103
iBsu1147R,9.75,28.5,0.5545565412709103
iBsu1147R,9.75,29.25,0.5545565412709103
iBsu1147R,9.75,30.0,0.5545565412709103
iBsu1147R,10.125,0.0,0.0
iBsu1147R,10.125,0.75,0.20917197318992925
iBsu1147R,10.125,1.5,0.23270261505215273
iBsu1147R,10.125,2.25,0.25128908590296367
iBsu1147R,10.125,3.0,0.26987555675377456
iBsu1147R,10.125,3.75,0.2884620276045855
iBsu1147R,10.125,4.5,0.3070484984553964
iBsu1147R,10.125,5.25,0.32563496930620733
iBsu1147R,10.125,6.0,0.3442214401570183
iBsu1147R,10.125,6.75,0.36280791100782916
iBsu1147R,10.125,7.5,0.38139438185864016
iBsu1147R,10.125,8.25,0.39998085270945105
iBsu1147R,10.125,9.0,0.418567323560262
iBsu1147R,10.125,9.75,0.43715379441107294
iBsu1147R,10.125,10.5,0.4557402652618838
iBsu1147R,10.125,11.25,0.47432673611269477
iBsu1147R,10.125,12.0,0.4929132069635057
iBsu1147R,10.125,12.75,0.5114996778143167
iBsu1147R,10.125,13.5,0.5300861486651276
iBsu1147R,10.125,14.25,0.5479175418064807
iBsu1147R,10.125,15.0,0.5545565412709105
iBsu1147R,10.125,15.75,0.5545565412709059
iBsu1147R,10.125,16.5,0.554556541270906
iBsu1147R,10.125,17.25,0.554556541270906
iBsu1147R,10.125,18.0,0.554556541270906
iBsu1147R,10.125,18.75,0.554556541270906
iBsu1147R,10.125,19.5,0.554556541270906
iBsu1147R,10.125,20.25,0.554556541270906
iBsu1147R,10.125,21.0,0.554556541270906
iBsu1147R,10.125,21.75,0.554556541270906
iBsu1147R,10.125,22.5,0.554556541270906
iBsu1147R,10.125,23.25,0.554556541270906
iBsu1147R,10.125,24.0,0.554556541270906
iBsu1147R,10.125,24.75,0.554556541270906
iBsu1147R,10.125,25.5,0.554556541270906
iBsu1147R,10.125,26.25,0.554556541270906
iBsu1147R,10.125,27.0,0.554556541270906
iBsu1147R,10.125,27.75,0.554556541270906
iBsu1147R,10.125,28.5,0.554556541270906
iBsu1147R,10.125,29.25,0.554556541270906
iBsu1147R,10.125,30.0,0.554556541270906
iBsu1147R,10.5,0.0,0.0
iBsu1147R,10.5,0.75,0.2174331095718385
iBsu1147R,10.5,1.5,0.24137630144919803
iBsu1147R,10.5,2.25,0.25996277230000897
iBsu1147R,10.5,3.0,0.2785492431508199
iBsu1147R,10.5,3.75,0.29713571400163086
iBsu1147R,10.5,4.5,0.3157221848524426
iBsu1147R,10.5,5.25,0.3343086557032536
iBsu1147R,10.5,6.0,0.3528951265540635
iBsu1147R,10.5,6.75,0.37148159740487446
iBsu1147R,10.5,7.5,0.39006806825568546
iBsu1147R,10.5,8.25,0.40865453910649846
iBsu1147R,10.5,9.0,0.4272410099573089
iBsu1147R,10.5,9.75,0.44582748080811985
iBsu1147R,10.5,10.5,0.46441395165893085
iBsu1147R,10.5,11.25,0.4830004225097418
iBsu1147R,10.5,12.0,0.5015868933605507
iBsu1147R,10.5,12.75,0.5201733642113627
iBsu1147R,10.5,13.5,0.5387598350621737
iBsu1147R,10.5,14.25,0.5545565412709061
iBsu1147R,10.5,15.0,0.5545565412709115
iBsu1147R,10.5,15.75,0.5545565412709115
iBsu1147R,10.5,16.5,0.5545565412709115
iBsu1147R,10.5,17.25,0.5545565412709115
iBsu1147R,10.5,18.0,0.5545565412709115
iBsu1147R,10.5,18.75,0.5545565412709115
iBsu1147R,10.5,19.5,0.5545565412709115
iBsu1147R,10.5,20.25,0.5545565412709115
iBsu1147R,10.5,21.0,0.5545565412709115
iBsu1147R,10.5,21.75,0.5545565412709115
iBsu1147R,10.5,22.5,0.5545565412709115
iBsu1147R,10.5,23.25,0.5545565412709115
iBsu1147R,10.5,24.0,0.5545565412709115
iBsu1147R,10.5,24.75,0.5545565412709115
iBsu1147R,10.5,25.5,0.5545565412709115
iBsu1147R,10.5,26.25,0.5545565412709115
iBsu1147R,10.5,27.0,0.5545565412709115
iBsu1147R,10.5,27.75,0.5545565412709115
iBsu1147R,10.5,28.5,0.5545565412709115
iBsu1147R,10.5,29.25,0.5545565412709115
iBsu1147R,10.5,30.0,0.5545565412709115
iBsu1147R,10.875,0.0,0.0
iBsu1147R,10.875,0.75,0.22569424595374665
iBsu1147R,10.875,1.5,0.25004998784624316
iBsu1147R,10.875,2.25,0.2686364586970544
iBsu1147R,10.875,3.0,0.2872229295478653
iBsu1147R,10.875,3.75,0.30580940039867627
iBsu1147R,10.875,4.5,0.3243958712494872
iBsu1147R,10.875,5.25,0.34298234210029815
iBsu1147R,10.875,6.0,0.3615688129511091
iBsu1147R,10.875,6.75,0.3801552838019201
iBsu1147R,10.875,7.5,0.39874175465273104
iBsu1147R,10.875,8.25,0.417328225503542
iBsu1147R,10.875,9.0,0.4359146963543529
iBsu1147R,10.875,9.75,0.4545011672051639
iBsu1147R,10.875,10.5,0.4730876380559749
iBsu1147R,10.875,11.25,0.4916741089067858
iBsu1147R,10.875,12.0,0.5102605797575969
iBsu1147R,10.875,12.75,0.5288470506084078
iBsu1147R,10.875,13.5,0.5474335214592188
iBsu1147R,10.875,14.25,0.554556541270898
iBsu1147R,10.875,15.0,0.5545565412708977
iBsu1147R,10.875,15.75,0.5545565412708977
iBsu1147R,10.875,16.5,0.5545565412708977
iBsu1147R,10.875,17.25,0.5545565412708977
iBsu1147R,10.875,18.0,0.5545565412708977
iBsu1147R,10.875,18.75,0.5545565412708977
iBsu1147R,10.875,19.5,0.5545565412708977
iBsu1147R,10.875,20.25,0.5545565412708977
iBsu1147R,10.875,21.0,0.5545565412708977
iBsu1147R,10.875,21.75,0.5545565412708977
iBsu1147R,10.875,22.5,0.5545565412708977
iBsu1147R,10.875,23.25,0.5545565412708977
iBsu1147R,10.875,24.0,0.5545565412708977
iBsu1147R,10.875,24.75,0.5545565412708977
iBsu1147R,10.875,25.5,0.5545565412708977
iBsu1147R,10.875,26.25,0.5545565412708977
iBsu1147R,10.875,27.0,0.5545565412708977
iBsu1147R,10.875,27.75,0.5545565412708977
iBsu1147R,10.875,28.5,0.5545565412708977
iBsu1147R,10.875,29.25,0.5545565412708977
iBsu1147R,10.875,30.0,0.5545565412708977
iBsu1147R,11.25,0.0,0.0
iBsu1147R,11.25,0.75,0.2339371434138555
iBsu1147R,11.25,1.5,0.25872367424328896
iBsu1147R,11.25,2.25,0.27731014509409935
iBsu1147R,11.25,3.0,0.29589661594491035
iBsu1147R,11.25,3.75,0.3144830867957213
iBsu1147R,11.25,4.5,0.3330695576465322
iBsu1147R,11.25,5.25,0.3516560284973432
iBsu1147R,11.25,6.0,0.3702424993481541
iBsu1147R,11.25,6.75,0.38882897019896506
iBsu1147R,11.25,7.5,0.40741544104977606
iBsu1147R,11.25,8.25,0.426001911900587
iBsu1147R,11.25,9.0,0.44458838275139795
iBsu1147R,11.25,9.75,0.46317485360220884
iBsu1147R,11.25,10.5,0.48176132445301983
iBsu1147R,11.25,11.25,0.5003477953038308
iBsu1147R,11.25,12.0,0.5189342661546417
iBsu1147R,11.25,12.75,0.5375207370054527
iBsu1147R,11.25,13.5,0.5545565412709083
iBsu1147R,11.25,14.25,0.5545565412709009
iBsu1147R,11.25,15.0,0.5545565412709008
iBsu1147R,11.25,15.75,0.5545565412709008
iBsu1147R,11.25,16.5,0.5545565412709008
iBsu1147R,11.25,17.25,0.5545565412709008
iBsu1147R,11.25,18.0,0.5545565412709008
iBsu1147R,11.25,18.75,0.5545565412709008
iBsu1147R,11.25,19.5,0.5545565412709008
iBsu1147R,11.25,20.25,0.5545565412709008
iBsu1147R,11.25,21.0,0.5545565412709008
iBsu1147R,11.25,21.75,0.5545565412709008
iBsu1147R,11.25,22.5,0.5545565412709008
iBsu1147R,11.25,23.25,0.5545565412709008
iBsu1147R,11.25,24.0,0.5545565412709008
iBsu1147R,11.25,24.75,0.5545565412709008
iBsu1147R,11.25,25.5,0.5545565412709008
iBsu1147R,11.25,26.25,0.5545565412709008
iBsu1147R,11.25,27.0,0.5545565412709008
iBsu1147R,11.25,27.75,0.5545565412709008
iBsu1147R,11.25,28.5,0.5545565412709008
iBsu1147R,11.25,29.25,0.5545565412709008
iBsu1147R,11.25,30.0,0.5545565412709008
iBsu1147R,11.625,0.0,0.0
iBsu1147R,11.625,0.75,0.24212057893439612
iBsu1147R,11.625,1.5,0.26699992786328997
iBsu1147R,11.625,2.25,0.28598383149114437
iBsu1147R,11.625,3.0,0.30457030234195487
iBsu1147R,11.625,3.75,0.3231567731927658
iBsu1147R,11.625,4.5,0.34174324404357675
iBsu1147R,11.625,5.25,0.36032971489438764
iBsu1147R,11.625,6.0,0.3789161857451986
iBsu1147R,11.625,6.75,0.39750265659600953
iBsu1147R,11.625,7.5,0.4160891274468204
iBsu1147R,11.625,8.25,0.4346755982976313
iBsu1147R,11.625,9.0,0.45326206914844225
iBsu1147R,11.625,9.75,0.4718485399992532
iBsu1147R,11.625,10.5,0.4904350108500641
iBsu1147R,11.625,11.25,0.509021481700875
iBsu1147R,11.625,12.0,0.527607952551686
iBsu1147R,11.625,12.75,0.5461944234024968
iBsu1147R,11.625,13.5,0.5545565412709148
iBsu1147R,11.625,14.25,0.5545565412708953
iBsu1147R,11.625,15.0,0.5545565412709074
iBsu1147R,11.625,15.75,0.5545565412709074
iBsu1147R,11.625,16.5,0.5545565412709074
iBsu1147R,11.625,17.25,0.5545565412709074
iBsu1147R,11.625,18.0,0.5545565412709074
iBsu1147R,11.625,18.75,0.5545565412709074
iBsu1147R,11.625,19.5,0.5545565412709074
iBsu1147R,11.625,20.25,0.5545565412709074
iBsu1147R,11.625,21.0,0.5545565412709074
iBsu1147R,11.625,21.75,0.5545565412709074
iBsu1147R,11.625,22.5,0.5545565412709074
iBsu1147R,11.625,23.25,0.5545565412709074
iBsu1147R,11.625,24.0,0.5545565412709074
iBsu1147R,11.625,24.75,0.5545565412709074
iBsu1147R,11.625,25.5,0.5545565412709074
iBsu1147R,11.625,26.25,0.5545565412709074
iBsu1147R,11.625,27.0,0.5545565412709074
iBsu1147R,11.625,27.75,0.5545565412709074
iBsu1147R,11.625,28.5,0.5545565412709074
iBsu1147R,11.625,29.25,0.5545565412709074
iBsu1147R,11.625,30.0,0.5545565412709074
iBsu1147R,12.0,0.0,0.0
iBsu1147R,12.0,0.75,0.2503040144549373
iBsu1147R,12.0,1.5,0.2752610642451992
iBsu1147R,12.0,2.25,0.2946575178881907
iBsu1147R,12.0,3.0,0.3132439887390007
iBsu1147R,12.0,3.75,0.3318304595898117
iBsu1147R,12.0,4.5,0.3504169304406227
iBsu1147R,12.0,5.25,0.36900340129143366
iBsu1147R,12.0,6.0,0.38758987214224466
iBsu1147R,12.0,6.75,0.4061763429930556
iBsu1147R,12.0,7.5,0.42476281384386655
iBsu1147R,12.0,8.25,0.4433492846946775
iBsu1147R,12.0,9.0,0.4619357555454885
iBsu1147R,12.0,9.75,0.4805222263962995
iBsu1147R,12.0,10.5,0.4991086972471104
iBsu1147R,12.0,11.25,0.5176951680979214
iBsu1147R,12.0,12.0,0.5362816389487324
iBsu1147R,12.0,12.75,0.5545565412709061
iBsu1147R,12.0,13.5,0.5545565412709104
iBsu1147R,12.0,14.25,0.5545565412709059
iBsu1147R,12.0,15.0,0.5545565412709058
iBsu1147R,12.0,15.75,0.5545565412709058
iBsu1147R,12.0,16.5,0.5545565412709058
iBsu1147R,12.0,17.25,0.5545565412709058
iBsu1147R,12.0,18.0,0.5545565412709058
iBsu1147R,12.0,18.75,0.5545565412709058
iBsu1147R,12.0,19.5,0.5545565412709058
iBsu1147R,12.0,20.25,0.5545565412709058
iBsu1147R,12.0,21.0,0.5545565412709058
iBsu1147R,12.0,21.75,0.5545565412709058
iBsu1147R,12.0,22.5,0.5545565412709058
iBsu1147R,12.0,23.25,0.5545565412709058
iBsu1147R,12.0,24.0,0.5545565412709058
iBsu1147R,12.0,24.75,0.5545565412709058
iBsu1147R,12.0,25.5,0.5545565412709058
iBsu1147R,12.0,26.25,0.5545565412709058
iBsu1147R,12.0,27.0,0.5545565412709058
iBsu1147R,12.0,27.75,0.5545565412709058
iBsu1147R,12.0,28.5,0.5545565412709058
iBsu1147R,12.0,29.25,0.5545565412709058
iBsu1147R,12.0,30.0,0.5545565412709058
iBsu1147R,12.375,0.0,0.0
iBsu1147R,12.375,0.75,0.2584874499754764
iBsu1147R,12.375,1.5,0.28352220062710837
iBsu1147R,12.375,2.25,0.30333120428523475
iBsu1147R,12.375,3.0,0.3219176751360458
iBsu1147R,12.375,3.75,0.3405041459868568
iBsu1147R,12.375,4.5,0.35909061683766774
iBsu1147R,12.375,5.25,0.37767708768847874
iBsu1147R,12.375,6.0,0.3962635585392897
iBsu1147R,12.375,6.75,0.4148500293901006
iBsu1147R,12.375,7.5,0.4334365002409116
iBsu1147R,12.375,8.25,0.4520229710917226
iBsu1147R,12.375,9.0,0.4706094419425335
iBsu1147R,12.375,9.75,0.4891959127933445
iBsu1147R,12.375,10.5,0.5077823836441555
iBsu1147R,12.375,11.25,0.5263688544949664
iBsu1147R,12.375,12.0,0.5449553253457774
iBsu1147R,12.375,12.75,0.5545565412709146
iBsu1147R,12.375,13.5,0.5545565412709146
iBsu1147R,12.375,14.25,0.5545565412709008
iBsu1147R,12.375,15.0,0.5545565412708969
iBsu1147R,12.375,15.75,0.5545565412708969
iBsu1147R,12.375,16.5,0.5545565412708969
iBsu1147R,12.375,17.25,0.5545565412708969
iBsu1147R,12.375,18.0,0.5545565412708969
iBsu1147R,12.375,18.75,0.5545565412708969
iBsu1147R,12.375,19.5,0.5545565412708969
iBsu1147R,12.375,20.25,0.5545565412708969
iBsu1147R,12.375,21.0,0.5545565412708969
iBsu1147R,12.375,21.75,0.5545565412708969
iBsu1147R,12.375,22.5,0.5545565412708969
iBsu1147R,12.375,23.25,0.5545565412708969
iBsu1147R,12.375,24.0,0.5545565412708969
iBsu1147R,12.375,24.75,0.5545565412708969
iBsu1147R,12.375,25.5,0.5545565412708969
iBsu1147R,12.375,26.25,0.5545565412708969
iBsu1147R,12.375,27.0,0.5545565412708969
iBsu1147R,12.375,27.75,0.5545565412708969
iBsu1147R,12.375,28.5,0.5545565412708969
iBsu1147R,12.375,29.25,0.5545565412708969
iBsu1147R,12.375,30.0,0.5545565412708969
iBsu1147R,12.75,0.0,0.0
iBsu1147R,12.75,0.75,0.2666708854960177
iBsu1147R,12.75,1.5,0.29178333700901743
iBsu1147R,12.75,2.25,0.3120048906822796
iBsu1147R,12.75,3.0,0.33059136153309093
iBsu1147R,12.75,3.75,0.34917783238390193
iBsu1147R,12.75,4.5,0.3677643032347129
iBsu1147R,12.75,5.25,0.3863507740855238
iBsu1147R,12.75,6.0,0.4049372449363348
iBsu1147R,12.75,6.75,0.42352371578714576
iBsu1147R,12.75,7.5,0.4421101866379567
iBsu1147R,12.75,8.25,0.4606966574887677
iBsu1147R,12.75,9.0,0.4792831283395786
iBsu1147R,12.75,9.75,0.4978695991903896
iBsu1147R,12.75,10.5,0.5164560700412005
iBsu1147R,12.75,11.25,0.5350425408920115
iBsu1147R,12.75,12.0,0.5536290117428224
iBsu1147R,12.75,12.75,0.5545565412709148
iBsu1147R,12.75,13.5,0.554556541270906
iBsu1147R,12.75,14.25,0.5545565412709074
iBsu1147R,12.75,15.0,0.5545565412709059
iBsu1147R,12.75,15.75,0.5545565412709059
iBsu1147R,12.75,16.5,0.5545565412709059
iBsu1147R,12.75,17.25,0.5545565412709059
iBsu1147R,12.75,18.0,0.5545565412709059
iBsu1147R,12.75,18.75,0.5545565412709059
iBsu1147R,12.75,19.5,0.5545565412709059
iBsu1147R,12.75,20.25,0.5545565412709059
iBsu1147R,12.75,21.0,0.5545565412709059
iBsu1147R,12.75,21.75,0.5545565412709059
iBsu1147R,12.75,22.5,0.5545565412709059
iBsu1147R,12.75,23.25,0.5545565412709059
iBsu1147R,12.75,24.0,0.5545565412709059
iBsu1147R,12.75,24.75,0.5545565412709059
iBsu1147R,12.75,25.5,0.5545565412709059
iBsu1147R,12.75,26.25,0.5545565412709059
iBsu1147R,12.75,27.0,0.5545565412709059
iBsu1147R,12.75,27.75,0.5545565412709059
iBsu1147R,12.75,28.5,0.5545565412709059
iBsu1147R,12.75,29.25,0.5545565412709059
iBsu1147R,12.75,30.0,0.5545565412709059
iBsu1147R,13.125,0.0,0.0
iBsu1147R,13.125,0.75,0.27485432101655893
iBsu1147R,13.125,1.5,0.300044473390926
iBsu1147R,13.125,2.25,0.3206785770793256
iBsu1147R,13.125,3.0,0.33926504793013607
iBsu1147R,13.125,3.75,0.357851518780947
iBsu1147R,13.125,4.5,0.37643798963175795
iBsu1147R,13.125,5.25,0.39502446048256895
iBsu1147R,13.125,6.0,0.4136109313333799
iBsu1147R,13.125,6.75,0.43219740218419084
iBsu1147R,13.125,7.5,0.4507838730350018
iBsu1147R,13.125,8.25,0.4693703438858128
iBsu1147R,13.125,9.0,0.4879568147366238
iBsu1147R,13.125,9.75,0.5065432855874347
iBsu1147R,13.125,10.5,0.5251297564382457
iBsu1147R,13.125,11.25,0.5437162272890567
iBsu1147R,13.125,12.0,0.554556541270906
iBsu1147R,13.125,12.75,0.554556541270906
iBsu1147R,13.125,13.5,0.554556541270906
iBsu1147R,13.125,14.25,0.5545565412709038
iBsu1147R,13.125,15.0,0.5545565412708966
iBsu1147R,13.125,15.75,0.5545565412708966
iBsu1147R,13.125,16.5,0.5545565412708966
iBsu1147R,13.125,17.25,0.5545565412708966
iBsu1147R,13.125,18.0,0.5545565412708966
iBsu1147R,13.125,18.75,0.5545565412708966
iBsu1147R,13.125,19.5,0.5545565412708966
iBsu1147R,13.125,20.25,0.5545565412708966
iBsu1147R,13.125,21.0,0.5545565412708966
iBsu1147R,13.125,21.75,0.5545565412708966
iBsu1147R,13.125,22.5,0.5545565412708966
iBsu1147R,13.125,23.25,0.5545565412708966
iBsu1147R,13.125,24.0,0.5545565412708966
iBsu1147R,13.125,24.75,0.5545565412708966
iBsu1147R,13.125,25.5,0.5545565412708966
iBsu1147R,13.125,26.25,0.5545565412708966
iBsu1147R,13.125,27.0,0.5545565412708966
iBsu1147R,13.125,27.75,0.5545565412708966
iBsu1147R,13.125,28.5,0.5545565412708966
iBsu1147R,13.125,29.25,0.5545565412708966
iBsu1147R,13.125,30.0,0.5545565412708966
iBsu1147R,13.5,0.0,0.0
iBsu1147R,13.5,0.75,0.2830377565370979
iBsu1147R,13.5,1.5,0.30830560977283505
iBsu1147R,13.5,2.25,0.32935226347636903
iBsu1147R,13.5,3.0,0.3479387343271802
iBsu1147R,13.5,3.75,0.36652520517799103
iBsu1147R,13.5,4.5,0.385111676028802
iBsu1147R,13.5,5.25,0.4036981468796119
iBsu1147R,13.5,6.0,0.42228461773042364
iBsu1147R,13.5,6.75,0.4408710885812341
iBsu1147R,13.5,7.5,0.45945755943204303
iBsu1147R,13.5,8.25,0.4780440302828545
iBsu1147R,13.5,9.0,0.49663050113366547
iBsu1147R,13.5,9.75,0.5152169719844759
iBsu1147R,13.5,10.5,0.5338034428352869
iBsu1147R,13.5,11.25,0.5523899136860974
iBsu1147R,13.5,12.0,0.5545565412709063
iBsu1147R,13.5,12.75,0.5545565412709074
iBsu1147R,13.5,13.5,0.5545565412709074
iBsu1147R,13.5,14.25,0.5545565412709059
iBsu1147R,13.5,15.0,0.5545565412709059
iBsu1147R,13.5,15.75,0.5545565412709059
iBsu1147R,13.5,16.5,0.5545565412709059
iBsu1147R,13.5,17.25,0.5545565412709059
iBsu1147R,13.5,18.0,0.5545565412709059
iBsu1147R,13.5,18.75,0.5545565412709059
iBsu1147R,13.5,19.5,0.5545565412709059
iBsu1147R,13.5,20.25,0.5545565412709059
iBsu1147R,13.5,21.0,0.5545565412709059
iBsu1147R,13.5,21.75,0.5545565412709059
iBsu1147R,13.5,22.5,0.5545565412709059
iBsu1147R,13.5,23.25,0.5545565412709059
iBsu1147R,13.5,24.0,0.5545565412709059
iBsu1147R,13.5,24.75,0.5545565412709059
iBsu1147R,13.5,25.5,0.5545565412709059
iBsu1147R,13.5,26.25,0.5545565412709059
iBsu1147R,13.5,27.0,0.5545565412709059
iBsu1147R,13.5,27.75,0.5545565412709059
iBsu1147R,13.5,28.5,0.5545565412709059
iBsu1147R,13.5,29.25,0.5545565412709059
iBsu1147R,13.5,30.0,0.5545565412709059
iBsu1147R,13.875,0.0,0.0
iBsu1147R,13.875,0.75,0.29122119205763936
iBsu1147R,13.875,1.5,0.316566746154743
iBsu1147R,13.875,2.25,0.3380259498734174
iBsu1147R,13.875,3.0,0.356612420724225
iBsu1147R,13.875,3.75,0.375198891575036
iBsu1147R,13.875,4.5,0.39378536242584716
iBsu1147R,13.875,5.25,0.41237183327665766
iBsu1147R,13.875,6.0,0.43095830412746805
iBsu1147R,13.875,6.75,0.4495447749782791
iBsu1147R,13.875,7.5,0.4681312458290882
iBsu1147R,13.875,8.25,0.4867177166798986
iBsu1147R,13.875,9.0,0.5053041875307104
iBsu1147R,13.875,9.75,0.5238906583815224
iBsu1147R,13.875,10.5,0.5424771292323334
iBsu1147R,13.875,11.25,0.5545565412708972
iBsu1147R,13.875,12.0,0.5545565412708929
iBsu1147R,13.875,12.75,0.5545565412708929
iBsu1147R,13.875,13.5,0.5545565412708929
iBsu1147R,13.875,14.25,0.5545565412709145
iBsu1147R,13.875,15.0,0.5545565412709059
iBsu1147R,13.875,15.75,0.5545565412709059
iBsu1147R,13.875,16.5,0.5545565412709059
iBsu1147R,13.875,17.25,0.5545565412709059
iBsu1147R,13.875,18.0,0.5545565412709059
iBsu1147R,13.875,18.75,0.5545565412709059
iBsu1147R,13.875,19.5,0.5545565412709059
iBsu1147R,13.875,20.25,0.5545565412709059
iBsu1147R,13.875,21.0,0.5545565412709059
iBsu1147R,13.875,21.75,0.5545565412709059
iBsu1147R,13.875,22.5,0.5545565412709059
iBsu1147R,13.875,23.25,0.5545565412709059
iBsu1147R,13.875,24.0,0.5545565412709059
iBsu1147R,13.875,24.75,0.5545565412709059
iBsu1147R,13.875,25.5,0.5545565412709059
iBsu1147R,13.875,26.25,0.5545565412709059
iBsu1147R,13.875,27.0,0.5545565412709059
iBsu1147R,13.875,27.75,0.5545565412709059
iBsu1147R,13.875,28.5,0.5545565412709059
iBsu1147R,13.875,29.25,0.5545565412709059
iBsu1147R,13.875,30.0,0.5545565412709059
iBsu1147R,14.25,0.0,0.0
iBsu1147R,14.25,0.75,0.2994046275781816
iBsu1147R,14.25,1.5,0.3248278825366527
iBsu1147R,14.25,2.25,0.3466996362704602
iBsu1147R,14.25,3.0,0.3652861071212713
iBsu1147R,14.25,3.75,0.3838725779720815
iBsu1147R,14.25,4.5,0.40245904882289224
iBsu1147R,14.25,5.25,0.4210455196737035
iBsu1147R,14.25,6.0,0.4396319905245145
iBsu1147R,14.25,6.75,0.458218461375326
iBsu1147R,14.25,7.5,0.476804932226135
iBsu1147R,14.25,8.25,0.495391403076946
iBsu1147R,14.25,9.0,0.513977873927757
iBsu1147R,14.25,9.75,0.5325643447785685
iBsu1147R,14.25,10.5,0.551150815629379
iBsu1147R,14.25,11.25,0.5545565412709171
iBsu1147R,14.25,12.0,0.5545565412709104
iBsu1147R,14.25,12.75,0.5545565412709104
iBsu1147R,14.25,13.5,0.5545565412709104
iBsu1147R,14.25,14.25,0.5545565412709121
iBsu1147R,14.25,15.0,0.5545565412709059
iBsu1147R,14.25,15.75,0.5545565412709059
iBsu1147R,14.25,16.5,0.5545565412709059
iBsu1147R,14.25,17.25,0.5545565412709059
iBsu1147R,14.25,18.0,0.5545565412709059
iBsu1147R,14.25,18.75,0.5545565412709059
iBsu1147R,14.25,19.5,0.5545565412709059
iBsu1147R,14.25,20.25,0.5545565412709059
iBsu1147R,14.25,21.0,0.5545565412709059
iBsu1147R,14.25,21.75,0.5545565412709059
iBsu1147R,14.25,22.5,0.5545565412709059
iBsu1147R,14.25,23.25,0.5545565412709059
iBsu1147R,14.25,24.0,0.5545565412709059
iBsu1147R,14.25,24.75,0.5545565412709059
iBsu1147R,14.25,25.5,0.5545565412709059
iBsu1147R,14.25,26.25,0.5545565412709059
iBsu1147R,14.25,27.0,0.5545565412709059
iBsu1147R,14.25,27.75,0.5545565412709059
iBsu1147R,14.25,28.5,0.5545565412709059
iBsu1147R,14.25,29.25,0.5545565412709059
iBsu1147R,14.25,30.0,0.5545565412709059
iBsu1147R,14.625,0.0,0.0
iBsu1147R,14.625,0.75,0.3075880630987202
iBsu1147R,14.625,1.5,0.33308901891856
iBsu1147R,14.625,2.25,0.3553733226675038
iBsu1147R,14.625,3.0,0.3739597935183161
iBsu1147R,14.625,3.75,0.3925462643691264
iBsu1147R,14.625,4.5,0.4111327352199373
iBsu1147R,14.625,5.25,0.4297192060707486
iBsu1147R,14.625,6.0,0.4483056769215596
iBsu1147R,14.625,6.75,0.4668921477723711
iBsu1147R,14.625,7.5,0.48547861862318004
iBsu1147R,14.625,8.25,0.5040650894739911
iBsu1147R,14.625,9.0,0.5226515603248021
iBsu1147R,14.625,9.75,0.5412380311756135
iBsu1147R,14.625,10.5,0.5545565412709016
iBsu1147R,14.625,11.25,0.5545565412709104
iBsu1147R,14.625,12.0,0.5545565412709104
iBsu1147R,14.625,12.75,0.5545565412709104
iBsu1147R,14.625,13.5,0.5545565412709104
iBsu1147R,14.625,14.25,0.5545565412708977
iBsu1147R,14.625,15.0,0.5545565412709129
iBsu1147R,14.625,15.75,0.5545565412709129
iBsu1147R,14.625,16.5,0.5545565412709129
iBsu1147R,14.625,17.25,0.5545565412709129
iBsu1147R,14.625,18.0,0.5545565412709129
iBsu1147R,14.625,18.75,0.5545565412709129
iBsu1147R,14.625,19.5,0.5545565412709129
iBsu1147R,14.625,20.25,0.5545565412709129
iBsu1147R,14.625,21.0,0.5545565412709129
iBsu1147R,14.625,21.75,0.5545565412709129
iBsu1147R,14.625,22.5,0.5545565412709129
iBsu1147R,14.625,23.25,0.5545565412709129
iBsu1147R,14.625,24.0,0.5545565412709129
iBsu1147R,14.625,24.75,0.5545565412709129
iBsu1147R,14.625,25.5,0.5545565412709129
iBsu1147R,14.625,26.25,0.5545565412709129
iBsu1147R,14.625,27.0,0.5545565412709129
iBsu1147R,14.625,27.75,0.5545565412709129
iBsu1147R,14.625,28.5,0.5545565412709129
iBsu1147R,14.625,29.25,0.5545565412709129
iBsu1147R,14.625,30.0,0.5545565412709129
iBsu1147R,15.0,0.0,0.0
iBsu1147R,15.0,0.75,0.3157714986192611
iBsu1147R,15.0,1.5,0.3413501553004702
iBsu1147R,15.0,2.25,0.364047009064549
iBsu1147R,15.0,3.0,0.3826334799153599
iBsu1147R,15.0,3.75,0.40121995076617006
iBsu1147R,15.0,4.5,0.419806421616981
iBsu1147R,15.0,5.25,0.4383928924677922
iBsu1147R,15.0,6.0,0.45697936331860306
iBsu1147R,15.0,6.75,0.4755658341694145
iBsu1147R,15.0,7.5,0.4941523050202234
iBsu1147R,15.0,8.25,0.5127387758710338
iBsu1147R,15.0,9.0,0.5313252467218448
iBsu1147R,15.0,9.75,0.5499117175726562
iBsu1147R,15.0,10.5,0.5545565412709024
iBsu1147R,15.0,11.25,0.5545565412709024
iBsu1147R,15.0,12.0,0.5545565412709024
iBsu1147R,15.0,12.75,0.5545565412709024
iBsu1147R,15.0,13.5,0.5545565412709024
iBsu1147R,15.0,14.25,0.5545565412709139
iBsu1147R,15.0,15.0,0.5545565412709065
iBsu1147R,15.0,15.75,0.5545565412709065
iBsu1147R,15.0,16.5,0.5545565412709065
iBsu1147R,15.0,17.25,0.5545565412709065
iBsu1147R,15.0,18.0,0.5545565412709065
iBsu1147R,15.0,18.75,0.5545565412709065
iBsu1147R,15.0,19.5,0.5545565412709065
iBsu1147R,15.0,20.25,0.5545565412709065
iBsu1147R,15.0,21.0,0.5545565412709065
iBsu1147R,15.0,21.75,0.5545565412709065
iBsu1147R,15.0,22.5,0.5545565412709065
iBsu1147R,15.0,23.25,0.5545565412709065
iBsu1147R,15.0,24.0,0.5545565412709065
iBsu1147R,15.0,24.75,0.5545565412709065
iBsu1147R,15.0,25.5,0.5545565412709065
iBsu1147R,15.0,26.25,0.5545565412709065
iBsu1147R,15.0,27.0,0.5545565412709065
iBsu1147R,15.0,27.75,0.5545565412709065
iBsu1147R,15.0,28.5,0.5545565412709065
iBsu1147R,15.0,29.25,0.5545565412709065
iBsu1147R,15.0,30.0,0.5545565412709065
ecBSU1,0.0,0.0,0.0
ecBSU1,0.0,0.75,0.0
ecBSU1,0.0,1.5,0.0
ecBSU1,0.0,2.25,0.0
ecBSU1,0.0,3.0,0.0
ecBSU1,0.0,3.75,0.0
ecBSU1,0.0,4.5,0.0
ecBSU1,0.0,5.25,0.0
ecBSU1,0.0,6.0,0.0
ecBSU1,0.0,6.75,0.0
ecBSU1,0.0,7.5,0.0
ecBSU1,0.0,8.25,0.0
ecBSU1,0.0,9.0,0.0
ecBSU1,0.0,9.75,0.0
ecBSU1,0.0,10.5,0.0
ecBSU1,0.0,11.25,0.0
ecBSU1,0.0,12.0,0.0
ecBSU1,0.0,12.75,0.0
ecBSU1,0.0,13.5,0.0
ecBSU1,0.0,14.25,0.0
ecBSU1,0.0,15.0,0.0
ecBSU1,0.0,15.75,0.0
ecBSU1,0.0,16.5,0.0
ecBSU1,0.0,17.25,0.0
ecBSU1,0.0,18.0,0.0
ecBSU1,0.0,18.75,0.0
ecBSU1,0.0,19.5,0.0
ecBSU1,0.0,20.25,0.0
ecBSU1,0.0,21.0,0.0
ecBSU1,0.0,21.75,0.0
ecBSU1,0.0,22.5,0.0
ecBSU1,0.0,23.25,0.0
ecBSU1,0.0,24.0,0.0
ecBSU1,0.0,24.75,0.0
ecBSU1,0.0,25.5,0.0
ecBSU1,0.0,26.25,0.0
ecBSU1,0.0,27.0,0.0
ecBSU1,0.0,27.75,0.0
ecBSU1,0.0,28.5,0.0
ecBSU1,0.0,29.25,0.0
ecBSU1,0.0,30.0,0.0
ecBSU1,0.375,0.0,0.0
ecBSU1,0.375,0.75,0.0
ecBSU1,0.375,1.5,0.005728542916983231
ecBSU1,0.375,2.25,0.011496490189837743
ecBSU1,0.375,3.0,0.011496490189837756
ecBSU1,0.375,3.75,0.011496490189837756
ecBSU1,0.375,4.5,0.011496490189837756
ecBSU1,0.375,5.25,0.011496490189837756
ecBSU1,0.375,6.0,0.011496490189837756
ecBSU1,0.375,6.75,0.011496490189837756
ecBSU1,0.375,7.5,0.011496490189837756
ecBSU1,0.375,8.25,0.011496490189837756
ecBSU1,0.375,9.0,0.011496490189837756
ecBSU1,0.375,9.75,0.011496490189837756
ecBSU1,0.375,10.5,0.011496490189837756
ecBSU1,0.375,11.25,0.011496490189837756
ecBSU1,0.375,12.0,0.011496490189837756
ecBSU1,0.375,12.75,0.011496490189837756
ecBSU1,0.375,13.5,0.011496490189837756
ecBSU1,0.375,14.25,0.011496490189837756
ecBSU1,0.375,15.0,0.011496490189837756
ecBSU1,0.375,15.75,0.011496490189837756
ecBSU1,0.375,16.5,0.011496490189837756
ecBSU1,0.375,17.25,0.011496490189837756
ecBSU1,0.375,18.0,0.011496490189837756
ecBSU1,0.375,18.75,0.011496490189837756
ecBSU1,0.375,19.5,0.011496490189837756
ecBSU1,0.375,20.25,0.011496490189837756
ecBSU1,0.375,21.0,0.011496490189837756
ecBSU1,0.375,21.75,0.011496490189837756
ecBSU1,0.375,22.5,0.011496490189837756
ecBSU1,0.375,23.25,0.011496490189837756
ecBSU1,0.375,24.0,0.011496490189837756
ecBSU1,0.375,24.75,0.011496490189837756
ecBSU1,0.375,25.5,0.011496490189837756
ecBSU1,0.375,26.25,0.011496490189837756
ecBSU1,0.375,27.0,0.011496490189837756
ecBSU1,0.375,27.75,0.011496490189837756
ecBSU1,0.375,28.5,0.011496490189837756
ecBSU1,0.375,29.25,0.011496490189837756
ecBSU1,0.375,30.0,0.011496490189837756
ecBSU1,0.75,0.0,0.0
ecBSU1,0.75,0.75,0.0
ecBSU1,0.75,1.5,0.015557555592227181
ecBSU1,0.75,2.25,0.03257363202122605
ecBSU1,0.75,3.0,0.04259355381808767
ecBSU1,0.75,3.75,0.042593553818087444
ecBSU1,0.75,4.5,0.042593553818087444
ecBSU1,0.75,5.25,0.042593553818087444
ecBSU1,0.75,6.0,0.042593553818087444
ecBSU1,0.75,6.75,0.042593553818087444
ecBSU1,0.75,7.5,0.042593553818087444
ecBSU1,0.75,8.25,0.042593553818087444
ecBSU1,0.75,9.0,0.042593553818087444
ecBSU1,0.75,9.75,0.042593553818087444
ecBSU1,0.75,10.5,0.042593553818087444
ecBSU1,0.75,11.25,0.042593553818087444
ecBSU1,0.75,12.0,0.042593553818087444
ecBSU1,0.75,12.75,0.042593553818087444
ecBSU1,0.75,13.5,0.042593553818087444
ecBSU1,0.75,14.25,0.042593553818087444
ecBSU1,0.75,15.0,0.042593553818087444
ecBSU1,0.75,15.75,0.042593553818087444
ecBSU1,0.75,16.5,0.042593553818087444
ecBSU1,0.75,17.25,0.042593553818087444
ecBSU1,0.75,18.0,0.042593553818087444
ecBSU1,0.75,18.75,0.042593553818087444
ecBSU1,0.75,19.5,0.042593553818087444
ecBSU1,0.75,20.25,0.042593553818087444
ecBSU1,0.75,21.0,0.042593553818087444
ecBSU1,0.75,21.75,0.042593553818087444
ecBSU1,0.75,22.5,0.042593553818087444
ecBSU1,0.75,23.25,0.042593553818087444
ecBSU1,0.75,24.0,0.042593553818087444
ecBSU1,0.75,24.75,0.042593553818087444
ecBSU1,0.75,25.5,0.042593553818087444
ecBSU1,0.75,26.25,0.042593553818087444
ecBSU1,0.75,27.0,0.042593553818087444
ecBSU1,0.75,27.75,0.042593553818087444
ecBSU1,0.75,28.5,0.042593553818087444
ecBSU1,0.75,29.25,0.042593553818087444
ecBSU1,0.75,30.0,0.042593553818087444
ecBSU1,1.125,0.0,0.0
ecBSU1,1.125,0.75,0.005947671892316097
ecBSU1,1.125,1.5,0.02453414655580387
ecBSU1,1.125,2.25,0.042297104266367395
ecBSU1,1.125,3.0,0.059313180695365675
ecBSU1,1.125,3.75,0.07369061744633726
ecBSU1,1.125,4.5,0.07369061744633726
ecBSU1,1.125,5.25,0.07369061744633726
ecBSU1,1.125,6.0,0.07369061744633726
ecBSU1,1.125,6.75,0.07369061744633726
ecBSU1,1.125,7.5,0.07369061744633726
ecBSU1,1.125,8.25,0.07369061744633726
ecBSU1,1.125,9.0,0.07369061744633726
ecBSU1,1.125,9.75,0.07369061744633726
ecBSU1,1.125,10.5,0.07369061744633726
ecBSU1,1.125,11.25,0.07369061744633726
ecBSU1,1.125,12.0,0.07369061744633726
ecBSU1,1.125,12.75,0.07369061744633726
ecBSU1,1.125,13.5,0.07369061744633726
ecBSU1,1.125,14.25,0.07369061744633726
ecBSU1,1.125,15.0,0.07369061744633726
ecBSU1,1.125,15.75,0.07369061744633726
ecBSU1,1.125,16.5,0.07369061744633726
ecBSU1,1.125,17.25,0.07369061744633726
ecBSU1,1.125,18.0,0.07369061744633726
ecBSU1,1.125,18.75,0.07369061744633726
ecBSU1,1.125,19.5,0.07369061744633726
ecBSU1,1.125,20.25,0.07369061744633726
ecBSU1,1.125,21.0,0.07369061744633726
ecBSU1,1.125,21.75,0.07369061744633726
ecBSU1,1.125,22.5,0.07369061744633726
ecBSU1,1.125,23.25,0.07369061744633726
ecBSU1,1.125,24.0,0.07369061744633726
ecBSU1,1.125,24.75,0.07369061744633726
ecBSU1,1.125,25.5,0.07369061744633726
ecBSU1,1.125,26.25,0.07369061744633726
ecBSU1,1.125,27.0,0.07369061744633726
ecBSU1,1.125,27.75,0.07369061744633726
ecBSU1,1.125,28.5,0.07369061744633726
ecBSU1,1.125,29.25,0.07369061744633726
ecBSU1,1.125,30.0,0.07369061744633726
ecBSU1,1.5,0.0,0.0
ecBSU1,1.5,0.75,0.014621360068610399
ecBSU1,1.5,1.5,0.033207834732098214
ecBSU1,1.5,2.25,0.05179430939558593
ecBSU1,1.5,3.0,0.06903665294050787
ecBSU1,1.5,3.75,0.08605272936950636
ecBSU1,1.5,4.5,0.1023977046410752
ecBSU1,1.5,5.25,0.10478768107458658
ecBSU1,1.5,6.0,0.1047876810745872
ecBSU1,1.5,6.75,0.1047876810745872
ecBSU1,1.5,7.5,0.1047876810745872
ecBSU1,1.5,8.25,0.1047876810745872
ecBSU1,1.5,9.0,0.1047876810745872
ecBSU1,1.5,9.75,0.1047876810745872
ecBSU1,1.5,10.5,0.1047876810745872
ecBSU1,1.5,11.25,0.1047876810745872
ecBSU1,1.5,12.0,0.1047876810745872
ecBSU1,1.5,12.75,0.1047876810745872
ecBSU1,1.5,13.5,0.1047876810745872
ecBSU1,1.5,14.25,0.1047876810745872
ecBSU1,1.5,15.0,0.1047876810745872
ecBSU1,1.5,15.75,0.1047876810745872
ecBSU1,1.5,16.5,0.1047876810745872
ecBSU1,1.5,17.25,0.1047876810745872
ecBSU1,1.5,18.0,0.1047876810745872
ecBSU1,1.5,18.75,0.1047876810745872
ecBSU1,1.5,19.5,0.1047876810745872
ecBSU1,1.5,20.25,0.1047876810745872
ecBSU1,1.5,21.0,0.1047876810745872
ecBSU1,1.5,21.75,0.1047876810745872
ecBSU1,1.5,22.5,0.1047876810745872
ecBSU1,1.5,23.25,0.1047876810745872
ecBSU1,1.5,24.0,0.1047876810745872
ecBSU1,1.5,24.75,0.1047876810745872
ecBSU1,1.5,25.5,0.1047876810745872
ecBSU1,1.5,26.25,0.1047876810745872
ecBSU1,1.5,27.0,0.1047876810745872
ecBSU1,1.5,27.75,0.1047876810745872
ecBSU1,1.5,28.5,0.1047876810745872
ecBSU1,1.5,29.25,0.1047876810745872
ecBSU1,1.5,30.0,0.1047876810745872
ecBSU1,1.875,0.0,0.0
ecBSU1,1.875,0.75,0.02329504824490463
ecBSU1,1.875,1.5,0.04188152290839238
ecBSU1,1.875,2.25,0.060467997571880136
ecBSU1,1.875,3.0,0.07876012518565001
ecBSU1,1.875,3.75,0.09577620161464849
ecBSU1,1.875,4.5,0.11279227804364655
ecBSU1,1.875,5.25,0.12925024956443382
ecBSU1,1.875,6.0,0.13588474470283682
ecBSU1,1.875,6.75,0.1358847447028361
ecBSU1,1.875,7.5,0.1358847447028361
ecBSU1,1.875,8.25,0.1358847447028361
ecBSU1,1.875,9.0,0.1358847447028361
ecBSU1,1.875,9.75,0.1358847447028361
ecBSU1,1.875,10.5,0.1358847447028361
ecBSU1,1.875,11.25,0.1358847447028361
ecBSU1,1.875,12.0,0.1358847447028361
ecBSU1,1.875,12.75,0.1358847447028361
ecBSU1,1.875,13.5,0.1358847447028361
ecBSU1,1.875,14.25,0.1358847447028361
ecBSU1,1.875,15.0,0.1358847447028361
ecBSU1,1.875,15.75,0.1358847447028361
ecBSU1,1.875,16.5,0.1358847447028361
ecBSU1,1.875,17.25,0.1358847447028361
ecBSU1,1.875,18.0,0.1358847447028361
ecBSU1,1.875,18.75,0.1358847447028361
ecBSU1,1.875,19.5,0.1358847447028361
ecBSU1,1.875,20.25,0.1358847447028361
ecBSU1,1.875,21.0,0.1358847447028361
ecBSU1,1.875,21.75,0.1358847447028361
ecBSU1,1.875,22.5,0.1358847447028361
ecBSU1,1.875,23.25,0.1358847447028361
ecBSU1,1.875,24.0,0.1358847447028361
ecBSU1,1.875,24.75,0.1358847447028361
ecBSU1,1.875,25.5,0.1358847447028361
ecBSU1,1.875,26.25,0.1358847447028361
ecBSU1,1.875,27.0,0.1358847447028361
ecBSU1,1.875,27.75,0.1358847447028361
ecBSU1,1.875,28.5,0.1358847447028361
ecBSU1,1.875,29.25,0.1358847447028361
ecBSU1,1.875,30.0,0.1358847447028361
ecBSU1,2.25,0.0,0.0
ecBSU1,2.25,0.75,0.03196873642119899
ecBSU1,2.25,1.5,0.050555211084686774
ecBSU1,2.25,2.25,0.06914168574817457
ecBSU1,2.25,3.0,0.08772816041166234
ecBSU1,2.25,3.75,0.1054996738597904
ecBSU1,2.25,4.5,0.12251575028878896
ecBSU1,2.25,5.25,0.1395318267177874
ecBSU1,2.25,6.0,0.1561027944877927
ecBSU1,2.25,6.75,0.1669818083310864
ecBSU1,2.25,7.5,0.16698180833108608
ecBSU1,2.25,8.25,0.16698180833108608
ecBSU1,2.25,9.0,0.16698180833108608
ecBSU1,2.25,9.75,0.16698180833108608
ecBSU1,2.25,10.5,0.16698180833108608
ecBSU1,2.25,11.25,0.16698180833108608
ecBSU1,2.25,12.0,0.16698180833108608
ecBSU1,2.25,12.75,0.16698180833108608
ecBSU1,2.25,13.5,0.16698180833108608
ecBSU1,2.25,14.25,0.16698180833108608
ecBSU1,2.25,15.0,0.16698180833108608
ecBSU1,2.25,15.75,0.16698180833108608
ecBSU1,2.25,16.5,0.16698180833108608
ecBSU1,2.25,17.25,0.16698180833108608
ecBSU1,2.25,18.0,0.16698180833108608
ecBSU1,2.25,18.75,0.16698180833108608
ecBSU1,2.25,19.5,0.16698180833108608
ecBSU1,2.25,20.25,0.16698180833108608
ecBSU1,2.25,21.0,0.16698180833108608
ecBSU1,2.25,21.75,0.16698180833108608
ecBSU1,2.25,22.5,0.16698180833108608
ecBSU1,2.25,23.25,0.16698180833108608
ecBSU1,2.25,24.0,0.16698180833108608
ecBSU1,2.25,24.75,0.16698180833108608
ecBSU1,2.25,25.5,0.16698180833108608
ecBSU1,2.25,26.25,0.16698180833108608
ecBSU1,2.25,27.0,0.16698180833108608
ecBSU1,2.25,27.75,0.16698180833108608
ecBSU1,2.25,28.5,0.16698180833108608
ecBSU1,2.25,29.25,0.16698180833108608
ecBSU1,2.25,30.0,0.16698180833108608
ecBSU1,2.625,0.0,0.0
ecBSU1,2.625,0.75,0.04064242459749328
ecBSU1,2.625,1.5,0.059228899260980995
ecBSU1,2.625,2.25,0.07781537392446876
ecBSU1,2.625,3.0,0.09640184858795653
ecBSU1,2.625,3.75,0.11498832325144431
ecBSU1,2.625,4.5,0.13223922253393053
ecBSU1,2.625,5.25,0.14925529896292927
ecBSU1,2.625,6.0,0.1662713753919279
ecBSU1,2.625,6.75,0.18295533941115139
ecBSU1,2.625,7.5,0.1980788719593353
ecBSU1,2.625,8.25,0.198078871959336
ecBSU1,2.625,9.0,0.198078871959336
ecBSU1,2.625,9.75,0.198078871959336
ecBSU1,2.625,10.5,0.198078871959336
ecBSU1,2.625,11.25,0.198078871959336
ecBSU1,2.625,12.0,0.198078871959336
ecBSU1,2.625,12.75,0.198078871959336
ecBSU1,2.625,13.5,0.198078871959336
ecBSU1,2.625,14.25,0.198078871959336
ecBSU1,2.625,15.0,0.198078871959336
ecBSU1,2.625,15.75,0.198078871959336
ecBSU1,2.625,16.5,0.198078871959336
ecBSU1,2.625,17.25,0.198078871959336
ecBSU1,2.625,18.0,0.198078871959336
ecBSU1,2.625,18.75,0.198078871959336
ecBSU1,2.625,19.5,0.198078871959336
ecBSU1,2.625,20.25,0.198078871959336
ecBSU1,2.625,21.0,0.198078871959336
ecBSU1,2.625,21.75,0.198078871959336
ecBSU1,2.625,22.5,0.198078871959336
ecBSU1,2.625,23.25,0.198078871959336
ecBSU1,2.625,24.0,0.198078871959336
ecBSU1,2.625,24.75,0.198078871959336
ecBSU1,2.625,25.5,0.198078871959336
ecBSU1,2.625,26.25,0.198078871959336
ecBSU1,2.625,27.0,0.198078871959336
ecBSU1,2.625,27.75,0.198078871959336
ecBSU1,2.625,28.5,0.198078871959336
ecBSU1,2.625,29.25,0.198078871959336
ecBSU1,2.625,30.0,0.198078871959336
ecBSU1,3.0,0.0,0.0
ecBSU1,3.0,0.75,0.04931611277378767
ecBSU1,3.0,1.5,0.06790258743727536
ecBSU1,3.0,2.25,0.08648906210076313
ecBSU1,3.0,3.0,0.1050755367642509
ecBSU1,3.0,3.75,0.12366201142773871
ecBSU1,3.0,4.5,0.14196269477907258
ecBSU1,3.0,5.25,0.1589787712080711
ecBSU1,3.0,6.0,0.17599484763706988
ecBSU1,3.0,6.75,0.19301092406606835
ecBSU1,3.0,7.5,0.20980788433451103
ecBSU1,3.0,8.25,0.2259194112885262
ecBSU1,3.0,9.0,0.22917593558758706
ecBSU1,3.0,9.75,0.22917593558758578
ecBSU1,3.0,10.5,0.22917593558758578
ecBSU1,3.0,11.25,0.22917593558758578
ecBSU1,3.0,12.0,0.22917593558758578
ecBSU1,3.0,12.75,0.22917593558758578
ecBSU1,3.0,13.5,0.22917593558758578
ecBSU1,3.0,14.25,0.22917593558758578
ecBSU1,3.0,15.0,0.22917593558758578
ecBSU1,3.0,15.75,0.22917593558758578
ecBSU1,3.0,16.5,0.22917593558758578
ecBSU1,3.0,17.25,0.22917593558758578
ecBSU1,3.0,18.0,0.22917593558758578
ecBSU1,3.0,18.75,0.22917593558758578
ecBSU1,3.0,19.5,0.22917593558758578
ecBSU1,3.0,20.25,0.22917593558758578
ecBSU1,3.0,21.0,0.22917593558758578
ecBSU1,3.0,21.75,0.22917593558758578
ecBSU1,3.0,22.5,0.22917593558758578
ecBSU1,3.0,23.25,0.22917593558758578
ecBSU1,3.0,24.0,0.22917593558758578
ecBSU1,3.0,24.75,0.22917593558758578
ecBSU1,3.0,25.5,0.22917593558758578
ecBSU1,3.0,26.25,0.22917593558758578
ecBSU1,3.0,27.0,0.22917593558758578
ecBSU1,3.0,27.75,0.22917593558758578
ecBSU1,3.0,28.5,0.22917593558758578
ecBSU1,3.0,29.25,0.22917593558758578
ecBSU1,3.0,30.0,0.22917593558758578
ecBSU1,3.375,0.0,0.0
ecBSU1,3.375,0.75,0.057989800950081875
ecBSU1,3.375,1.5,0.07657627561356965
ecBSU1,3.375,2.25,0.09516275027705742
ecBSU1,3.375,3.0,0.1137492249405452
ecBSU1,3.375,3.75,0.13233569960403302
ecBSU1,3.375,4.5,0.15092217426752078
ecBSU1,3.375,5.25,0.16870224345321283
ecBSU1,3.375,6.0,0.18571831988221066
ecBSU1,3.375,6.75,0.20273439631120982
ecBSU1,3.375,7.5,0.21975047274020873
ecBSU1,3.375,8.25,0.236660429257869
ecBSU1,3.375,9.0,0.2527719562118847
ecBSU1,3.375,9.75,0.26027299921583547
ecBSU1,3.375,10.5,0.26027299921583685
ecBSU1,3.375,11.25,0.26027299921583685
ecBSU1,3.375,12.0,0.26027299921583685
ecBSU1,3.375,12.75,0.26027299921583685
ecBSU1,3.375,13.5,0.26027299921583685
ecBSU1,3.375,14.25,0.26027299921583685
ecBSU1,3.375,15.0,0.26027299921583685
ecBSU1,3.375,15.75,0.26027299921583685
ecBSU1,3.375,16.5,0.26027299921583685
ecBSU1,3.375,17.25,0.26027299921583685
ecBSU1,3.375,18.0,0.26027299921583685
ecBSU1,3.375,18.75,0.26027299921583685
ecBSU1,3.375,19.5,0.26027299921583685
ecBSU1,3.375,20.25,0.26027299921583685
ecBSU1,3.375,21.0,0.26027299921583685
ecBSU1,3.375,21.75,0.26027299921583685
ecBSU1,3.375,22.5,0.26027299921583685
ecBSU1,3.375,23.25,0.26027299921583685
ecBSU1,3.375,24.0,0.26027299921583685
ecBSU1,3.375,24.75,0.26027299921583685
ecBSU1,3.375,25.5,0.26027299921583685
ecBSU1,3.375,26.25,0.26027299921583685
ecBSU1,3.375,27.0,0.26027299921583685
ecBSU1,3.375,27.75,0.26027299921583685
ecBSU1,3.375,28.5,0.26027299921583685
ecBSU1,3.375,29.25,0.26027299921583685
ecBSU1,3.375,30.0,0.26027299921583685
ecBSU1,3.75,0.0,0.0
ecBSU1,3.75,0.75,0.06666348912637611
ecBSU1,3.75,1.5,0.0852499637898639
ecBSU1,3.75,2.25,0.10383643845335166
ecBSU1,3.75,3.0,0.12242291311683944
ecBSU1,3.75,3.75,0.14100938778032726
ecBSU1,3.75,4.5,0.15959586244381502
ecBSU1,3.75,5.25,0.17818233710730283
ecBSU1,3.75,6.0,0.19544179212735396
ecBSU1,3.75,6.75,0.21245786855635204
ecBSU1,3.75,7.5,0.2294739449853506
ecBSU1,3.75,8.25,0.2464900214143492
ecBSU1,3.75,9.0,0.26350609784334794
ecBSU1,3.75,9.75,0.2796245011352438
ecBSU1,3.75,10.5,0.29137006284408523
ecBSU1,3.75,11.25,0.29137006284408523
ecBSU1,3.75,12.0,0.29137006284408523
ecBSU1,3.75,12.75,0.29137006284408523
ecBSU1,3.75,13.5,0.29137006284408523
ecBSU1,3.75,14.25,0.29137006284408523
ecBSU1,3.75,15.0,0.29137006284408523
ecBSU1,3.75,15.75,0.29137006284408523
ecBSU1,3.75,16.5,0.29137006284408523
ecBSU1,3.75,17.25,0.29137006284408523
ecBSU1,3.75,18.0,0.29137006284408523
ecBSU1,3.75,18.75,0.29137006284408523
ecBSU1,3.75,19.5,0.29137006284408523
ecBSU1,3.75,20.25,0.29137006284408523
ecBSU1,3.75,21.0,0.29137006284408523
ecBSU1,3.75,21.75,0.29137006284408523
ecBSU1,3.75,22.5,0.29137006284408523
ecBSU1,3.75,23.25,0.29137006284408523
ecBSU1,3.75,24.0,0.29137006284408523
ecBSU1,3.75,24.75,0.29137006284408523
ecBSU1,3.75,25.5,0.29137006284408523
ecBSU1,3.75,26.25,0.29137006284408523
ecBSU1,3.75,27.0,0.29137006284408523
ecBSU1,3.75,27.75,0.29137006284408523
ecBSU1,3.75,28.5,0.29137006284408523
ecBSU1,3.75,29.25,0.29137006284408523
ecBSU1,3.75,30.0,0.29137006284408523
ecBSU1,4.125,0.0,0.0
ecBSU1,4.125,0.75,0.07533717730267041
ecBSU1,4.125,1.5,0.09392365196615816
ecBSU1,4.125,2.25,0.11251012662964592
ecBSU1,4.125,3.0,0.1310966012931337
ecBSU1,4.125,3.75,0.1496830759566215
ecBSU1,4.125,4.5,0.16826955062010926
ecBSU1,4.125,5.25,0.18685602528359702
ecBSU1,4.125,6.0,0.2051652643724957
ecBSU1,4.125,6.75,0.22218134080149424
ecBSU1,4.125,7.5,0.23919741723049306
ecBSU1,4.125,8.25,0.2562134936594912
ecBSU1,4.125,9.0,0.2732295700884894
ecBSU1,4.125,9.75,0.29024564651748774
ecBSU1,4.125,10.5,0.3064770460586033
ecBSU1,4.125,11.25,0.32246712647233644
ecBSU1,4.125,12.0,0.32246712647233644
ecBSU1,4.125,12.75,0.32246712647233644
ecBSU1,4.125,13.5,0.32246712647233644
ecBSU1,4.125,14.25,0.32246712647233644
ecBSU1,4.125,15.0,0.32246712647233644
ecBSU1,4.125,15.75,0.32246712647233644
ecBSU1,4.125,16.5,0.32246712647233644
ecBSU1,4.125,17.25,0.32246712647233644
ecBSU1,4.125,18.0,0.32246712647233644
ecBSU1,4.125,18.75,0.32246712647233644
ecBSU1,4.125,19.5,0.32246712647233644
ecBSU1,4.125,20.25,0.32246712647233644
ecBSU1,4.125,21.0,0.32246712647233644
ecBSU1,4.125,21.75,0.32246712647233644
ecBSU1,4.125,22.5,0.32246712647233644
ecBSU1,4.125,23.25,0.32246712647233644
ecBSU1,4.125,24.0,0.32246712647233644
ecBSU1,4.125,24.75,0.32246712647233644
ecBSU1,4.125,25.5,0.32246712647233644
ecBSU1,4.125,26.25,0.32246712647233644
ecBSU1,4.125,27.0,0.32246712647233644
ecBSU1,4.125,27.75,0.32246712647233644
ecBSU1,4.125,28.5,0.32246712647233644
ecBSU1,4.125,29.25,0.32246712647233644
ecBSU1,4.125,30.0,0.32246712647233644
ecBSU1,4.5,0.0,0.0
ecBSU1,4.5,0.75,0.08401086547896472
ecBSU1,4.5,1.5,0.1025973401424525
ecBSU1,4.5,2.25,0.12118381480594029
ecBSU1,4.5,3.0,0.13977028946942807
ecBSU1,4.5,3.75,0.15835676413291588
ecBSU1,4.5,4.5,0.17694323879640364
ecBSU1,4.5,5.25,0.19552971345989142
ecBSU1,4.5,6.0,0.21411618812337915
ecBSU1,4.5,6.75,0.23190481304663593
ecBSU1,4.5,7.5,0.24892088947563482
ecBSU1,4.5,8.25,0.26593696590463256
ecBSU1,4.5,9.0,0.282953042333631
ecBSU1,4.5,9.75,0.2999691187626294
ecBSU1,4.5,10.5,0.3169851951916278
ecBSU1,4.5,11.25,0.3333295909819608
ecBSU1,4.5,12.0,0.34944111793597726
ecBSU1,4.5,12.75,0.3535641901005829
ecBSU1,4.5,13.5,0.3535641901005829
ecBSU1,4.5,14.25,0.3535641901005829
ecBSU1,4.5,15.0,0.3535641901005829
ecBSU1,4.5,15.75,0.3535641901005829
ecBSU1,4.5,16.5,0.3535641901005829
ecBSU1,4.5,17.25,0.3535641901005829
ecBSU1,4.5,18.0,0.3535641901005829
ecBSU1,4.5,18.75,0.3535641901005829
ecBSU1,4.5,19.5,0.3535641901005829
ecBSU1,4.5,20.25,0.3535641901005829
ecBSU1,4.5,21.0,0.3535641901005829
ecBSU1,4.5,21.75,0.3535641901005829
ecBSU1,4.5,22.5,0.3535641901005829
ecBSU1,4.5,23.25,0.3535641901005829
ecBSU1,4.5,24.0,0.3535641901005829
ecBSU1,4.5,24.75,0.3535641901005829
ecBSU1,4.5,25.5,0.3535641901005829
ecBSU1,4.5,26.25,0.3535641901005829
ecBSU1,4.5,27.0,0.3535641901005829
ecBSU1,4.5,27.75,0.3535641901005829
ecBSU1,4.5,28.5,0.3535641901005829
ecBSU1,4.5,29.25,0.3535641901005829
ecBSU1,4.5,30.0,0.3535641901005829
ecBSU1,4.875,0.0,0.0
ecBSU1,4.875,0.75,0.09268455365525918
ecBSU1,4.875,1.5,0.11127102831874701
ecBSU1,4.875,2.25,0.1298575029822348
ecBSU1,4.875,3.0,0.14844397764572262
ecBSU1,4.875,3.75,0.16703045230921046
ecBSU1,4.875,4.5,0.18561692697269827
ecBSU1,4.875,5.25,0.20420340163618605
ecBSU1,4.875,6.0,0.2227898762996738
ecBSU1,4.875,6.75,0.24137635096316165
ecBSU1,4.875,7.5,0.2586443617207771
ecBSU1,4.875,8.25,0.27566043814977487
ecBSU1,4.875,9.0,0.29267651457877325
ecBSU1,4.875,9.75,0.3096925910077719
ecBSU1,4.875,10.5,0.32670866743677046
ecBSU1,4.875,11.25,0.3437247438657687
ecBSU1,4.875,12.0,0.36018213590532044
ecBSU1,4.875,12.75,0.3762936628593355
ecBSU1,4.875,13.5,0.38466125372883253
ecBSU1,4.875,14.25,0.38466125372883125
ecBSU1,4.875,15.0,0.38466125372883125
ecBSU1,4.875,15.75,0.38466125372883125
ecBSU1,4.875,16.5,0.38466125372883125
ecBSU1,4.875,17.25,0.38466125372883125
ecBSU1,4.875,18.0,0.38466125372883125
ecBSU1,4.875,18.75,0.38466125372883125
ecBSU1,4.875,19.5,0.38466125372883125
ecBSU1,4.875,20.25,0.38466125372883125
ecBSU1,4.875,21.0,0.38466125372883125
ecBSU1,4.875,21.75,0.38466125372883125
ecBSU1,4.875,22.5,0.38466125372883125
ecBSU1,4.875,23.25,0.38466125372883125
ecBSU1,4.875,24.0,0.38466125372883125
ecBSU1,4.875,24.75,0.38466125372883125
ecBSU1,4.875,25.5,0.38466125372883125
ecBSU1,4.875,26.25,0.38466125372883125
ecBSU1,4.875,27.0,0.38466125372883125
ecBSU1,4.875,27.75,0.38466125372883125
ecBSU1,4.875,28.5,0.38466125372883125
ecBSU1,4.875,29.25,0.38466125372883125
ecBSU1,4.875,30.0,0.38466125372883125
ecBSU1,5.25,0.0,0.0
ecBSU1,5.25,0.75,0.10135824183155401
ecBSU1,5.25,1.5,0.11994471649504182
ecBSU1,5.25,2.25,0.13853119115852963
ecBSU1,5.25,3.0,0.15711766582201744
ecBSU1,5.25,3.75,0.17570414048550526
ecBSU1,5.25,4.5,0.19429061514899304
ecBSU1,5.25,5.25,0.21287708981248085
ecBSU1,5.25,6.0,0.2314635644759687
ecBSU1,5.25,6.75,0.25005003913945645
ecBSU1,5.25,7.5,0.2683678339659175
ecBSU1,5.25,8.25,0.28538391039491584
ecBSU1,5.25,9.0,0.3023999868239131
ecBSU1,5.25,9.75,0.31941606325291166
ecBSU1,5.25,10.5,0.33643213968191094
ecBSU1,5.25,11.25,0.353448216110909
ecBSU1,5.25,12.0,0.37046429253990754
ecBSU1,5.25,12.75,0.3870346808286785
ecBSU1,5.25,13.5,0.40314620778269444
ecBSU1,5.25,14.25,0.4157583173570848
ecBSU1,5.25,15.0,0.4157583173570848
ecBSU1,5.25,15.75,0.4157583173570848
ecBSU1,5.25,16.5,0.4157583173570848
ecBSU1,5.25,17.25,0.4157583173570848
ecBSU1,5.25,18.0,0.4157583173570848
ecBSU1,5.25,18.75,0.4157583173570848
ecBSU1,5.25,19.5,0.4157583173570848
ecBSU1,5.25,20.25,0.4157583173570848
ecBSU1,5.25,21.0,0.4157583173570848
ecBSU1,5.25,21.75,0.4157583173570848
ecBSU1,5.25,22.5,0.4157583173570848
ecBSU1,5.25,23.25,0.4157583173570848
ecBSU1,5.25,24.0,0.4157583173570848
ecBSU1,5.25,24.75,0.4157583173570848
ecBSU1,5.25,25.5,0.4157583173570848
ecBSU1,5.25,26.25,0.4157583173570848
ecBSU1,5.25,27.0,0.4157583173570848
ecBSU1,5.25,27.75,0.4157583173570848
ecBSU1,5.25,28.5,0.4157583173570848
ecBSU1,5.25,29.25,0.4157583173570848
ecBSU1,5.25,30.0,0.4157583173570848
ecBSU1,5.625,0.0,0.0
ecBSU1,5.625,0.75,0.11003193000784833
ecBSU1,5.625,1.5,0.12861840467133612
ecBSU1,5.625,2.25,0.14720487933482393
ecBSU1,5.625,3.0,0.16579135399831174
ecBSU1,5.625,3.75,0.18437782866179958
ecBSU1,5.625,4.5,0.20296430332528737
ecBSU1,5.625,5.25,0.22155077798877515
ecBSU1,5.625,6.0,0.24013725265226296
ecBSU1,5.625,6.75,0.2587237273157508
ecBSU1,5.625,7.5,0.27731020197923856
ecBSU1,5.625,8.25,0.2951073826400578
ecBSU1,5.625,9.0,0.3121234590690562
ecBSU1,5.625,9.75,0.32913953549805536
ecBSU1,5.625,10.5,0.34615561192705435
ecBSU1,5.625,11.25,0.3631716883560529
ecBSU1,5.625,12.0,0.38018776478505084
ecBSU1,5.625,12.75,0.3972038412140491
ecBSU1,5.625,13.5,0.41388722575203835
ecBSU1,5.625,14.25,0.42999875270605453
ecBSU1,5.625,15.0,0.44611027966007016
ecBSU1,5.625,15.75,0.4468553809853339
ecBSU1,5.625,16.5,0.44685538098533945
ecBSU1,5.625,17.25,0.44685538098533945
ecBSU1,5.625,18.0,0.44685538098533945
ecBSU1,5.625,18.75,0.44685538098533945
ecBSU1,5.625,19.5,0.44685538098533945
ecBSU1,5.625,20.25,0.44685538098533945
ecBSU1,5.625,21.0,0.44685538098533945
ecBSU1,5.625,21.75,0.44685538098533945
ecBSU1,5.625,22.5,0.44685538098533945
ecBSU1,5.625,23.25,0.44685538098533945
ecBSU1,5.625,24.0,0.44685538098533945
ecBSU1,5.625,24.75,0.44685538098533945
ecBSU1,5.625,25.5,0.44685538098533945
ecBSU1,5.625,26.25,0.44685538098533945
ecBSU1,5.625,27.0,0.44685538098533945
ecBSU1,5.625,27.75,0.44685538098533945
ecBSU1,5.625,28.5,0.44685538098533945
ecBSU1,5.625,29.25,0.44685538098533945
ecBSU1,5.625,30.0,0.44685538098533945
ecBSU1,6.0,0.0,0.0
ecBSU1,6.0,0.75,0.11829949696811616
ecBSU1,6.0,1.5,0.13729209284762986
ecBSU1,6.0,2.25,0.15587856751111762
ecBSU1,6.0,3.0,0.17446504217460543
ecBSU1,6.0,3.75,0.19305151683809327
ecBSU1,6.0,4.5,0.2116379915015811
ecBSU1,6.0,5.25,0.2302244661650689
ecBSU1,6.0,6.0,0.24881094082855668
ecBSU1,6.0,6.75,0.2673974154920445
ecBSU1,6.0,7.5,0.28598389015553227
ecBSU1,6.0,8.25,0.3045703648190201
ecBSU1,6.0,9.0,0.32184693131419884
ecBSU1,6.0,9.75,0.33886300774319755
ecBSU1,6.0,10.5,0.35587908417219544
ecBSU1,6.0,11.25,0.3728951606011939
ecBSU1,6.0,12.0,0.38991123703019226
ecBSU1,6.0,12.75,0.4069273134591907
ecBSU1,6.0,13.5,0.4239433898881891
ecBSU1,6.0,14.25,0.4407397706753969
ecBSU1,6.0,15.0,0.45685129762941384
ecBSU1,6.0,15.75,0.47296282458342925
ecBSU1,6.0,16.5,0.4779524446135844
ecBSU1,6.0,17.25,0.47795244461358477
ecBSU1,6.0,18.0,0.47795244461358477
ecBSU1,6.0,18.75,0.47795244461358477
ecBSU1,6.0,19.5,0.47795244461358477
ecBSU1,6.0,20.25,0.47795244461358477
ecBSU1,6.0,21.0,0.47795244461358477
ecBSU1,6.0,21.75,0.47795244461358477
ecBSU1,6.0,22.5,0.47795244461358477
ecBSU1,6.0,23.25,0.47795244461358477
ecBSU1,6.0,24.0,0.47795244461358477
ecBSU1,6.0,24.75,0.47795244461358477
ecBSU1,6.0,25.5,0.47795244461358477
ecBSU1,6.0,26.25,0.47795244461358477
ecBSU1,6.0,27.0,0.47795244461358477
ecBSU1,6.0,27.75,0.47795244461358477
ecBSU1,6.0,28.5,0.47795244461358477
ecBSU1,6.0,29.25,0.47795244461358477
ecBSU1,6.0,30.0,0.47795244461358477
ecBSU1,6.375,0.0,0.0
ecBSU1,6.375,0.75,0.12656063502454862
ecBSU1,6.375,1.5,0.14596578102392382
ecBSU1,6.375,2.25,0.16455225568741214
ecBSU1,6.375,3.0,0.18313873035089998
ecBSU1,6.375,3.75,0.20172520501438782
ecBSU1,6.375,4.5,0.22031167967787568
ecBSU1,6.375,5.25,0.23889815434136344
ecBSU1,6.375,6.0,0.2574846290048513
ecBSU1,6.375,6.75,0.27607110366833915
ecBSU1,6.375,7.5,0.294657578331827
ecBSU1,6.375,8.25,0.3132440529953148
ecBSU1,6.375,9.0,0.33157040355934086
ecBSU1,6.375,9.75,0.34858647998833975
ecBSU1,6.375,10.5,0.36560255641733674
ecBSU1,6.375,11.25,0.3826186328463369
ecBSU1,6.375,12.0,0.39963470927533534
ecBSU1,6.375,12.75,0.4166507857043338
ecBSU1,6.375,13.5,0.4336668621333323
ecBSU1,6.375,14.25,0.45068293856233077
ecBSU1,6.375,15.0,0.46759231559875725
ecBSU1,6.375,15.75,0.48370384255277177
ecBSU1,6.375,16.5,0.4998153695067871
ecBSU1,6.375,17.25,0.509049508241836
ecBSU1,6.375,18.0,0.5090495082418339
ecBSU1,6.375,18.75,0.5090495082418339
ecBSU1,6.375,19.5,0.5090495082418339
ecBSU1,6.375,20.25,0.5090495082418339
ecBSU1,6.375,21.0,0.5090495082418339
ecBSU1,6.375,21.75,0.5090495082418339
ecBSU1,6.375,22.5,0.5090495082418339
ecBSU1,6.375,23.25,0.5090495082418339
ecBSU1,6.375,24.0,0.5090495082418339
ecBSU1,6.375,24.75,0.5090495082418339
ecBSU1,6.375,25.5,0.5090495082418339
ecBSU1,6.375,26.25,0.5090495082418339
ecBSU1,6.375,27.0,0.5090495082418339
ecBSU1,6.375,27.75,0.5090495082418339
ecBSU1,6.375,28.5,0.5090495082418339
ecBSU1,6.375,29.25,0.5090495082418339
ecBSU1,6.375,30.0,0.5090495082418339
ecBSU1,6.75,0.0,0.0
ecBSU1,6.75,0.75,0.13482177308098137
ecBSU1,6.75,1.5,0.1546394692002185
ecBSU1,6.75,2.25,0.17322594386370668
ecBSU1,6.75,3.0,0.19181241852719452
ecBSU1,6.75,3.75,0.2103988931906824
ecBSU1,6.75,4.5,0.22898536785417026
ecBSU1,6.75,5.25,0.2475718425176581
ecBSU1,6.75,6.0,0.26615831718114596
ecBSU1,6.75,6.75,0.28474479184463375
ecBSU1,6.75,7.5,0.30333126650812164
ecBSU1,6.75,8.25,0.32191774117160954
ecBSU1,6.75,9.0,0.3405042158350973
ecBSU1,6.75,9.75,0.3583099522334804
ecBSU1,6.75,10.5,0.37532602866248016
ecBSU1,6.75,11.25,0.39234210509147854
ecBSU1,6.75,12.0,0.4093581815204769
ecBSU1,6.75,12.75,0.42637425794947614
ecBSU1,6.75,13.5,0.4433903343784742
ecBSU1,6.75,14.25,0.4604064108074727
ecBSU1,6.75,15.0,0.47742248723647146
ecBSU1,6.75,15.75,0.49443856366546596
ecBSU1,6.75,16.5,0.5105563874761301
ecBSU1,6.75,17.25,0.5266679144301443
ecBSU1,6.75,18.0,0.5401465718700856
ecBSU1,6.75,18.75,0.5401465718700856
ecBSU1,6.75,19.5,0.5401465718700856
ecBSU1,6.75,20.25,0.5401465718700856
ecBSU1,6.75,21.0,0.5401465718700856
ecBSU1,6.75,21.75,0.5401465718700856
ecBSU1,6.75,22.5,0.5401465718700856
ecBSU1,6.75,23.25,0.5401465718700856
ecBSU1,6.75,24.0,0.5401465718700856
ecBSU1,6.75,24.75,0.5401465718700856
ecBSU1,6.75,25.5,0.5401465718700856
ecBSU1,6.75,26.25,0.5401465718700856
ecBSU1,6.75,27.0,0.5401465718700856
ecBSU1,6.75,27.75,0.5401465718700856
ecBSU1,6.75,28.5,0.5401465718700856
ecBSU1,6.75,29.25,0.5401465718700856
ecBSU1,6.75,30.0,0.5401465718700856
ecBSU1,7.125,0.0,0.0
ecBSU1,7.125,0.75,0.1430829111374143
ecBSU1,7.125,1.5,0.1633131573765125
ecBSU1,7.125,2.25,0.18189963204000048
ecBSU1,7.125,3.0,0.2004861067034883
ecBSU1,7.125,3.75,0.21907258136697616
ecBSU1,7.125,4.5,0.23765905603046394
ecBSU1,7.125,5.25,0.25624553069395173
ecBSU1,7.125,6.0,0.2748320053574395
ecBSU1,7.125,6.75,0.2934184800209273
ecBSU1,7.125,7.5,0.3120049546844151
ecBSU1,7.125,8.25,0.3305914293479029
ecBSU1,7.125,9.0,0.3491779040113907
ecBSU1,7.125,9.75,0.3677643786748785
ecBSU1,7.125,10.5,0.3850495009076216
ecBSU1,7.125,11.25,0.40206557733662046
ecBSU1,7.125,12.0,0.4190816537656162
ecBSU1,7.125,12.75,0.43609773019461456
ecBSU1,7.125,13.5,0.45311380662361395
ecBSU1,7.125,14.25,0.47012988305261255
ecBSU1,7.125,15.0,0.48714595948161094
ecBSU1,7.125,15.75,0.5041620359106094
ecBSU1,7.125,16.5,0.521178112339614
ecBSU1,7.125,17.25,0.5374089323994903
ecBSU1,7.125,18.0,0.5535204593535041
ecBSU1,7.125,18.75,0.5545565164493067
ecBSU1,7.125,19.5,0.5545565164493069
ecBSU1,7.125,20.25,0.5545565164493069
ecBSU1,7.125,21.0,0.5545565164493069
ecBSU1,7.125,21.75,0.5545565164493069
ecBSU1,7.125,22.5,0.5545565164493069
ecBSU1,7.125,23.25,0.5545565164493069
ecBSU1,7.125,24.0,0.5545565164493069
ecBSU1,7.125,24.75,0.5545565164493069
ecBSU1,7.125,25.5,0.5545565164493069
ecBSU1,7.125,26.25,0.5545565164493069
ecBSU1,7.125,27.0,0.5545565164493069
ecBSU1,7.125,27.75,0.5545565164493069
ecBSU1,7.125,28.5,0.5545565164493069
ecBSU1,7.125,29.25,0.5545565164493069
ecBSU1,7.125,30.0,0.5545565164493069
ecBSU1,7.5,0.0,0.0
ecBSU1,7.5,0.75,0.15134404919384709
ecBSU1,7.5,1.5,0.17198684555280677
ecBSU1,7.5,2.25,0.19057332021629486
ecBSU1,7.5,3.0,0.20915979487978267
ecBSU1,7.5,3.75,0.22774626954327054
ecBSU1,7.5,4.5,0.24633274420675835
ecBSU1,7.5,5.25,0.2649192188702461
ecBSU1,7.5,6.0,0.2835056935337339
ecBSU1,7.5,6.75,0.30209216819722173
ecBSU1,7.5,7.5,0.3206786428607095
ecBSU1,7.5,8.25,0.3392651175241973
ecBSU1,7.5,9.0,0.35785159218768514
ecBSU1,7.5,9.75,0.3764380668511729
ecBSU1,7.5,10.5,0.39477297315276366
ecBSU1,7.5,11.25,0.4117890495817621
ecBSU1,7.5,12.0,0.42880512601075965
ecBSU1,7.5,12.75,0.44582120243976
ecBSU1,7.5,13.5,0.46283727886875836
ecBSU1,7.5,14.25,0.4798533552977569
ecBSU1,7.5,15.0,0.4968694317267553
ecBSU1,7.5,15.75,0.5138855081557538
ecBSU1,7.5,16.5,0.5309015845847525
ecBSU1,7.5,17.25,0.5479176610137508
ecBSU1,7.5,18.0,0.5545565164493077
ecBSU1,7.5,18.75,0.5545565164493078
ecBSU1,7.5,19.5,0.5545565164493078
ecBSU1,7.5,20.25,0.5545565164493078
ecBSU1,7.5,21.0,0.5545565164493078
ecBSU1,7.5,21.75,0.5545565164493078
ecBSU1,7.5,22.5,0.5545565164493078
ecBSU1,7.5,23.25,0.5545565164493078
ecBSU1,7.5,24.0,0.5545565164493078
ecBSU1,7.5,24.75,0.5545565164493078
ecBSU1,7.5,25.5,0.5545565164493078
ecBSU1,7.5,26.25,0.5545565164493078
ecBSU1,7.5,27.0,0.5545565164493078
ecBSU1,7.5,27.75,0.5545565164493078
ecBSU1,7.5,28.5,0.5545565164493078
ecBSU1,7.5,29.25,0.5545565164493078
ecBSU1,7.5,30.0,0.5545565164493078
ecBSU1,7.875,0.0,0.0
ecBSU1,7.875,0.75,0.15960518725027975
ecBSU1,7.875,1.5,0.18066053372910132
ecBSU1,7.875,2.25,0.1992470083925891
ecBSU1,7.875,3.0,0.21783348305607692
ecBSU1,7.875,3.75,0.23641995771956473
ecBSU1,7.875,4.5,0.25500643238305254
ecBSU1,7.875,5.25,0.2735929070465403
ecBSU1,7.875,6.0,0.2921793817100281
ecBSU1,7.875,6.75,0.3107658563735159
ecBSU1,7.875,7.5,0.32935233103700373
ecBSU1,7.875,8.25,0.3479388057004915
ecBSU1,7.875,9.0,0.3665252803639793
ecBSU1,7.875,9.75,0.3851117550274671
ecBSU1,7.875,10.5,0.4036982296909549
ecBSU1,7.875,11.25,0.42151252182690446
ecBSU1,7.875,12.0,0.43852859825590246
ecBSU1,7.875,12.75,0.45554467468490106
ecBSU1,7.875,13.5,0.4725607511139004
ecBSU1,7.875,14.25,0.4895768275428994
ecBSU1,7.875,15.0,0.506592903971898
ecBSU1,7.875,15.75,0.5236089804008962
ecBSU1,7.875,16.5,0.5406250568298948
ecBSU1,7.875,17.25,0.554556516449304
ecBSU1,7.875,18.0,0.5545565164493028
ecBSU1,7.875,18.75,0.554556516449306
ecBSU1,7.875,19.5,0.554556516449306
ecBSU1,7.875,20.25,0.554556516449306
ecBSU1,7.875,21.0,0.554556516449306
ecBSU1,7.875,21.75,0.554556516449306
ecBSU1,7.875,22.5,0.554556516449306
ecBSU1,7.875,23.25,0.554556516449306
ecBSU1,7.875,24.0,0.554556516449306
ecBSU1,7.875,24.75,0.554556516449306
ecBSU1,7.875,25.5,0.554556516449306
ecBSU1,7.875,26.25,0.554556516449306
ecBSU1,7.875,27.0,0.554556516449306
ecBSU1,7.875,27.75,0.554556516449306
ecBSU1,7.875,28.5,0.554556516449306
ecBSU1,7.875,29.25,0.554556516449306
ecBSU1,7.875,30.0,0.554556516449306
ecBSU1,8.25,0.0,0.0
ecBSU1,8.25,0.75,0.1678663253067129
ecBSU1,8.25,1.5,0.1893342219053958
ecBSU1,8.25,2.25,0.20792069656888323
ecBSU1,8.25,3.0,0.22650717123237105
ecBSU1,8.25,3.75,0.24509364589585877
ecBSU1,8.25,4.5,0.2636801205593466
ecBSU1,8.25,5.25,0.28226659522283437
ecBSU1,8.25,6.0,0.3008530698863221
ecBSU1,8.25,6.75,0.3194395445498099
ecBSU1,8.25,7.5,0.33802601921329767
ecBSU1,8.25,8.25,0.35661249387678545
ecBSU1,8.25,9.0,0.3751989685402732
ecBSU1,8.25,9.75,0.393785443203761
ecBSU1,8.25,10.5,0.4123719178672488
ecBSU1,8.25,11.25,0.4309583925307366
ecBSU1,8.25,12.0,0.4482520705010453
ecBSU1,8.25,12.75,0.46526814693004354
ecBSU1,8.25,13.5,0.48228422335904164
ecBSU1,8.25,14.25,0.49930029978804075
ecBSU1,8.25,15.0,0.5163163762170389
ecBSU1,8.25,15.75,0.5333324526460368
ecBSU1,8.25,16.5,0.5503485290750355
ecBSU1,8.25,17.25,0.5545565164493114
ecBSU1,8.25,18.0,0.5545565164492913
ecBSU1,8.25,18.75,0.5545565164492983
ecBSU1,8.25,19.5,0.5545565164492983
ecBSU1,8.25,20.25,0.5545565164492983
ecBSU1,8.25,21.0,0.5545565164492983
ecBSU1,8.25,21.75,0.5545565164492983
ecBSU1,8.25,22.5,0.5545565164492983
ecBSU1,8.25,23.25,0.5545565164492983
ecBSU1,8.25,24.0,0.5545565164492983
ecBSU1,8.25,24.75,0.5545565164492983
ecBSU1,8.25,25.5,0.5545565164492983
ecBSU1,8.25,26.25,0.5545565164492983
ecBSU1,8.25,27.0,0.5545565164492983
ecBSU1,8.25,27.75,0.5545565164492983
ecBSU1,8.25,28.5,0.5545565164492983
ecBSU1,8.25,29.25,0.5545565164492983
ecBSU1,8.25,30.0,0.5545565164492983
ecBSU1,8.625,0.0,0.0
ecBSU1,8.625,0.75,0.17612746336314458
ecBSU1,8.625,1.5,0.19800791008168972
ecBSU1,8.625,2.25,0.2165943847451779
ecBSU1,8.625,3.0,0.2351808594086657
ecBSU1,8.625,3.75,0.2537673340721535
ecBSU1,8.625,4.5,0.2723538087356413
ecBSU1,8.625,5.25,0.29094028339912914
ecBSU1,8.625,6.0,0.309526758062617
ecBSU1,8.625,6.75,0.3281132327261047
ecBSU1,8.625,7.5,0.34669970738959255
ecBSU1,8.625,8.25,0.3652861820530804
ecBSU1,8.625,9.0,0.3838726567165682
ecBSU1,8.625,9.75,0.40245913138005596
ecBSU1,8.625,10.5,0.4210456060435438
ecBSU1,8.625,11.25,0.43963208070703164
ecBSU1,8.625,12.0,0.4579755427461862
ecBSU1,8.625,12.75,0.4749916191751846
ecBSU1,8.625,13.5,0.4920076956041814
ecBSU1,8.625,14.25,0.5090237720331793
ecBSU1,8.625,15.0,0.5260398484621773
ecBSU1,8.625,15.75,0.5430559248911747
ecBSU1,8.625,16.5,0.5545565164493035
ecBSU1,8.625,17.25,0.5545565164493026
ecBSU1,8.625,18.0,0.5545565164493069
ecBSU1,8.625,18.75,0.5545565164493013
ecBSU1,8.625,19.5,0.5545565164493013
ecBSU1,8.625,20.25,0.5545565164493013
ecBSU1,8.625,21.0,0.5545565164493013
ecBSU1,8.625,21.75,0.5545565164493013
ecBSU1,8.625,22.5,0.5545565164493013
ecBSU1,8.625,23.25,0.5545565164493013
ecBSU1,8.625,24.0,0.5545565164493013
ecBSU1,8.625,24.75,0.5545565164493013
ecBSU1,8.625,25.5,0.5545565164493013
ecBSU1,8.625,26.25,0.5545565164493013
ecBSU1,8.625,27.0,0.5545565164493013
ecBSU1,8.625,27.75,0.5545565164493013
ecBSU1,8.625,28.5,0.5545565164493013
ecBSU1,8.625,29.25,0.5545565164493013
ecBSU1,8.625,30.0,0.5545565164493013
ecBSU1,9.0,0.0,0.0
ecBSU1,9.0,0.75,0.18438860141957766
ecBSU1,9.0,1.5,0.2066815982579845
ecBSU1,9.0,2.25,0.22526807292147216
ecBSU1,9.0,3.0,0.24385454758495995
ecBSU1,9.0,3.75,0.2624410222484478
ecBSU1,9.0,4.5,0.2810274969119355
ecBSU1,9.0,5.25,0.29961397157542335
ecBSU1,9.0,6.0,0.31820044623891114
ecBSU1,9.0,6.75,0.336786920902399
ecBSU1,9.0,7.5,0.3553733955658867
ecBSU1,9.0,8.25,0.37395987022937455
ecBSU1,9.0,9.0,0.3925463448928624
ecBSU1,9.0,9.75,0.41113281955635017
ecBSU1,9.0,10.5,0.42971929421983807
ecBSU1,9.0,11.25,0.4483057688833258
ecBSU1,9.0,12.0,0.4668922435468136
ecBSU1,9.0,12.75,0.48471509142032654
ecBSU1,9.0,13.5,0.501731167849326
ecBSU1,9.0,14.25,0.5187472442783227
ecBSU1,9.0,15.0,0.5357633207073204
ecBSU1,9.0,15.75,0.5527793971363181
ecBSU1,9.0,16.5,0.5545565164493029
ecBSU1,9.0,17.25,0.5545565164492947
ecBSU1,9.0,18.0,0.554556516449306
ecBSU1,9.0,18.75,0.554556516449308
ecBSU1,9.0,19.5,0.554556516449308
ecBSU1,9.0,20.25,0.554556516449308
ecBSU1,9.0,21.0,0.554556516449308
ecBSU1,9.0,21.75,0.554556516449308
ecBSU1,9.0,22.5,0.554556516449308
ecBSU1,9.0,23.25,0.554556516449308
ecBSU1,9.0,24.0,0.554556516449308
ecBSU1,9.0,24.75,0.554556516449308
ecBSU1,9.0,25.5,0.554556516449308
ecBSU1,9.0,26.25,0.554556516449308
ecBSU1,9.0,27.0,0.554556516449308
ecBSU1,9.0,27.75,0.554556516449308
ecBSU1,9.0,28.5,0.554556516449308
ecBSU1,9.0,29.25,0.554556516449308
ecBSU1,9.0,30.0,0.554556516449308
ecBSU1,9.375,0.0,0.0
ecBSU1,9.375,0.75,0.1926497394760098
ecBSU1,9.375,1.5,0.21535528643427845
ecBSU1,9.375,2.25,0.23394176109776643
ecBSU1,9.375,3.0,0.2525282357612542
ecBSU1,9.375,3.75,0.27111471042474206
ecBSU1,9.375,4.5,0.28970118508822984
ecBSU1,9.375,5.25,0.3082876597517176
ecBSU1,9.375,6.0,0.32687413441520546
ecBSU1,9.375,6.75,0.3454606090786932
ecBSU1,9.375,7.5,0.36404708374218103
ecBSU1,9.375,8.25,0.3826335584056688
ecBSU1,9.375,9.0,0.4012200330691566
ecBSU1,9.375,9.75,0.41980650773264444
ecBSU1,9.375,10.5,0.4383929823961322
ecBSU1,9.375,11.25,0.4569794570596201
ecBSU1,9.375,12.0,0.47556593172310785
ecBSU1,9.375,12.75,0.49415240638659563
ecBSU1,9.375,13.5,0.511454640094468
ecBSU1,9.375,14.25,0.5284707165234648
ecBSU1,9.375,15.0,0.545486792952464
ecBSU1,9.375,15.75,0.5545565164493029
ecBSU1,9.375,16.5,0.5545565164493036
ecBSU1,9.375,17.25,0.5545565164493036
ecBSU1,9.375,18.0,0.5545565164493087
ecBSU1,9.375,18.75,0.5545565164492956
ecBSU1,9.375,19.5,0.5545565164492956
ecBSU1,9.375,20.25,0.5545565164492956
ecBSU1,9.375,21.0,0.5545565164492956
ecBSU1,9.375,21.75,0.5545565164492956
ecBSU1,9.375,22.5,0.5545565164492956
ecBSU1,9.375,23.25,0.5545565164492956
ecBSU1,9.375,24.0,0.5545565164492956
ecBSU1,9.375,24.75,0.5545565164492956
ecBSU1,9.375,25.5,0.5545565164492956
ecBSU1,9.375,26.25,0.5545565164492956
ecBSU1,9.375,27.0,0.5545565164492956
ecBSU1,9.375,27.75,0.5545565164492956
ecBSU1,9.375,28.5,0.5545565164492956
ecBSU1,9.375,29.25,0.5545565164492956
ecBSU1,9.375,30.0,0.5545565164492956
ecBSU1,9.75,0.0,0.0
ecBSU1,9.75,0.75,0.20091087753244258
ecBSU1,9.75,1.5,0.22402897461057264
ecBSU1,9.75,2.25,0.2426154492740609
ecBSU1,9.75,3.0,0.26120192393754865
ecBSU1,9.75,3.75,0.2797883986010365
ecBSU1,9.75,4.5,0.29837487326452433
ecBSU1,9.75,5.25,0.3169613479280121
ecBSU1,9.75,6.0,0.3355478225914999
ecBSU1,9.75,6.75,0.35413429725498774
ecBSU1,9.75,7.5,0.3727207719184755
ecBSU1,9.75,8.25,0.39130724658196336
ecBSU1,9.75,9.0,0.40989372124545115
ecBSU1,9.75,9.75,0.42848019590893904
ecBSU1,9.75,10.5,0.4470666705724268
ecBSU1,9.75,11.25,0.4656531452359146
ecBSU1,9.75,12.0,0.48423961989940245
ecBSU1,9.75,12.75,0.5028260945628903
ecBSU1,9.75,13.5,0.5211781123396069
ecBSU1,9.75,14.25,0.5381941887686053
ecBSU1,9.75,15.0,0.5545565164493037
ecBSU1,9.75,15.75,0.5545565164493145
ecBSU1,9.75,16.5,0.5545565164493096
ecBSU1,9.75,17.25,0.5545565164493105
ecBSU1,9.75,18.0,0.5545565164493123
ecBSU1,9.75,18.75,0.554556516449313
ecBSU1,9.75,19.5,0.554556516449313
ecBSU1,9.75,20.25,0.5545565164493079
ecBSU1,9.75,21.0,0.5545565164493069
ecBSU1,9.75,21.75,0.5545565164493069
ecBSU1,9.75,22.5,0.5545565164493069
ecBSU1,9.75,23.25,0.5545565164493069
ecBSU1,9.75,24.0,0.5545565164493069
ecBSU1,9.75,24.75,0.5545565164493069
ecBSU1,9.75,25.5,0.5545565164493069
ecBSU1,9.75,26.25,0.5545565164493069
ecBSU1,9.75,27.0,0.5545565164493069
ecBSU1,9.75,27.75,0.5545565164493069
ecBSU1,9.75,28.5,0.5545565164493069
ecBSU1,9.75,29.25,0.5545565164493069
ecBSU1,9.75,30.0,0.5545565164493069
ecBSU1,10.125,0.0,0.0
ecBSU1,10.125,0.75,0.2091720155888756
ecBSU1,10.125,1.5,0.2327026627868669
ecBSU1,10.125,2.25,0.2512891374503551
ecBSU1,10.125,3.0,0.2698756121138429
ecBSU1,10.125,3.75,0.2884620867773307
ecBSU1,10.125,4.5,0.3070485614408185
ecBSU1,10.125,5.25,0.32563503610430633
ecBSU1,10.125,6.0,0.3442215107677941
ecBSU1,10.125,6.75,0.3628079854312819
ecBSU1,10.125,7.5,0.38139446009476974
ecBSU1,10.125,8.25,0.3999809347582576
ecBSU1,10.125,9.0,0.4185674094217453
ecBSU1,10.125,9.75,0.4371538840852332
ecBSU1,10.125,10.5,0.455740358748721
ecBSU1,10.125,11.25,0.47432683341220877
ecBSU1,10.125,12.0,0.4929133080756966
ecBSU1,10.125,12.75,0.5114997827391844
ecBSU1,10.125,13.5,0.5300862574026721
ecBSU1,10.125,14.25,0.5479176610137493
ecBSU1,10.125,15.0,0.5545565164493095
ecBSU1,10.125,15.75,0.5545565164492983
ecBSU1,10.125,16.5,0.5545565164492983
ecBSU1,10.125,17.25,0.5545565164492983
ecBSU1,10.125,18.0,0.5545565164492983
ecBSU1,10.125,18.75,0.5545565164492983
ecBSU1,10.125,19.5,0.5545565164492983
ecBSU1,10.125,20.25,0.5545565164492983
ecBSU1,10.125,21.0,0.5545565164492983
ecBSU1,10.125,21.75,0.5545565164492983
ecBSU1,10.125,22.5,0.5545565164492983
ecBSU1,10.125,23.25,0.5545565164492983
ecBSU1,10.125,24.0,0.5545565164492983
ecBSU1,10.125,24.75,0.5545565164492983
ecBSU1,10.125,25.5,0.5545565164492983
ecBSU1,10.125,26.25,0.5545565164492983
ecBSU1,10.125,27.0,0.5545565164492983
ecBSU1,10.125,27.75,0.5545565164492983
ecBSU1,10.125,28.5,0.5545565164492983
ecBSU1,10.125,29.25,0.5545565164492983
ecBSU1,10.125,30.0,0.5545565164492983
ecBSU1,10.5,0.0,0.0
ecBSU1,10.5,0.75,0.21743315364530785
ecBSU1,10.5,1.5,0.24137635096316118
ecBSU1,10.5,2.25,0.2599628256266494
ecBSU1,10.5,3.0,0.27854930029013725
ecBSU1,10.5,3.75,0.29713577495362503
ecBSU1,10.5,4.5,0.3157222496171128
ecBSU1,10.5,5.25,0.33430872428060066
ecBSU1,10.5,6.0,0.35289519894408844
ecBSU1,10.5,6.75,0.3714816736075762
ecBSU1,10.5,7.5,0.39006814827106406
ecBSU1,10.5,8.25,0.40865462293455185
ecBSU1,10.5,9.0,0.4272410975980397
ecBSU1,10.5,9.75,0.4458275722615274
ecBSU1,10.5,10.5,0.4644140469250153
ecBSU1,10.5,11.25,0.4830005215885031
ecBSU1,10.5,12.0,0.5015869962519909
ecBSU1,10.5,12.75,0.5201734709154787
ecBSU1,10.5,13.5,0.5387599455789664
ecBSU1,10.5,14.25,0.5545565164493055
ecBSU1,10.5,15.0,0.5545565164493066
ecBSU1,10.5,15.75,0.5545565164493065
ecBSU1,10.5,16.5,0.5545565164493065
ecBSU1,10.5,17.25,0.5545565164493065
ecBSU1,10.5,18.0,0.5545565164493065
ecBSU1,10.5,18.75,0.5545565164493065
ecBSU1,10.5,19.5,0.5545565164493065
ecBSU1,10.5,20.25,0.5545565164493065
ecBSU1,10.5,21.0,0.5545565164493065
ecBSU1,10.5,21.75,0.5545565164493065
ecBSU1,10.5,22.5,0.5545565164493065
ecBSU1,10.5,23.25,0.5545565164493065
ecBSU1,10.5,24.0,0.5545565164493065
ecBSU1,10.5,24.75,0.5545565164493065
ecBSU1,10.5,25.5,0.5545565164493065
ecBSU1,10.5,26.25,0.5545565164493065
ecBSU1,10.5,27.0,0.5545565164493065
ecBSU1,10.5,27.75,0.5545565164493065
ecBSU1,10.5,28.5,0.5545565164493065
ecBSU1,10.5,29.25,0.5545565164493065
ecBSU1,10.5,30.0,0.5545565164493065
ecBSU1,10.875,0.0,0.0
ecBSU1,10.875,0.75,0.22569429170174107
ecBSU1,10.875,1.5,0.2500500391394556
ecBSU1,10.875,2.25,0.2686365138029438
ecBSU1,10.875,3.0,0.28722298846643163
ecBSU1,10.875,3.75,0.30580946312991947
ecBSU1,10.875,4.5,0.32439593779340725
ecBSU1,10.875,5.25,0.3429824124568951
ecBSU1,10.875,6.0,0.3615688871203829
ecBSU1,10.875,6.75,0.38015536178387066
ecBSU1,10.875,7.5,0.3987418364473585
ecBSU1,10.875,8.25,0.41732831111084634
ecBSU1,10.875,9.0,0.4359147857743342
ecBSU1,10.875,9.75,0.45450126043782196
ecBSU1,10.875,10.5,0.47308773510130975
ecBSU1,10.875,11.25,0.4916742097647976
ecBSU1,10.875,12.0,0.5102606844282854
ecBSU1,10.875,12.75,0.5288471590917732
ecBSU1,10.875,13.5,0.547433633755261
ecBSU1,10.875,14.25,0.5545565164493055
ecBSU1,10.875,15.0,0.5545565164493031
ecBSU1,10.875,15.75,0.5545565164493063
ecBSU1,10.875,16.5,0.5545565164493063
ecBSU1,10.875,17.25,0.5545565164493063
ecBSU1,10.875,18.0,0.5545565164493063
ecBSU1,10.875,18.75,0.5545565164493063
ecBSU1,10.875,19.5,0.5545565164493063
ecBSU1,10.875,20.25,0.5545565164493063
ecBSU1,10.875,21.0,0.5545565164493063
ecBSU1,10.875,21.75,0.5545565164493063
ecBSU1,10.875,22.5,0.5545565164493063
ecBSU1,10.875,23.25,0.5545565164493063
ecBSU1,10.875,24.0,0.5545565164493063
ecBSU1,10.875,24.75,0.5545565164493063
ecBSU1,10.875,25.5,0.5545565164493063
ecBSU1,10.875,26.25,0.5545565164493063
ecBSU1,10.875,27.0,0.5545565164493063
ecBSU1,10.875,27.75,0.5545565164493063
ecBSU1,10.875,28.5,0.5545565164493063
ecBSU1,10.875,29.25,0.5545565164493063
ecBSU1,10.875,30.0,0.5545565164493063
ecBSU1,11.25,0.0,0.0
ecBSU1,11.25,0.75,0.23393718933367813
ecBSU1,11.25,1.5,0.25872372731575083
ecBSU1,11.25,2.25,0.2773102019792386
ecBSU1,11.25,3.0,0.2958966766427265
ecBSU1,11.25,3.75,0.31448315130621435
ecBSU1,11.25,4.5,0.3330696259697022
ecBSU1,11.25,5.25,0.35165610063319
ecBSU1,11.25,6.0,0.3702425752966779
ecBSU1,11.25,6.75,0.3888290499601657
ecBSU1,11.25,7.5,0.4074155246236536
ecBSU1,11.25,8.25,0.42600199928714144
ecBSU1,11.25,9.0,0.4445884739506293
ecBSU1,11.25,9.75,0.4631749486141172
ecBSU1,11.25,10.5,0.481761423277605
ecBSU1,11.25,11.25,0.5003478979410928
ecBSU1,11.25,12.0,0.5189343726045808
ecBSU1,11.25,12.75,0.5375208472680686
ecBSU1,11.25,13.5,0.5545565164493175
ecBSU1,11.25,14.25,0.5545565164493027
ecBSU1,11.25,15.0,0.5545565164493069
ecBSU1,11.25,15.75,0.5545565164493069
ecBSU1,11.25,16.5,0.5545565164493069
ecBSU1,11.25,17.25,0.5545565164493069
ecBSU1,11.25,18.0,0.5545565164493069
ecBSU1,11.25,18.75,0.5545565164493069
ecBSU1,11.25,19.5,0.5545565164493069
ecBSU1,11.25,20.25,0.5545565164493069
ecBSU1,11.25,21.0,0.5545565164493069
ecBSU1,11.25,21.75,0.5545565164493069
ecBSU1,11.25,22.5,0.5545565164493069
ecBSU1,11.25,23.25,0.5545565164493069
ecBSU1,11.25,24.0,0.5545565164493069
ecBSU1,11.25,24.75,0.5545565164493069
ecBSU1,11.25,25.5,0.5545565164493069
ecBSU1,11.25,26.25,0.5545565164493069
ecBSU1,11.25,27.0,0.5545565164493069
ecBSU1,11.25,27.75,0.5545565164493069
ecBSU1,11.25,28.5,0.5545565164493069
ecBSU1,11.25,29.25,0.5545565164493069
ecBSU1,11.25,30.0,0.5545565164493069
ecBSU1,11.625,0.0,0.0
ecBSU1,11.625,0.75,0.2421206264605545
ecBSU1,11.625,1.5,0.2669999819839056
ecBSU1,11.625,2.25,0.28598389015553205
ecBSU1,11.625,3.0,0.30457036481902
ecBSU1,11.625,3.75,0.32315683948250784
ecBSU1,11.625,4.5,0.3417433141459956
ecBSU1,11.625,5.25,0.3603297888094834
ecBSU1,11.625,6.0,0.37891626347297125
ecBSU1,11.625,6.75,0.39750273813645903
ecBSU1,11.625,7.5,0.4160892127999468
ecBSU1,11.625,8.25,0.4346756874634346
ecBSU1,11.625,9.0,0.4532621621269224
ecBSU1,11.625,9.75,0.4718486367904103
ecBSU1,11.625,10.5,0.490435111453898
ecBSU1,11.625,11.25,0.5090215861173858
ecBSU1,11.625,12.0,0.5276080607808736
ecBSU1,11.625,12.75,0.5461945354443614
ecBSU1,11.625,13.5,0.5545565164493069
ecBSU1,11.625,14.25,0.5545565164493003
ecBSU1,11.625,15.0,0.5545565164493027
ecBSU1,11.625,15.75,0.5545565164493027
ecBSU1,11.625,16.5,0.5545565164493027
ecBSU1,11.625,17.25,0.5545565164493027
ecBSU1,11.625,18.0,0.5545565164493027
ecBSU1,11.625,18.75,0.5545565164493027
ecBSU1,11.625,19.5,0.5545565164493027
ecBSU1,11.625,20.25,0.5545565164493027
ecBSU1,11.625,21.0,0.5545565164493027
ecBSU1,11.625,21.75,0.5545565164493027
ecBSU1,11.625,22.5,0.5545565164493027
ecBSU1,11.625,23.25,0.5545565164493027
ecBSU1,11.625,24.0,0.5545565164493027
ecBSU1,11.625,24.75,0.5545565164493027
ecBSU1,11.625,25.5,0.5545565164493027
ecBSU1,11.625,26.25,0.5545565164493027
ecBSU1,11.625,27.0,0.5545565164493027
ecBSU1,11.625,27.75,0.5545565164493027
ecBSU1,11.625,28.5,0.5545565164493027
ecBSU1,11.625,29.25,0.5545565164493027
ecBSU1,11.625,30.0,0.5545565164493027
ecBSU1,12.0,0.0,0.0
ecBSU1,12.0,0.75,0.2503040635874323
ecBSU1,12.0,1.5,0.2752611200403371
ecBSU1,12.0,2.25,0.29465757833182554
ecBSU1,12.0,3.0,0.3132440529953143
ecBSU1,12.0,3.75,0.3318305276588021
ecBSU1,12.0,4.5,0.35041700232228995
ecBSU1,12.0,5.25,0.36900347698577773
ecBSU1,12.0,6.0,0.3875899516492655
ecBSU1,12.0,6.75,0.4061764263127533
ecBSU1,12.0,7.5,0.42476290097624114
ecBSU1,12.0,8.25,0.443349375639729
ecBSU1,12.0,9.0,0.4619358503032167
ecBSU1,12.0,9.75,0.4805223249667045
ecBSU1,12.0,10.5,0.49910879963019233
ecBSU1,12.0,11.25,0.5176952742936801
ecBSU1,12.0,12.0,0.5362817489571678
ecBSU1,12.0,12.75,0.5545565164493087
ecBSU1,12.0,13.5,0.5545565164493044
ecBSU1,12.0,14.25,0.5545565164493077
ecBSU1,12.0,15.0,0.5545565164493027
ecBSU1,12.0,15.75,0.5545565164493027
ecBSU1,12.0,16.5,0.5545565164493027
ecBSU1,12.0,17.25,0.5545565164493027
ecBSU1,12.0,18.0,0.5545565164493027
ecBSU1,12.0,18.75,0.5545565164493027
ecBSU1,12.0,19.5,0.5545565164493027
ecBSU1,12.0,20.25,0.5545565164493027
ecBSU1,12.0,21.0,0.5545565164493027
ecBSU1,12.0,21.75,0.5545565164493027
ecBSU1,12.0,22.5,0.5545565164493027
ecBSU1,12.0,23.25,0.5545565164493027
ecBSU1,12.0,24.0,0.5545565164493027
ecBSU1,12.0,24.75,0.5545565164493027
ecBSU1,12.0,25.5,0.5545565164493027
ecBSU1,12.0,26.25,0.5545565164493027
ecBSU1,12.0,27.0,0.5545565164493027
ecBSU1,12.0,27.75,0.5545565164493027
ecBSU1,12.0,28.5,0.5545565164493027
ecBSU1,12.0,29.25,0.5545565164493027
ecBSU1,12.0,30.0,0.5545565164493027
ecBSU1,12.375,0.0,0.0
ecBSU1,12.375,0.75,0.2584875007143043
ecBSU1,12.375,1.5,0.28352225809677034
ecBSU1,12.375,2.25,0.3033312665081205
ecBSU1,12.375,3.0,0.32191774117160954
ecBSU1,12.375,3.75,0.3405042158350974
ecBSU1,12.375,4.5,0.3590906904985853
ecBSU1,12.375,5.25,0.3776771651620731
ecBSU1,12.375,6.0,0.39626363982556095
ecBSU1,12.375,6.75,0.4148501144890488
ecBSU1,12.375,7.5,0.4334365891525367
ecBSU1,12.375,8.25,0.4520230638160245
ecBSU1,12.375,9.0,0.4706095384795124
ecBSU1,12.375,9.75,0.4891960131430002
ecBSU1,12.375,10.5,0.507782487806488
ecBSU1,12.375,11.25,0.526368962469976
ecBSU1,12.375,12.0,0.5449554371334638
ecBSU1,12.375,12.75,0.5545565164493044
ecBSU1,12.375,13.5,0.5545565164493087
ecBSU1,12.375,14.25,0.5545565164493144
ecBSU1,12.375,15.0,0.554556516449307
ecBSU1,12.375,15.75,0.554556516449307
ecBSU1,12.375,16.5,0.554556516449307
ecBSU1,12.375,17.25,0.554556516449307
ecBSU1,12.375,18.0,0.554556516449307
ecBSU1,12.375,18.75,0.554556516449307
ecBSU1,12.375,19.5,0.554556516449307
ecBSU1,12.375,20.25,0.554556516449307
ecBSU1,12.375,21.0,0.554556516449307
ecBSU1,12.375,21.75,0.554556516449307
ecBSU1,12.375,22.5,0.554556516449307
ecBSU1,12.375,23.25,0.554556516449307
ecBSU1,12.375,24.0,0.554556516449307
ecBSU1,12.375,24.75,0.554556516449307
ecBSU1,12.375,25.5,0.554556516449307
ecBSU1,12.375,26.25,0.554556516449307
ecBSU1,12.375,27.0,0.554556516449307
ecBSU1,12.375,27.75,0.554556516449307
ecBSU1,12.375,28.5,0.554556516449307
ecBSU1,12.375,29.25,0.554556516449307
ecBSU1,12.375,30.0,0.554556516449307
ecBSU1,12.75,0.0,0.0
ecBSU1,12.75,0.75,0.26667093784118756
ecBSU1,12.75,1.5,0.29178339615320253
ecBSU1,12.75,2.25,0.31200495468441475
ecBSU1,12.75,3.0,0.33059142934790253
ecBSU1,12.75,3.75,0.3491779040113903
ecBSU1,12.75,4.5,0.36776437867487805
ecBSU1,12.75,5.25,0.38635085333836583
ecBSU1,12.75,6.0,0.4049373280018536
ecBSU1,12.75,6.75,0.42352380266534134
ecBSU1,12.75,7.5,0.4421102773288292
ecBSU1,12.75,8.25,0.4606967519923169
ecBSU1,12.75,9.0,0.47928322665580475
ecBSU1,12.75,9.75,0.4978697013192925
ecBSU1,12.75,10.5,0.5164561759827803
ecBSU1,12.75,11.25,0.5350426506462681
ecBSU1,12.75,12.0,0.5536291253097558
ecBSU1,12.75,12.75,0.5545565164493068
ecBSU1,12.75,13.5,0.5545565164493087
ecBSU1,12.75,14.25,0.5545565164493035
ecBSU1,12.75,15.0,0.5545565164492989
ecBSU1,12.75,15.75,0.5545565164492989
ecBSU1,12.75,16.5,0.5545565164492989
ecBSU1,12.75,17.25,0.5545565164492989
ecBSU1,12.75,18.0,0.5545565164492989
ecBSU1,12.75,18.75,0.5545565164492989
ecBSU1,12.75,19.5,0.5545565164492989
ecBSU1,12.75,20.25,0.5545565164492989
ecBSU1,12.75,21.0,0.5545565164492989
ecBSU1,12.75,21.75,0.5545565164492989
ecBSU1,12.75,22.5,0.5545565164492989
ecBSU1,12.75,23.25,0.5545565164492989
ecBSU1,12.75,24.0,0.5545565164492989
ecBSU1,12.75,24.75,0.5545565164492989
ecBSU1,12.75,25.5,0.5545565164492989
ecBSU1,12.75,26.25,0.5545565164492989
ecBSU1,12.75,27.0,0.5545565164492989
ecBSU1,12.75,27.75,0.5545565164492989
ecBSU1,12.75,28.5,0.5545565164492989
ecBSU1,12.75,29.25,0.5545565164492989
ecBSU1,12.75,30.0,0.5545565164492989
ecBSU1,13.125,0.0,0.0
ecBSU1,13.125,0.75,0.27485437496806653
ecBSU1,13.125,1.5,0.30004453420963517
ecBSU1,13.125,2.25,0.32067864286070913
ecBSU1,13.125,3.0,0.33926511752419736
ecBSU1,13.125,3.75,0.3578515921876852
ecBSU1,13.125,4.5,0.376438066851173
ecBSU1,13.125,5.25,0.39502454151466077
ecBSU1,13.125,6.0,0.4136110161781486
ecBSU1,13.125,6.75,0.4321974908416364
ecBSU1,13.125,7.5,0.45078396550512423
ecBSU1,13.125,8.25,0.469370440168612
ecBSU1,13.125,9.0,0.4879569148320998
ecBSU1,13.125,9.75,0.5065433894955876
ecBSU1,13.125,10.5,0.5251298641590755
ecBSU1,13.125,11.25,0.5437163388225632
ecBSU1,13.125,12.0,0.5545565164493087
ecBSU1,13.125,12.75,0.5545565164493044
ecBSU1,13.125,13.5,0.5545565164493044
ecBSU1,13.125,14.25,0.5545565164493078
ecBSU1,13.125,15.0,0.5545565164493068
ecBSU1,13.125,15.75,0.5545565164493068
ecBSU1,13.125,16.5,0.5545565164493068
ecBSU1,13.125,17.25,0.5545565164493068
ecBSU1,13.125,18.0,0.5545565164493068
ecBSU1,13.125,18.75,0.5545565164493068
ecBSU1,13.125,19.5,0.5545565164493068
ecBSU1,13.125,20.25,0.5545565164493068
ecBSU1,13.125,21.0,0.5545565164493068
ecBSU1,13.125,21.75,0.5545565164493068
ecBSU1,13.125,22.5,0.5545565164493068
ecBSU1,13.125,23.25,0.5545565164493068
ecBSU1,13.125,24.0,0.5545565164493068
ecBSU1,13.125,24.75,0.5545565164493068
ecBSU1,13.125,25.5,0.5545565164493068
ecBSU1,13.125,26.25,0.5545565164493068
ecBSU1,13.125,27.0,0.5545565164493068
ecBSU1,13.125,27.75,0.5545565164493068
ecBSU1,13.125,28.5,0.5545565164493068
ecBSU1,13.125,29.25,0.5545565164493068
ecBSU1,13.125,30.0,0.5545565164493068
ecBSU1,13.5,0.0,0.0
ecBSU1,13.5,0.75,0.28303781209494155
ecBSU1,13.5,1.5,0.30830567226606925
ecBSU1,13.5,2.25,0.3293523310370026
ecBSU1,13.5,3.0,0.3479388057004924
ecBSU1,13.5,3.75,0.36652528036398024
ecBSU1,13.5,4.5,0.38511175502746814
ecBSU1,13.5,5.25,0.4036982296909559
ecBSU1,13.5,6.0,0.42228470435444376
ecBSU1,13.5,6.75,0.44087117901793166
ecBSU1,13.5,7.5,0.45945765368141944
ecBSU1,13.5,8.25,0.4780441283449074
ecBSU1,13.5,9.0,0.4966306030083952
ecBSU1,13.5,9.75,0.515217077671883
ecBSU1,13.5,10.5,0.5338035523353709
ecBSU1,13.5,11.25,0.5523900269988588
ecBSU1,13.5,12.0,0.5545565164493175
ecBSU1,13.5,12.75,0.5545565164493087
ecBSU1,13.5,13.5,0.5545565164493087
ecBSU1,13.5,14.25,0.5545565164492929
ecBSU1,13.5,15.0,0.5545565164492983
ecBSU1,13.5,15.75,0.5545565164492983
ecBSU1,13.5,16.5,0.5545565164492983
ecBSU1,13.5,17.25,0.5545565164492983
ecBSU1,13.5,18.0,0.5545565164492983
ecBSU1,13.5,18.75,0.5545565164492983
ecBSU1,13.5,19.5,0.5545565164492983
ecBSU1,13.5,20.25,0.5545565164492983
ecBSU1,13.5,21.0,0.5545565164492983
ecBSU1,13.5,21.75,0.5545565164492983
ecBSU1,13.5,22.5,0.5545565164492983
ecBSU1,13.5,23.25,0.5545565164492983
ecBSU1,13.5,24.0,0.5545565164492983
ecBSU1,13.5,24.75,0.5545565164492983
ecBSU1,13.5,25.5,0.5545565164492983
ecBSU1,13.5,26.25,0.5545565164492983
ecBSU1,13.5,27.0,0.5545565164492983
ecBSU1,13.5,27.75,0.5545565164492983
ecBSU1,13.5,28.5,0.5545565164492983
ecBSU1,13.5,29.25,0.5545565164492983
ecBSU1,13.5,30.0,0.5545565164492983
ecBSU1,13.875,0.0,0.0
ecBSU1,13.875,0.75,0.29122124922182224
ecBSU1,13.875,1.5,0.31656681032250117
ecBSU1,13.875,2.25,0.33802601921329783
ecBSU1,13.875,3.0,0.356612493876786
ecBSU1,13.875,3.75,0.3751989685402738
ecBSU1,13.875,4.5,0.3937854432037616
ecBSU1,13.875,5.25,0.4123719178672494
ecBSU1,13.875,6.0,0.43095839253073726
ecBSU1,13.875,6.75,0.44954486719422504
ecBSU1,13.875,7.5,0.4681313418577128
ecBSU1,13.875,8.25,0.4867178165212006
ecBSU1,13.875,9.0,0.5053042911846884
ecBSU1,13.875,9.75,0.5238907658481763
ecBSU1,13.875,10.5,0.542477240511664
ecBSU1,13.875,11.25,0.5545565164493087
ecBSU1,13.875,12.0,0.5545565164493044
ecBSU1,13.875,12.75,0.5545565164493044
ecBSU1,13.875,13.5,0.5545565164493044
ecBSU1,13.875,14.25,0.5545565164493029
ecBSU1,13.875,15.0,0.5545565164493068
ecBSU1,13.875,15.75,0.5545565164493068
ecBSU1,13.875,16.5,0.5545565164493068
ecBSU1,13.875,17.25,0.5545565164493068
ecBSU1,13.875,18.0,0.5545565164493068
ecBSU1,13.875,18.75,0.5545565164493068
ecBSU1,13.875,19.5,0.5545565164493068
ecBSU1,13.875,20.25,0.5545565164493068
ecBSU1,13.875,21.0,0.5545565164493068
ecBSU1,13.875,21.75,0.5545565164493068
ecBSU1,13.875,22.5,0.5545565164493068
ecBSU1,13.875,23.25,0.5545565164493068
ecBSU1,13.875,24.0,0.5545565164493068
ecBSU1,13.875,24.75,0.5545565164493068
ecBSU1,13.875,25.5,0.5545565164493068
ecBSU1,13.875,26.25,0.5545565164493068
ecBSU1,13.875,27.0,0.5545565164493068
ecBSU1,13.875,27.75,0.5545565164493068
ecBSU1,13.875,28.5,0.5545565164493068
ecBSU1,13.875,29.25,0.5545565164493068
ecBSU1,13.875,30.0,0.5545565164493068
ecBSU1,14.25,0.0,0.0
ecBSU1,14.25,0.75,0.29940468634869793
ecBSU1,14.25,1.5,0.3248279483789339
ecBSU1,14.25,2.25,0.3466997073895919
ecBSU1,14.25,3.0,0.3652861820530811
ecBSU1,14.25,3.75,0.383872656716569
ecBSU1,14.25,4.5,0.40245913138005684
ecBSU1,14.25,5.25,0.4210456060435447
ecBSU1,14.25,6.0,0.4396320807070325
ecBSU1,14.25,6.75,0.45821855537052036
ecBSU1,14.25,7.5,0.47680503003400826
ecBSU1,14.25,8.25,0.4953915046974961
ecBSU1,14.25,9.0,0.5139779793609839
ecBSU1,14.25,9.75,0.5325644540244718
ecBSU1,14.25,10.5,0.5511509286879597
ecBSU1,14.25,11.25,0.5545565164493087
ecBSU1,14.25,12.0,0.5545565164493087
ecBSU1,14.25,12.75,0.5545565164493087
ecBSU1,14.25,13.5,0.5545565164493087
ecBSU1,14.25,14.25,0.5545565164493004
ecBSU1,14.25,15.0,0.5545565164493027
ecBSU1,14.25,15.75,0.5545565164493027
ecBSU1,14.25,16.5,0.5545565164493027
ecBSU1,14.25,17.25,0.5545565164493027
ecBSU1,14.25,18.0,0.5545565164493027
ecBSU1,14.25,18.75,0.5545565164493027
ecBSU1,14.25,19.5,0.5545565164493027
ecBSU1,14.25,20.25,0.5545565164493027
ecBSU1,14.25,21.0,0.5545565164493027
ecBSU1,14.25,21.75,0.5545565164493027
ecBSU1,14.25,22.5,0.5545565164493027
ecBSU1,14.25,23.25,0.5545565164493027
ecBSU1,14.25,24.0,0.5545565164493027
ecBSU1,14.25,24.75,0.5545565164493027
ecBSU1,14.25,25.5,0.5545565164493027
ecBSU1,14.25,26.25,0.5545565164493027
ecBSU1,14.25,27.0,0.5545565164493027
ecBSU1,14.25,27.75,0.5545565164493027
ecBSU1,14.25,28.5,0.5545565164493027
ecBSU1,14.25,29.25,0.5545565164493027
ecBSU1,14.25,30.0,0.5545565164493027
ecBSU1,14.625,0.0,0.0
ecBSU1,14.625,0.75,0.30758812347557424
ecBSU1,14.625,1.5,0.33308908643536667
ecBSU1,14.625,2.25,0.35537339556588643
ecBSU1,14.625,3.0,0.37395987022937444
ecBSU1,14.625,3.75,0.3925463448928623
ecBSU1,14.625,4.5,0.4111328195563501
ecBSU1,14.625,5.25,0.42971929421983784
ecBSU1,14.625,6.0,0.4483057688833257
ecBSU1,14.625,6.75,0.4668922435468134
ecBSU1,14.625,7.5,0.4854787182103013
ecBSU1,14.625,8.25,0.504065192873789
ecBSU1,14.625,9.0,0.5226516675372769
ecBSU1,14.625,9.75,0.5412381422007647
ecBSU1,14.625,10.5,0.5545565164493175
ecBSU1,14.625,11.25,0.5545565164493131
ecBSU1,14.625,12.0,0.5545565164493131
ecBSU1,14.625,12.75,0.5545565164493131
ecBSU1,14.625,13.5,0.5545565164493131
ecBSU1,14.625,14.25,0.5545565164493027
ecBSU1,14.625,15.0,0.5545565164492983
ecBSU1,14.625,15.75,0.5545565164492983
ecBSU1,14.625,16.5,0.5545565164492983
ecBSU1,14.625,17.25,0.5545565164492983
ecBSU1,14.625,18.0,0.5545565164492983
ecBSU1,14.625,18.75,0.5545565164492983
ecBSU1,14.625,19.5,0.5545565164492983
ecBSU1,14.625,20.25,0.5545565164492983
ecBSU1,14.625,21.0,0.5545565164492983
ecBSU1,14.625,21.75,0.5545565164492983
ecBSU1,14.625,22.5,0.5545565164492983
ecBSU1,14.625,23.25,0.5545565164492983
ecBSU1,14.625,24.0,0.5545565164492983
ecBSU1,14.625,24.75,0.5545565164492983
ecBSU1,14.625,25.5,0.5545565164492983
ecBSU1,14.625,26.25,0.5545565164492983
ecBSU1,14.625,27.0,0.5545565164492983
ecBSU1,14.625,27.75,0.5545565164492983
ecBSU1,14.625,28.5,0.5545565164492983
ecBSU1,14.625,29.25,0.5545565164492983
ecBSU1,14.625,30.0,0.5545565164492983
ecBSU1,15.0,0.0,0.0
ecBSU1,15.0,0.75,0.31577156060245337
ecBSU1,15.0,1.5,0.3413502244917993
ecBSU1,15.0,2.25,0.3640470837421807
ecBSU1,15.0,3.0,0.3826335584056689
ecBSU1,15.0,3.75,0.4012200330691567
ecBSU1,15.0,4.5,0.41980650773264455
ecBSU1,15.0,5.25,0.43839298239613234
ecBSU1,15.0,6.0,0.4569794570596202
ecBSU1,15.0,6.75,0.47556593172310796
ecBSU1,15.0,7.5,0.49415240638659574
ecBSU1,15.0,8.25,0.5127388810500836
ecBSU1,15.0,9.0,0.5313253557135714
ecBSU1,15.0,9.75,0.5499118303770592
ecBSU1,15.0,10.5,0.5545565164493044
ecBSU1,15.0,11.25,0.5545565164493044
ecBSU1,15.0,12.0,0.5545565164493044
ecBSU1,15.0,12.75,0.5545565164493044
ecBSU1,15.0,13.5,0.5545565164493044
ecBSU1,15.0,14.25,0.5545565164493029
ecBSU1,15.0,15.0,0.5545565164493068
ecBSU1,15.0,15.75,0.5545565164493068
ecBSU1,15.0,16.5,0.5545565164493068
ecBSU1,15.0,17.25,0.5545565164493068
ecBSU1,15.0,18.0,0.5545565164493068
ecBSU1,15.0,18.75,0.5545565164493068
ecBSU1,15.0,19.5,0.5545565164493068
ecBSU1,15.0,20.25,0.5545565164493068
ecBSU1,15.0,21.0,0.5545565164493068
ecBSU1,15.0,21.75,0.5545565164493068
ecBSU1,15.0,22.5,0.5545565164493068
ecBSU1,15.0,23.25,0.5545565164493068
ecBSU1,15.0,24.0,0.5545565164493068
ecBSU1,15.0,24.75,0.5545565164493068
ecBSU1,15.0,25.5,0.5545565164493068
ecBSU1,15.0,26.25,0.5545565164493068
ecBSU1,15.0,27.0,0.5545565164493068
ecBSU1,15.0,27.75,0.5545565164493068
ecBSU1,15.0,28.5,0.5545565164493068
ecBSU1,15.0,29.25,0.5545565164493068
ecBSU1,15.0,30.0,0.5545565164493068
Submodel,0.0,0.0,0.0
Submodel,0.0,0.75,0.0
Submodel,0.0,1.5,0.0
Submodel,0.0,2.25,0.0
Submodel,0.0,3.0,0.0
Submodel,0.0,3.75,0.0
Submodel,0.0,4.5,0.0
Submodel,0.0,5.25,0.0
Submodel,0.0,6.0,0.0
Submodel,0.0,6.75,0.0
Submodel,0.0,7.5,0.0
Submodel,0.0,8.25,0.0
Submodel,0.0,9.0,0.0
Submodel,0.0,9.75,0.0
Submodel,0.0,10.5,0.0
Submodel,0.0,11.25,0.0
Submodel,0.0,12.0,0.0
Submodel,0.0,12.75,0.0
Submodel,0.0,13.5,0.0
Submodel,0.0,14.25,0.0
Submodel,0.0,15.0,0.0
Submodel,0.0,15.75,0.0
Submodel,0.0,16.5,0.0
Submodel,0.0,17.25,0.0
Submodel,0.0,18.0,0.0
Submodel,0.0,18.75,0.0
Submodel,0.0,19.5,0.0
Submodel,0.0,20.25,0.0
Submodel,0.0,21.0,0.0
Submodel,0.0,21.75,0.0
Submodel,0.0,22.5,0.0
Submodel,0.0,23.25,0.0
Submodel,0.0,24.0,0.0
Submodel,0.0,24.75,0.0
Submodel,0.0,25.5,0.0
Submodel,0.0,26.25,0.0
Submodel,0.0,27.0,0.0
Submodel,0.0,27.75,0.0
Submodel,0.0,28.5,0.0
Submodel,0.0,29.25,0.0
Submodel,0.0,30.0,0.0
Submodel,0.375,0.0,0.0
Submodel,0.375,0.75,0.0
Submodel,0.375,1.5,0.018602102131267038
Submodel,0.375,2.25,0.019137119403231585
Submodel,0.375,3.0,0.019137119403231585
Submodel,0.375,3.75,0.019137119403231585
Submodel,0.375,4.5,0.019137119403231585
Submodel,0.375,5.25,0.019137119403231585
Submodel,0.375,6.0,0.019137119403231585
Submodel,0.375,6.75,0.019137119403231585
Submodel,0.375,7.5,0.019137119403231585
Submodel,0.375,8.25,0.019137119403231585
Submodel,0.375,9.0,0.019137119403231585
Submodel,0.375,9.75,0.019137119403231585
Submodel,0.375,10.5,0.019137119403231585
Submodel,0.375,11.25,0.019137119403231585
Submodel,0.375,12.0,0.019137119403231585
Submodel,0.375,12.75,0.019137119403231585
Submodel,0.375,13.5,0.019137119403231585
Submodel,0.375,14.25,0.019137119403231585
Submodel,0.375,15.0,0.019137119403231585
Submodel,0.375,15.75,0.019137119403231585
Submodel,0.375,16.5,0.019137119403231585
Submodel,0.375,17.25,0.019137119403231585
Submodel,0.375,18.0,0.019137119403231585
Submodel,0.375,18.75,0.019137119403231585
Submodel,0.375,19.5,0.019137119403231585
Submodel,0.375,20.25,0.019137119403231585
Submodel,0.375,21.0,0.019137119403231585
Submodel,0.375,21.75,0.019137119403231585
Submodel,0.375,22.5,0.019137119403231585
Submodel,0.375,23.25,0.019137119403231585
Submodel,0.375,24.0,0.019137119403231585
Submodel,0.375,24.75,0.019137119403231585
Submodel,0.375,25.5,0.019137119403231585
Submodel,0.375,26.25,0.019137119403231585
Submodel,0.375,27.0,0.019137119403231585
Submodel,0.375,27.75,0.019137119403231585
Submodel,0.375,28.5,0.019137119403231585
Submodel,0.375,29.25,0.019137119403231585
Submodel,0.375,30.0,0.019137119403231585
Submodel,0.75,0.0,0.0
Submodel,0.75,0.75,0.005672169662673735
Submodel,0.75,1.5,0.029334084130074666
Submodel,0.75,2.25,0.048115052627988236
Submodel,0.75,3.0,0.05347405613151974
Submodel,0.75,3.75,0.053474056131518934
Submodel,0.75,4.5,0.053474056131518934
Submodel,0.75,5.25,0.053474056131518934
Submodel,0.75,6.0,0.053474056131518934
Submodel,0.75,6.75,0.053474056131518934
Submodel,0.75,7.5,0.053474056131518934
Submodel,0.75,8.25,0.053474056131518934
Submodel,0.75,9.0,0.053474056131518934
Submodel,0.75,9.75,0.053474056131518934
Submodel,0.75,10.5,0.053474056131518934
Submodel,0.75,11.25,0.053474056131518934
Submodel,0.75,12.0,0.053474056131518934
Submodel,0.75,12.75,0.053474056131518934
Submodel,0.75,13.5,0.053474056131518934
Submodel,0.75,14.25,0.053474056131518934
Submodel,0.75,15.0,0.053474056131518934
Submodel,0.75,15.75,0.053474056131518934
Submodel,0.75,16.5,0.053474056131518934
Submodel,0.75,17.25,0.053474056131518934
Submodel,0.75,18.0,0.053474056131518934
Submodel,0.75,18.75,0.053474056131518934
Submodel,0.75,19.5,0.053474056131518934
Submodel,0.75,20.25,0.053474056131518934
Submodel,0.75,21.0,0.053474056131518934
Submodel,0.75,21.75,0.053474056131518934
Submodel,0.75,22.5,0.053474056131518934
Submodel,0.75,23.25,0.053474056131518934
Submodel,0.75,24.0,0.053474056131518934
Submodel,0.75,24.75,0.053474056131518934
Submodel,0.75,25.5,0.053474056131518934
Submodel,0.75,26.25,0.053474056131518934
Submodel,0.75,27.0,0.053474056131518934
Submodel,0.75,27.75,0.053474056131518934
Submodel,0.75,28.5,0.053474056131518934
Submodel,0.75,29.25,0.053474056131518934
Submodel,0.75,30.0,0.053474056131518934
Submodel,1.125,0.0,0.0
Submodel,1.125,0.75,0.011539931382681367
Submodel,1.125,1.5,0.03794485912271488
Submodel,1.125,2.25,0.058847034626795934
Submodel,1.125,3.0,0.07762800312470973
Submodel,1.125,3.75,0.08781099285980594
Submodel,1.125,4.5,0.08781099285980444
Submodel,1.125,5.25,0.08781099285980444
Submodel,1.125,6.0,0.08781099285980444
Submodel,1.125,6.75,0.08781099285980444
Submodel,1.125,7.5,0.08781099285980444
Submodel,1.125,8.25,0.08781099285980444
Submodel,1.125,9.0,0.08781099285980444
Submodel,1.125,9.75,0.08781099285980444
Submodel,1.125,10.5,0.08781099285980444
Submodel,1.125,11.25,0.08781099285980444
Submodel,1.125,12.0,0.08781099285980444
Submodel,1.125,12.75,0.08781099285980444
Submodel,1.125,13.5,0.08781099285980444
Submodel,1.125,14.25,0.08781099285980444
Submodel,1.125,15.0,0.08781099285980444
Submodel,1.125,15.75,0.08781099285980444
Submodel,1.125,16.5,0.08781099285980444
Submodel,1.125,17.25,0.08781099285980444
Submodel,1.125,18.0,0.08781099285980444
Submodel,1.125,18.75,0.08781099285980444
Submodel,1.125,19.5,0.08781099285980444
Submodel,1.125,20.25,0.08781099285980444
Submodel,1.125,21.0,0.08781099285980444
Submodel,1.125,21.75,0.08781099285980444
Submodel,1.125,22.5,0.08781099285980444
Submodel,1.125,23.25,0.08781099285980444
Submodel,1.125,24.0,0.08781099285980444
Submodel,1.125,24.75,0.08781099285980444
Submodel,1.125,25.5,0.08781099285980444
Submodel,1.125,26.25,0.08781099285980444
Submodel,1.125,27.0,0.08781099285980444
Submodel,1.125,27.75,0.08781099285980444
Submodel,1.125,28.5,0.08781099285980444
Submodel,1.125,29.25,0.08781099285980444
Submodel,1.125,30.0,0.08781099285980444
Submodel,1.5,0.0,0.0
Submodel,1.5,0.75,0.0174076931026888
Submodel,1.5,1.5,0.04381262084272222
Submodel,1.5,2.25,0.06957901662560335
Submodel,1.5,3.0,0.0883599851235184
Submodel,1.5,3.75,0.10714095362143197
Submodel,1.5,4.5,0.12214792958809075
Submodel,1.5,5.25,0.1221479295880913
Submodel,1.5,6.0,0.1221479295880913
Submodel,1.5,6.75,0.1221479295880913
Submodel,1.5,7.5,0.1221479295880913
Submodel,1.5,8.25,0.1221479295880913
Submodel,1.5,9.0,0.1221479295880913
Submodel,1.5,9.75,0.1221479295880913
Submodel,1.5,10.5,0.1221479295880913
Submodel,1.5,11.25,0.1221479295880913
Submodel,1.5,12.0,0.1221479295880913
Submodel,1.5,12.75,0.1221479295880913
Submodel,1.5,13.5,0.1221479295880913
Submodel,1.5,14.25,0.1221479295880913
Submodel,1.5,15.0,0.1221479295880913
Submodel,1.5,15.75,0.1221479295880913
Submodel,1.5,16.5,0.1221479295880913
Submodel,1.5,17.25,0.1221479295880913
Submodel,1.5,18.0,0.1221479295880913
Submodel,1.5,18.75,0.1221479295880913
Submodel,1.5,19.5,0.1221479295880913
Submodel,1.5,20.25,0.1221479295880913
Submodel,1.5,21.0,0.1221479295880913
Submodel,1.5,21.75,0.1221479295880913
Submodel,1.5,22.5,0.1221479295880913
Submodel,1.5,23.25,0.1221479295880913
Submodel,1.5,24.0,0.1221479295880913
Submodel,1.5,24.75,0.1221479295880913
Submodel,1.5,25.5,0.1221479295880913
Submodel,1.5,26.25,0.1221479295880913
Submodel,1.5,27.0,0.1221479295880913
Submodel,1.5,27.75,0.1221479295880913
Submodel,1.5,28.5,0.1221479295880913
Submodel,1.5,29.25,0.1221479295880913
Submodel,1.5,30.0,0.1221479295880913
Submodel,1.875,0.0,0.0
Submodel,1.875,0.75,0.023275454822696166
Submodel,1.875,1.5,0.049680382562729906
Submodel,1.875,2.25,0.07608531030276325
Submodel,1.875,3.0,0.09909196712232415
Submodel,1.875,3.75,0.11787293562023823
Submodel,1.875,4.5,0.13665390411814954
Submodel,1.875,5.25,0.15543487261606573
Submodel,1.875,6.0,0.15648486631637915
Submodel,1.875,6.75,0.15648486631637998
Submodel,1.875,7.5,0.15648486631637998
Submodel,1.875,8.25,0.15648486631637998
Submodel,1.875,9.0,0.15648486631637998
Submodel,1.875,9.75,0.15648486631637998
Submodel,1.875,10.5,0.15648486631637998
Submodel,1.875,11.25,0.15648486631637998
Submodel,1.875,12.0,0.15648486631637998
Submodel,1.875,12.75,0.15648486631637998
Submodel,1.875,13.5,0.15648486631637998
Submodel,1.875,14.25,0.15648486631637998
Submodel,1.875,15.0,0.15648486631637998
Submodel,1.875,15.75,0.15648486631637998
Submodel,1.875,16.5,0.15648486631637998
Submodel,1.875,17.25,0.15648486631637998
Submodel,1.875,18.0,0.15648486631637998
Submodel,1.875,18.75,0.15648486631637998
Submodel,1.875,19.5,0.15648486631637998
Submodel,1.875,20.25,0.15648486631637998
Submodel,1.875,21.0,0.15648486631637998
Submodel,1.875,21.75,0.15648486631637998
Submodel,1.875,22.5,0.15648486631637998
Submodel,1.875,23.25,0.15648486631637998
Submodel,1.875,24.0,0.15648486631637998
Submodel,1.875,24.75,0.15648486631637998
Submodel,1.875,25.5,0.15648486631637998
Submodel,1.875,26.25,0.15648486631637998
Submodel,1.875,27.0,0.15648486631637998
Submodel,1.875,27.75,0.15648486631637998
Submodel,1.875,28.5,0.15648486631637998
Submodel,1.875,29.25,0.15648486631637998
Submodel,1.875,30.0,0.15648486631637998
Submodel,2.25,0.0,0.0027382888026701553
Submodel,2.25,0.75,0.02914321654270369
Submodel,2.25,1.5,0.05554814428273745
Submodel,2.25,2.25,0.0819530720227709
Submodel,2.25,3.0,0.10835799976280439
Submodel,2.25,3.75,0.1286049176190456
Submodel,2.25,4.5,0.14738588611696
Submodel,2.25,5.25,0.16616685461487282
Submodel,2.25,6.0,0.18494782311278637
Submodel,2.25,6.75,0.19082180304466487
Submodel,2.25,7.5,0.19082180304466348
Submodel,2.25,8.25,0.19082180304466348
Submodel,2.25,9.0,0.19082180304466348
Submodel,2.25,9.75,0.19082180304466348
Submodel,2.25,10.5,0.19082180304466348
Submodel,2.25,11.25,0.19082180304466348
Submodel,2.25,12.0,0.19082180304466348
Submodel,2.25,12.75,0.19082180304466348
Submodel,2.25,13.5,0.19082180304466348
Submodel,2.25,14.25,0.19082180304466348
Submodel,2.25,15.0,0.19082180304466348
Submodel,2.25,15.75,0.19082180304466348
Submodel,2.25,16.5,0.19082180304466348
Submodel,2.25,17.25,0.19082180304466348
Submodel,2.25,18.0,0.19082180304466348
Submodel,2.25,18.75,0.19082180304466348
Submodel,2.25,19.5,0.19082180304466348
Submodel,2.25,20.25,0.19082180304466348
Submodel,2.25,21.0,0.19082180304466348
Submodel,2.25,21.75,0.19082180304466348
Submodel,2.25,22.5,0.19082180304466348
Submodel,2.25,23.25,0.19082180304466348
Submodel,2.25,24.0,0.19082180304466348
Submodel,2.25,24.75,0.19082180304466348
Submodel,2.25,25.5,0.19082180304466348
Submodel,2.25,26.25,0.19082180304466348
Submodel,2.25,27.0,0.19082180304466348
Submodel,2.25,27.75,0.19082180304466348
Submodel,2.25,28.5,0.19082180304466348
Submodel,2.25,29.25,0.19082180304466348
Submodel,2.25,30.0,0.19082180304466348
Submodel,2.625,0.0,0.008606050522677726
Submodel,2.625,0.75,0.035010978262711136
Submodel,2.625,1.5,0.061415906002744575
Submodel,2.625,2.25,0.08782083374277808
Submodel,2.625,3.0,0.11422576148281152
Submodel,2.625,3.75,0.13933689961785437
Submodel,2.625,4.5,0.15811786811576795
Submodel,2.625,5.25,0.17689883661368153
Submodel,2.625,6.0,0.1956798051115952
Submodel,2.625,6.75,0.21446077360950874
Submodel,2.625,7.5,0.22515873977295156
Submodel,2.625,8.25,0.22515873977295203
Submodel,2.625,9.0,0.22515873977295203
Submodel,2.625,9.75,0.22515873977295203
Submodel,2.625,10.5,0.22515873977295203
Submodel,2.625,11.25,0.22515873977295203
Submodel,2.625,12.0,0.22515873977295203
Submodel,2.625,12.75,0.22515873977295203
Submodel,2.625,13.5,0.22515873977295203
Submodel,2.625,14.25,0.22515873977295203
Submodel,2.625,15.0,0.22515873977295203
Submodel,2.625,15.75,0.22515873977295203
Submodel,2.625,16.5,0.22515873977295203
Submodel,2.625,17.25,0.22515873977295203
Submodel,2.625,18.0,0.22515873977295203
Submodel,2.625,18.75,0.22515873977295203
Submodel,2.625,19.5,0.22515873977295203
Submodel,2.625,20.25,0.22515873977295203
Submodel,2.625,21.0,0.22515873977295203
Submodel,2.625,21.75,0.22515873977295203
Submodel,2.625,22.5,0.22515873977295203
Submodel,2.625,23.25,0.22515873977295203
Submodel,2.625,24.0,0.22515873977295203
Submodel,2.625,24.75,0.22515873977295203
Submodel,2.625,25.5,0.22515873977295203
Submodel,2.625,26.25,0.22515873977295203
Submodel,2.625,27.0,0.22515873977295203
Submodel,2.625,27.75,0.22515873977295203
Submodel,2.625,28.5,0.22515873977295203
Submodel,2.625,29.25,0.22515873977295203
Submodel,2.625,30.0,0.22515873977295203
Submodel,3.0,0.0,0.01447381224268503
Submodel,3.0,0.75,0.040878739982718675
Submodel,3.0,1.5,0.06728366772275195
Submodel,3.0,2.25,0.09368859546278589
Submodel,3.0,3.0,0.12009352320281945
Submodel,3.0,3.75,0.14649845094285296
Submodel,3.0,4.5,0.16884985011457598
Submodel,3.0,5.25,0.1876308186124902
Submodel,3.0,6.0,0.20641178711040295
Submodel,3.0,6.75,0.22519275560831606
Submodel,3.0,7.5,0.24397372410622933
Submodel,3.0,8.25,0.2594956765012381
Submodel,3.0,9.0,0.2594956765012381
Submodel,3.0,9.75,0.2594956765012381
Submodel,3.0,10.5,0.2594956765012381
Submodel,3.0,11.25,0.2594956765012381
Submodel,3.0,12.0,0.2594956765012381
Submodel,3.0,12.75,0.2594956765012381
Submodel,3.0,13.5,0.2594956765012381
Submodel,3.0,14.25,0.2594956765012381
Submodel,3.0,15.0,0.2594956765012381
Submodel,3.0,15.75,0.2594956765012381
Submodel,3.0,16.5,0.2594956765012381
Submodel,3.0,17.25,0.2594956765012381
Submodel,3.0,18.0,0.2594956765012381
Submodel,3.0,18.75,0.2594956765012381
Submodel,3.0,19.5,0.2594956765012381
Submodel,3.0,20.25,0.2594956765012381
Submodel,3.0,21.0,0.2594956765012381
Submodel,3.0,21.75,0.2594956765012381
Submodel,3.0,22.5,0.2594956765012381
Submodel,3.0,23.25,0.2594956765012381
Submodel,3.0,24.0,0.2594956765012381
Submodel,3.0,24.75,0.2594956765012381
Submodel,3.0,25.5,0.2594956765012381
Submodel,3.0,26.25,0.2594956765012381
Submodel,3.0,27.0,0.2594956765012381
Submodel,3.0,27.75,0.2594956765012381
Submodel,3.0,28.5,0.2594956765012381
Submodel,3.0,29.25,0.2594956765012381
Submodel,3.0,30.0,0.2594956765012381
Submodel,3.375,0.0,0.020341573962692504
Submodel,3.375,0.75,0.04674650170272613
Submodel,3.375,1.5,0.07315142944275964
Submodel,3.375,2.25,0.09955635718279307
Submodel,3.375,3.0,0.12596128492282668
Submodel,3.375,3.75,0.15236621266286018
Submodel,3.375,4.5,0.17877114040289396
Submodel,3.375,5.25,0.1983628006112972
Submodel,3.375,6.0,0.21714376910921118
Submodel,3.375,6.75,0.2359247376071245
Submodel,3.375,7.5,0.2547057061050379
Submodel,3.375,8.25,0.2734866746029518
Submodel,3.375,9.0,0.2922676431008659
Submodel,3.375,9.75,0.29383261322952464
Submodel,3.375,10.5,0.29383261322952464
Submodel,3.375,11.25,0.29383261322952464
Submodel,3.375,12.0,0.29383261322952464
Submodel,3.375,12.75,0.29383261322952464
Submodel,3.375,13.5,0.29383261322952464
Submodel,3.375,14.25,0.29383261322952464
Submodel,3.375,15.0,0.29383261322952464
Submodel,3.375,15.75,0.29383261322952464
Submodel,3.375,16.5,0.29383261322952464
Submodel,3.375,17.25,0.29383261322952464
Submodel,3.375,18.0,0.29383261322952464
Submodel,3.375,18.75,0.29383261322952464
Submodel,3.375,19.5,0.29383261322952464
Submodel,3.375,20.25,0.29383261322952464
Submodel,3.375,21.0,0.29383261322952464
Submodel,3.375,21.75,0.29383261322952464
Submodel,3.375,22.5,0.29383261322952464
Submodel,3.375,23.25,0.29383261322952464
Submodel,3.375,24.0,0.29383261322952464
Submodel,3.375,24.75,0.29383261322952464
Submodel,3.375,25.5,0.29383261322952464
Submodel,3.375,26.25,0.29383261322952464
Submodel,3.375,27.0,0.29383261322952464
Submodel,3.375,27.75,0.29383261322952464
Submodel,3.375,28.5,0.29383261322952464
Submodel,3.375,29.25,0.29383261322952464
Submodel,3.375,30.0,0.29383261322952464
Submodel,3.75,0.0,0.026209335682699963
Submodel,3.75,0.75,0.052614263422733884
Submodel,3.75,1.5,0.07901919116276686
Submodel,3.75,2.25,0.10542411890280043
Submodel,3.75,3.0,0.13182904664283387
Submodel,3.75,3.75,0.15823397438286851
Submodel,3.75,4.5,0.18463890212290215
Submodel,3.75,5.25,0.20909478261010456
Submodel,3.75,6.0,0.22787575110801783
Submodel,3.75,6.75,0.2466567196059329
Submodel,3.75,7.5,0.2654376881038464
Submodel,3.75,8.25,0.28421865660176
Submodel,3.75,9.0,0.30299962509967343
Submodel,3.75,9.75,0.3217805935975877
Submodel,3.75,10.5,0.32816954995781134
Submodel,3.75,11.25,0.32816954995781134
Submodel,3.75,12.0,0.32816954995781134
Submodel,3.75,12.75,0.32816954995781134
Submodel,3.75,13.5,0.32816954995781134
Submodel,3.75,14.25,0.32816954995781134
Submodel,3.75,15.0,0.32816954995781134
Submodel,3.75,15.75,0.32816954995781134
Submodel,3.75,16.5,0.32816954995781134
Submodel,3.75,17.25,0.32816954995781134
Submodel,3.75,18.0,0.32816954995781134
Submodel,3.75,18.75,0.32816954995781134
Submodel,3.75,19.5,0.32816954995781134
Submodel,3.75,20.25,0.32816954995781134
Submodel,3.75,21.0,0.32816954995781134
Submodel,3.75,21.75,0.32816954995781134
Submodel,3.75,22.5,0.32816954995781134
Submodel,3.75,23.25,0.32816954995781134
Submodel,3.75,24.0,0.32816954995781134
Submodel,3.75,24.75,0.32816954995781134
Submodel,3.75,25.5,0.32816954995781134
Submodel,3.75,26.25,0.32816954995781134
Submodel,3.75,27.0,0.32816954995781134
Submodel,3.75,27.75,0.32816954995781134
Submodel,3.75,28.5,0.32816954995781134
Submodel,3.75,29.25,0.32816954995781134
Submodel,3.75,30.0,0.32816954995781134
Submodel,4.125,0.0,0.032077097402707304
Submodel,4.125,0.75,0.05848202514274089
Submodel,4.125,1.5,0.08488695288277139
Submodel,4.125,2.25,0.11129188062281258
Submodel,4.125,3.0,0.1376968083628455
Submodel,4.125,3.75,0.16410173610287582
Submodel,4.125,4.5,0.1905066638429095
Submodel,4.125,5.25,0.21691159158294307
Submodel,4.125,6.0,0.23860773310682704
Submodel,4.125,6.75,0.25738870160473987
Submodel,4.125,7.5,0.2761696701026537
Submodel,4.125,8.25,0.29495063860056686
Submodel,4.125,9.0,0.3137316070984819
Submodel,4.125,9.75,0.3325125755963953
Submodel,4.125,10.5,0.3512935440943095
Submodel,4.125,11.25,0.3625064866861025
Submodel,4.125,12.0,0.3625064866861026
Submodel,4.125,12.75,0.3625064866861026
Submodel,4.125,13.5,0.3625064866861026
Submodel,4.125,14.25,0.3625064866861026
Submodel,4.125,15.0,0.3625064866861026
Submodel,4.125,15.75,0.3625064866861026
Submodel,4.125,16.5,0.3625064866861026
Submodel,4.125,17.25,0.3625064866861026
Submodel,4.125,18.0,0.3625064866861026
Submodel,4.125,18.75,0.3625064866861026
Submodel,4.125,19.5,0.3625064866861026
Submodel,4.125,20.25,0.3625064866861026
Submodel,4.125,21.0,0.3625064866861026
Submodel,4.125,21.75,0.3625064866861026
Submodel,4.125,22.5,0.3625064866861026
Submodel,4.125,23.25,0.3625064866861026
Submodel,4.125,24.0,0.3625064866861026
Submodel,4.125,24.75,0.3625064866861026
Submodel,4.125,25.5,0.3625064866861026
Submodel,4.125,26.25,0.3625064866861026
Submodel,4.125,27.0,0.3625064866861026
Submodel,4.125,27.75,0.3625064866861026
Submodel,4.125,28.5,0.3625064866861026
Submodel,4.125,29.25,0.3625064866861026
Submodel,4.125,30.0,0.3625064866861026
Submodel,4.5,0.0,0.037944859122714364
Submodel,4.5,0.75,0.06434978686274807
Submodel,4.5,1.5,0.0907547146027819
Submodel,4.5,2.25,0.11715964234281531
Submodel,4.5,3.0,0.14356457008284876
Submodel,4.5,3.75,0.16996949782288232
Submodel,4.5,4.5,0.1963744255629156
Submodel,4.5,5.25,0.22277935330294907
Submodel,4.5,6.0,0.2491842810429828
Submodel,4.5,6.75,0.26812068360354807
Submodel,4.5,7.5,0.2869016521014607
Submodel,4.5,8.25,0.3056826205993739
Submodel,4.5,9.0,0.32446358909728606
Submodel,4.5,9.75,0.34324455759520045
Submodel,4.5,10.5,0.3620255260931157
Submodel,4.5,11.25,0.3808064945910293
Submodel,4.5,12.0,0.39684342341438283
Submodel,4.5,12.75,0.3968434234143845
Submodel,4.5,13.5,0.3968434234143845
Submodel,4.5,14.25,0.3968434234143845
Submodel,4.5,15.0,0.3968434234143845
Submodel,4.5,15.75,0.3968434234143845
Submodel,4.5,16.5,0.3968434234143845
Submodel,4.5,17.25,0.3968434234143845
Submodel,4.5,18.0,0.3968434234143845
Submodel,4.5,18.75,0.3968434234143845
Submodel,4.5,19.5,0.3968434234143845
Submodel,4.5,20.25,0.3968434234143845
Submodel,4.5,21.0,0.3968434234143845
Submodel,4.5,21.75,0.3968434234143845
Submodel,4.5,22.5,0.3968434234143845
Submodel,4.5,23.25,0.3968434234143845
Submodel,4.5,24.0,0.3968434234143845
Submodel,4.5,24.75,0.3968434234143845
Submodel,4.5,25.5,0.3968434234143845
Submodel,4.5,26.25,0.3968434234143845
Submodel,4.5,27.0,0.3968434234143845
Submodel,4.5,27.75,0.3968434234143845
Submodel,4.5,28.5,0.3968434234143845
Submodel,4.5,29.25,0.3968434234143845
Submodel,4.5,30.0,0.3968434234143845
Submodel,4.875,0.0,0.043812620842722576
Submodel,4.875,0.75,0.07021754858275582
Submodel,4.875,1.5,0.09662247632278993
Submodel,4.875,2.25,0.12302740406282352
Submodel,4.875,3.0,0.14943233180285725
Submodel,4.875,3.75,0.1758372595428908
Submodel,4.875,4.5,0.20224218728292456
Submodel,4.875,5.25,0.22864711502295837
Submodel,4.875,6.0,0.2550520427629921
Submodel,4.875,6.75,0.27885266560235455
Submodel,4.875,7.5,0.29763363410026966
Submodel,4.875,8.25,0.31641460259818244
Submodel,4.875,9.0,0.33519557109609704
Submodel,4.875,9.75,0.353976539594011
Submodel,4.875,10.5,0.3727575080919244
Submodel,4.875,11.25,0.3915384765898384
Submodel,4.875,12.0,0.41031944508775187
Submodel,4.875,12.75,0.4291004135856653
Submodel,4.875,13.5,0.43118036014267747
Submodel,4.875,14.25,0.4311803601426725
Submodel,4.875,15.0,0.4311803601426725
Submodel,4.875,15.75,0.4311803601426725
Submodel,4.875,16.5,0.4311803601426725
Submodel,4.875,17.25,0.4311803601426725
Submodel,4.875,18.0,0.4311803601426725
Submodel,4.875,18.75,0.4311803601426725
Submodel,4.875,19.5,0.4311803601426725
Submodel,4.875,20.25,0.4311803601426725
Submodel,4.875,21.0,0.4311803601426725
Submodel,4.875,21.75,0.4311803601426725
Submodel,4.875,22.5,0.4311803601426725
Submodel,4.875,23.25,0.4311803601426725
Submodel,4.875,24.0,0.4311803601426725
Submodel,4.875,24.75,0.4311803601426725
Submodel,4.875,25.5,0.4311803601426725
Submodel,4.875,26.25,0.4311803601426725
Submodel,4.875,27.0,0.4311803601426725
Submodel,4.875,27.75,0.4311803601426725
Submodel,4.875,28.5,0.4311803601426725
Submodel,4.875,29.25,0.4311803601426725
Submodel,4.875,30.0,0.4311803601426725
Submodel,5.25,0.0,0.049680382562729886
Submodel,5.25,0.75,0.07608531030276411
Submodel,5.25,1.5,0.10249023804279735
Submodel,5.25,2.25,0.12889516578283094
Submodel,5.25,3.0,0.1553000935228642
Submodel,5.25,3.75,0.18170502126289784
Submodel,5.25,4.5,0.20810994900293162
Submodel,5.25,5.25,0.23451487674296512
Submodel,5.25,6.0,0.26091980448299873
Submodel,5.25,6.75,0.28732473222303223
Submodel,5.25,7.5,0.30836561609907753
Submodel,5.25,8.25,0.32714658459699153
Submodel,5.25,9.0,0.3459275530949047
Submodel,5.25,9.75,0.3647085215928188
Submodel,5.25,10.5,0.3834894900907315
Submodel,5.25,11.25,0.4022704585886453
Submodel,5.25,12.0,0.42105142708655907
Submodel,5.25,12.75,0.43983239558447257
Submodel,5.25,13.5,0.45861336408238573
Submodel,5.25,14.25,0.4655172968709616
Submodel,5.25,15.0,0.4655172968709508
Submodel,5.25,15.75,0.4655172968709508
Submodel,5.25,16.5,0.4655172968709508
Submodel,5.25,17.25,0.4655172968709508
Submodel,5.25,18.0,0.4655172968709508
Submodel,5.25,18.75,0.4655172968709508
Submodel,5.25,19.5,0.4655172968709508
Submodel,5.25,20.25,0.4655172968709508
Submodel,5.25,21.0,0.4655172968709508
Submodel,5.25,21.75,0.4655172968709508
Submodel,5.25,22.5,0.4655172968709508
Submodel,5.25,23.25,0.4655172968709508
Submodel,5.25,24.0,0.4655172968709508
Submodel,5.25,24.75,0.4655172968709508
Submodel,5.25,25.5,0.4655172968709508
Submodel,5.25,26.25,0.4655172968709508
Submodel,5.25,27.0,0.4655172968709508
Submodel,5.25,27.75,0.4655172968709508
Submodel,5.25,28.5,0.4655172968709508
Submodel,5.25,29.25,0.4655172968709508
Submodel,5.25,30.0,0.4655172968709508
Submodel,5.625,0.0,0.05554814428273722
Submodel,5.625,0.75,0.08195307202277094
Submodel,5.625,1.5,0.10835799976280411
Submodel,5.625,2.25,0.13476292750283766
Submodel,5.625,3.0,0.16116785524287128
Submodel,5.625,3.75,0.18757278298290503
Submodel,5.625,4.5,0.21397771072293853
Submodel,5.625,5.25,0.24038263846297206
Submodel,5.625,6.0,0.26678756620300464
Submodel,5.625,6.75,0.2931924939430396
Submodel,5.625,7.5,0.3190975980978851
Submodel,5.625,8.25,0.3378785665957989
Submodel,5.625,9.0,0.35665953509371134
Submodel,5.625,9.75,0.37544050359162573
Submodel,5.625,10.5,0.3942214720895395
Submodel,5.625,11.25,0.41300244058745256
Submodel,5.625,12.0,0.43178340908536583
Submodel,5.625,12.75,0.45056437758328033
Submodel,5.625,13.5,0.4693453460811938
Submodel,5.625,14.25,0.4881263145791091
Submodel,5.625,15.0,0.499854233599243
Submodel,5.625,15.75,0.4998542335992494
Submodel,5.625,16.5,0.4998542335992494
Submodel,5.625,17.25,0.4998542335992494
Submodel,5.625,18.0,0.4998542335992494
Submodel,5.625,18.75,0.4998542335992494
Submodel,5.625,19.5,0.4998542335992494
Submodel,5.625,20.25,0.4998542335992494
Submodel,5.625,21.0,0.4998542335992494
Submodel,5.625,21.75,0.4998542335992494
Submodel,5.625,22.5,0.4998542335992494
Submodel,5.625,23.25,0.4998542335992494
Submodel,5.625,24.0,0.4998542335992494
Submodel,5.625,24.75,0.4998542335992494
Submodel,5.625,25.5,0.4998542335992494
Submodel,5.625,26.25,0.4998542335992494
Submodel,5.625,27.0,0.4998542335992494
Submodel,5.625,27.75,0.4998542335992494
Submodel,5.625,28.5,0.4998542335992494
Submodel,5.625,29.25,0.4998542335992494
Submodel,5.625,30.0,0.4998542335992494
Submodel,6.0,0.0,0.06141590600274557
Submodel,6.0,0.75,0.0878208337427791
Submodel,6.0,1.5,0.11422576148281294
Submodel,6.0,2.25,0.14063068922284638
Submodel,6.0,3.0,0.16703561696288013
Submodel,6.0,3.75,0.19344054470291389
Submodel,6.0,4.5,0.219845472442947
Submodel,6.0,5.25,0.2462504001829789
Submodel,6.0,6.0,0.2726553279230124
Submodel,6.0,6.75,0.2990602556630459
Submodel,6.0,7.5,0.3254651834030793
Submodel,6.0,8.25,0.34861054859460683
Submodel,6.0,9.0,0.3673915170925198
Submodel,6.0,9.75,0.3861724855904342
Submodel,6.0,10.5,0.4049534540883471
Submodel,6.0,11.25,0.4237344225862626
Submodel,6.0,12.0,0.44251539108417387
Submodel,6.0,12.75,0.46129635958208787
Submodel,6.0,13.5,0.48007732808000136
Submodel,6.0,14.25,0.498858296577914
Submodel,6.0,15.0,0.5176392650758311
Submodel,6.0,15.75,0.5341911703275312
Submodel,6.0,16.5,0.5341911703275314
Submodel,6.0,17.25,0.5341911703275314
Submodel,6.0,18.0,0.5341911703275314
Submodel,6.0,18.75,0.5341911703275314
Submodel,6.0,19.5,0.5341911703275314
Submodel,6.0,20.25,0.5341911703275314
Submodel,6.0,21.0,0.5341911703275314
Submodel,6.0,21.75,0.5341911703275314
Submodel,6.0,22.5,0.5341911703275314
Submodel,6.0,23.25,0.5341911703275314
Submodel,6.0,24.0,0.5341911703275314
Submodel,6.0,24.75,0.5341911703275314
Submodel,6.0,25.5,0.5341911703275314
Submodel,6.0,26.25,0.5341911703275314
Submodel,6.0,27.0,0.5341911703275314
Submodel,6.0,27.75,0.5341911703275314
Submodel,6.0,28.5,0.5341911703275314
Submodel,6.0,29.25,0.5341911703275314
Submodel,6.0,30.0,0.5341911703275314
Submodel,6.375,0.0,0.06728366772275216
Submodel,6.375,0.75,0.09368859546278556
Submodel,6.375,1.5,0.12009352320281912
Submodel,6.375,2.25,0.1464984509428527
Submodel,6.375,3.0,0.17290337868288588
Submodel,6.375,3.75,0.19930830642291936
Submodel,6.375,4.5,0.22571323416295322
Submodel,6.375,5.25,0.25211816190298697
Submodel,6.375,6.0,0.27852308964302036
Submodel,6.375,6.75,0.30492801738305364
Submodel,6.375,7.5,0.33133294512308736
Submodel,6.375,8.25,0.35773787286312053
Submodel,6.375,9.0,0.37812349909132814
Submodel,6.375,9.75,0.39690446758924164
Submodel,6.375,10.5,0.4156854360871538
Submodel,6.375,11.25,0.43446640458506747
Submodel,6.375,12.0,0.4532473730829811
Submodel,6.375,12.75,0.472028341580895
Submodel,6.375,13.5,0.49080931007880935
Submodel,6.375,14.25,0.5095902785767231
Submodel,6.375,15.0,0.5283712470746366
Submodel,6.375,15.75,0.5471522155725501
Submodel,6.375,16.5,0.5659331840704623
Submodel,6.375,17.25,0.5685281070558273
Submodel,6.375,18.0,0.5685281070558147
Submodel,6.375,18.75,0.5685281070558147
Submodel,6.375,19.5,0.5685281070558147
Submodel,6.375,20.25,0.5685281070558147
Submodel,6.375,21.0,0.5685281070558147
Submodel,6.375,21.75,0.5685281070558147
Submodel,6.375,22.5,0.5685281070558147
Submodel,6.375,23.25,0.5685281070558147
Submodel,6.375,24.0,0.5685281070558147
Submodel,6.375,24.75,0.5685281070558147
Submodel,6.375,25.5,0.5685281070558147
Submodel,6.375,26.25,0.5685281070558147
Submodel,6.375,27.0,0.5685281070558147
Submodel,6.375,27.75,0.5685281070558147
Submodel,6.375,28.5,0.5685281070558147
Submodel,6.375,29.25,0.5685281070558147
Submodel,6.375,30.0,0.5685281070558147
Submodel,6.75,0.0,0.0731514294427603
Submodel,6.75,0.75,0.09955635718279289
Submodel,6.75,1.5,0.12596128492282632
Submodel,6.75,2.25,0.1523662126628604
Submodel,6.75,3.0,0.17877114040289377
Submodel,6.75,3.75,0.20517606814292752
Submodel,6.75,4.5,0.23158099588296102
Submodel,6.75,5.25,0.25798592362299416
Submodel,6.75,6.0,0.28439085136302805
Submodel,6.75,6.75,0.3107957791030615
Submodel,6.75,7.5,0.3372007068430955
Submodel,6.75,8.25,0.3636056345831295
Submodel,6.75,9.0,0.38885548109013635
Submodel,6.75,9.75,0.4076364495880475
Submodel,6.75,10.5,0.426417418085955
Submodel,6.75,11.25,0.44519838658387606
Submodel,6.75,12.0,0.4639793550817898
Submodel,6.75,12.75,0.4827603235797024
Submodel,6.75,13.5,0.5015412920776176
Submodel,6.75,14.25,0.5203222605755308
Submodel,6.75,15.0,0.5391032290734442
Submodel,6.75,15.75,0.5578841975713562
Submodel,6.75,16.5,0.5766651660692711
Submodel,6.75,17.25,0.5954461345671841
Submodel,6.75,18.0,0.6028650437841018
Submodel,6.75,18.75,0.6028650437841018
Submodel,6.75,19.5,0.6028650437841018
Submodel,6.75,20.25,0.6028650437841018
Submodel,6.75,21.0,0.6028650437841018
Submodel,6.75,21.75,0.6028650437841018
Submodel,6.75,22.5,0.6028650437841018
Submodel,6.75,23.25,0.6028650437841018
Submodel,6.75,24.0,0.6028650437841018
Submodel,6.75,24.75,0.6028650437841018
Submodel,6.75,25.5,0.6028650437841018
Submodel,6.75,26.25,0.6028650437841018
Submodel,6.75,27.0,0.6028650437841018
Submodel,6.75,27.75,0.6028650437841018
Submodel,6.75,28.5,0.6028650437841018
Submodel,6.75,29.25,0.6028650437841018
Submodel,6.75,30.0,0.6028650437841018
Submodel,7.125,0.0,0.07901919116276723
Submodel,7.125,0.75,0.10542411890280008
Submodel,7.125,1.5,0.13182904664283396
Submodel,7.125,2.25,0.15823397438286754
Submodel,7.125,3.0,0.18463890212290113
Submodel,7.125,3.75,0.21104382986293468
Submodel,7.125,4.5,0.23744875760296877
Submodel,7.125,5.25,0.26385368534300285
Submodel,7.125,6.0,0.2902586130830355
Submodel,7.125,6.75,0.3166635408230691
Submodel,7.125,7.5,0.34306846856310264
Submodel,7.125,8.25,0.3694733963031347
Submodel,7.125,9.0,0.3958783240431706
Submodel,7.125,9.75,0.41836843158685727
Submodel,7.125,10.5,0.4371494000847712
Submodel,7.125,11.25,0.4559303685826831
Submodel,7.125,12.0,0.4747113370805966
Submodel,7.125,12.75,0.4934923055785151
Submodel,7.125,13.5,0.5122732740764298
Submodel,7.125,14.25,0.5310542425743427
Submodel,7.125,15.0,0.5498352110722566
Submodel,7.125,15.75,0.56861617957017
Submodel,7.125,16.5,0.587397148068083
Submodel,7.125,17.25,0.6061781165659981
Submodel,7.125,18.0,0.6242116986510741
Submodel,7.125,18.75,0.6242116986510688
Submodel,7.125,19.5,0.6242116986510684
Submodel,7.125,20.25,0.6242116986510684
Submodel,7.125,21.0,0.6242116986510684
Submodel,7.125,21.75,0.6242116986510684
Submodel,7.125,22.5,0.6242116986510684
Submodel,7.125,23.25,0.6242116986510684
Submodel,7.125,24.0,0.6242116986510684
Submodel,7.125,24.75,0.6242116986510684
Submodel,7.125,25.5,0.6242116986510684
Submodel,7.125,26.25,0.6242116986510684
Submodel,7.125,27.0,0.6242116986510684
Submodel,7.125,27.75,0.6242116986510684
Submodel,7.125,28.5,0.6242116986510684
Submodel,7.125,29.25,0.6242116986510684
Submodel,7.125,30.0,0.6242116986510684
Submodel,7.5,0.0,0.08488695288277542
Submodel,7.5,0.75,0.11129188062280848
Submodel,7.5,1.5,0.13769680836284254
Submodel,7.5,2.25,0.16410173610287626
Submodel,7.5,3.0,0.19050666384290985
Submodel,7.5,3.75,0.21691159158294343
Submodel,7.5,4.5,0.24331651932297707
Submodel,7.5,5.25,0.2697214470630105
Submodel,7.5,6.0,0.29612637480304416
Submodel,7.5,6.75,0.3225313025430779
Submodel,7.5,7.5,0.34893623028311127
Submodel,7.5,8.25,0.3753411580231445
Submodel,7.5,9.0,0.40174608576317805
Submodel,7.5,9.75,0.42815101350321166
Submodel,7.5,10.5,0.44788138208357875
Submodel,7.5,11.25,0.4666623505814916
Submodel,7.5,12.0,0.48544331907940574
Submodel,7.5,12.75,0.5042242875773195
Submodel,7.5,13.5,0.523005256075233
Submodel,7.5,14.25,0.5417862245731464
Submodel,7.5,15.0,0.5605671930710605
Submodel,7.5,15.75,0.579348161568974
Submodel,7.5,16.5,0.5981291300668876
Submodel,7.5,17.25,0.6169100985648015
Submodel,7.5,18.0,0.6242116986510763
Submodel,7.5,18.75,0.6242116986510727
Submodel,7.5,19.5,0.6242116986510726
Submodel,7.5,20.25,0.6242116986510726
Submodel,7.5,21.0,0.6242116986510726
Submodel,7.5,21.75,0.6242116986510726
Submodel,7.5,22.5,0.6242116986510726
Submodel,7.5,23.25,0.6242116986510726
Submodel,7.5,24.0,0.6242116986510726
Submodel,7.5,24.75,0.6242116986510726
Submodel,7.5,25.5,0.6242116986510726
Submodel,7.5,26.25,0.6242116986510726
Submodel,7.5,27.0,0.6242116986510726
Submodel,7.5,27.75,0.6242116986510726
Submodel,7.5,28.5,0.6242116986510726
Submodel,7.5,29.25,0.6242116986510726
Submodel,7.5,30.0,0.6242116986510726
Submodel,7.875,0.0,0.09075471460278155
Submodel,7.875,0.75,0.11715964234281613
Submodel,7.875,1.5,0.14356457008284937
Submodel,7.875,2.25,0.16996949782288287
Submodel,7.875,3.0,0.1963744255629165
Submodel,7.875,3.75,0.22277935330295004
Submodel,7.875,4.5,0.24918428104298376
Submodel,7.875,5.25,0.27558920878301735
Submodel,7.875,6.0,0.301994136523051
Submodel,7.875,6.75,0.3283990642630847
Submodel,7.875,7.5,0.35480399200311835
Submodel,7.875,8.25,0.3812089197431524
Submodel,7.875,9.0,0.40761384748318585
Submodel,7.875,9.75,0.43401877522321913
Submodel,7.875,10.5,0.4586133640823853
Submodel,7.875,11.25,0.47739433258029773
Submodel,7.875,12.0,0.49617530107821417
Submodel,7.875,12.75,0.5149562695761266
Submodel,7.875,13.5,0.533737238074041
Submodel,7.875,14.25,0.5525182065719544
Submodel,7.875,15.0,0.5712991750698695
Submodel,7.875,15.75,0.5900801435677827
Submodel,7.875,16.5,0.6088611120656952
Submodel,7.875,17.25,0.6242116986510723
Submodel,7.875,18.0,0.6242116986510564
Submodel,7.875,18.75,0.6242116986510793
Submodel,7.875,19.5,0.6242116986510614
Submodel,7.875,20.25,0.6242116986510614
Submodel,7.875,21.0,0.6242116986510614
Submodel,7.875,21.75,0.6242116986510614
Submodel,7.875,22.5,0.6242116986510614
Submodel,7.875,23.25,0.6242116986510614
Submodel,7.875,24.0,0.6242116986510614
Submodel,7.875,24.75,0.6242116986510614
Submodel,7.875,25.5,0.6242116986510614
Submodel,7.875,26.25,0.6242116986510614
Submodel,7.875,27.0,0.6242116986510614
Submodel,7.875,27.75,0.6242116986510614
Submodel,7.875,28.5,0.6242116986510614
Submodel,7.875,29.25,0.6242116986510614
Submodel,7.875,30.0,0.6242116986510614
Submodel,8.25,0.0,0.09662247632279014
Submodel,8.25,0.75,0.12302740406282311
Submodel,8.25,1.5,0.149432331802856
Submodel,8.25,2.25,0.17583725954288934
Submodel,8.25,3.0,0.2022421872829229
Submodel,8.25,3.75,0.22864711502295645
Submodel,8.25,4.5,0.25505204276298965
Submodel,8.25,5.25,0.28145697050302343
Submodel,8.25,6.0,0.3078618982430566
Submodel,8.25,6.75,0.33426682598309015
Submodel,8.25,7.5,0.36067175372312377
Submodel,8.25,8.25,0.3870766814631569
Submodel,8.25,9.0,0.41348160920319005
Submodel,8.25,9.75,0.4398865369432232
Submodel,8.25,10.5,0.466291464683258
Submodel,8.25,11.25,0.48812631457910804
Submodel,8.25,12.0,0.5069072830770213
Submodel,8.25,12.75,0.5256882515749354
Submodel,8.25,13.5,0.5444692200728486
Submodel,8.25,14.25,0.5632501885707623
Submodel,8.25,15.0,0.582031157068677
Submodel,8.25,15.75,0.6008121255665889
Submodel,8.25,16.5,0.6195930940645016
Submodel,8.25,17.25,0.6242116986511111
Submodel,8.25,18.0,0.6242116986510448
Submodel,8.25,18.75,0.6242116986510675
Submodel,8.25,19.5,0.6242116986510675
Submodel,8.25,20.25,0.6242116986510675
Submodel,8.25,21.0,0.6242116986510675
Submodel,8.25,21.75,0.6242116986510675
Submodel,8.25,22.5,0.6242116986510675
Submodel,8.25,23.25,0.6242116986510675
Submodel,8.25,24.0,0.6242116986510675
Submodel,8.25,24.75,0.6242116986510675
Submodel,8.25,25.5,0.6242116986510675
Submodel,8.25,26.25,0.6242116986510675
Submodel,8.25,27.0,0.6242116986510675
Submodel,8.25,27.75,0.6242116986510675
Submodel,8.25,28.5,0.6242116986510675
Submodel,8.25,29.25,0.6242116986510675
Submodel,8.25,30.0,0.6242116986510675
Submodel,8.625,0.0,0.10249023804279642
Submodel,8.625,0.75,0.1288951657828305
Submodel,8.625,1.5,0.1553000935228639
Submodel,8.625,2.25,0.1817050212628971
Submodel,8.625,3.0,0.2081099490029307
Submodel,8.625,3.75,0.23451487674296428
Submodel,8.625,4.5,0.26091980448299795
Submodel,8.625,5.25,0.28732473222303107
Submodel,8.625,6.0,0.3137296599630651
Submodel,8.625,6.75,0.3401345877030983
Submodel,8.625,7.5,0.36653951544313146
Submodel,8.625,8.25,0.3929444431831655
Submodel,8.625,9.0,0.4193493709231979
Submodel,8.625,9.75,0.44575429866323435
Submodel,8.625,10.5,0.4721592264032654
Submodel,8.625,11.25,0.49856415414329947
Submodel,8.625,12.0,0.5176392650758296
Submodel,8.625,12.75,0.5364202335737432
Submodel,8.625,13.5,0.5552012020716556
Submodel,8.625,14.25,0.5739821705695707
Submodel,8.625,15.0,0.592763139067484
Submodel,8.625,15.75,0.6115441075653992
Submodel,8.625,16.5,0.6242116986510616
Submodel,8.625,17.25,0.6242116986510716
Submodel,8.625,18.0,0.6242116986510684
Submodel,8.625,18.75,0.624211698651071
Submodel,8.625,19.5,0.6242116986510634
Submodel,8.625,20.25,0.6242116986510731
Submodel,8.625,21.0,0.6242116986510731
Submodel,8.625,21.75,0.6242116986510731
Submodel,8.625,22.5,0.6242116986510731
Submodel,8.625,23.25,0.6242116986510731
Submodel,8.625,24.0,0.6242116986510731
Submodel,8.625,24.75,0.6242116986510731
Submodel,8.625,25.5,0.6242116986510731
Submodel,8.625,26.25,0.6242116986510731
Submodel,8.625,27.0,0.6242116986510731
Submodel,8.625,27.75,0.6242116986510731
Submodel,8.625,28.5,0.6242116986510731
Submodel,8.625,29.25,0.6242116986510731
Submodel,8.625,30.0,0.6242116986510731
Submodel,9.0,0.0,0.10835799976280401
Submodel,9.0,0.75,0.1347629275028385
Submodel,9.0,1.5,0.16116785524287378
Submodel,9.0,2.25,0.18757278298290725
Submodel,9.0,3.0,0.21397771072294114
Submodel,9.0,3.75,0.24038263846297425
Submodel,9.0,4.5,0.26678756620300925
Submodel,9.0,5.25,0.29319249394304236
Submodel,9.0,6.0,0.3195974216830762
Submodel,9.0,6.75,0.3460023494231099
Submodel,9.0,7.5,0.3724072771631437
Submodel,9.0,8.25,0.3988122049031771
Submodel,9.0,9.0,0.42521713264321065
Submodel,9.0,9.75,0.45162206038324504
Submodel,9.0,10.5,0.4780269881232767
Submodel,9.0,11.25,0.5044319158633109
Submodel,9.0,12.0,0.5283712470746347
Submodel,9.0,12.75,0.5471522155725492
Submodel,9.0,13.5,0.565933184070461
Submodel,9.0,14.25,0.5847141525683784
Submodel,9.0,15.0,0.603495121066292
Submodel,9.0,15.75,0.6222760895642057
Submodel,9.0,16.5,0.624211698651072
Submodel,9.0,17.25,0.6242116986510773
Submodel,9.0,18.0,0.6242116986510781
Submodel,9.0,18.75,0.6242116986510781
Submodel,9.0,19.5,0.6242116986510781
Submodel,9.0,20.25,0.6242116986510781
Submodel,9.0,21.0,0.6242116986510781
Submodel,9.0,21.75,0.6242116986510781
Submodel,9.0,22.5,0.6242116986510781
Submodel,9.0,23.25,0.6242116986510781
Submodel,9.0,24.0,0.6242116986510682
Submodel,9.0,24.75,0.6242116986510697
Submodel,9.0,25.5,0.6242116986510639
Submodel,9.0,26.25,0.6242116986510639
Submodel,9.0,27.0,0.6242116986510639
Submodel,9.0,27.75,0.6242116986510639
Submodel,9.0,28.5,0.6242116986510639
Submodel,9.0,29.25,0.6242116986510639
Submodel,9.0,30.0,0.6242116986510639
Submodel,9.375,0.0,0.11422576148281284
Submodel,9.375,0.75,0.14063068922284486
Submodel,9.375,1.5,0.16703561696288077
Submodel,9.375,2.25,0.19344054470291436
Submodel,9.375,3.0,0.21984547244294791
Submodel,9.375,3.75,0.24625040018298164
Submodel,9.375,4.5,0.27265532792301517
Submodel,9.375,5.25,0.2990602556630488
Submodel,9.375,6.0,0.32546518340308134
Submodel,9.375,6.75,0.3518701111431159
Submodel,9.375,7.5,0.37827503888314856
Submodel,9.375,8.25,0.4046799666231792
Submodel,9.375,9.0,0.4310848943632137
Submodel,9.375,9.75,0.45748982210324723
Submodel,9.375,10.5,0.4838947498432808
Submodel,9.375,11.25,0.5102996775833148
Submodel,9.375,12.0,0.5367046053233483
Submodel,9.375,12.75,0.5578841975713574
Submodel,9.375,13.5,0.5766651660692711
Submodel,9.375,14.25,0.5954461345671842
Submodel,9.375,15.0,0.6142271030650975
Submodel,9.375,15.75,0.6242116986510743
Submodel,9.375,16.5,0.6242116986510696
Submodel,9.375,17.25,0.6242116986510656
Submodel,9.375,18.0,0.6242116986510796
Submodel,9.375,18.75,0.6242116986510649
Submodel,9.375,19.5,0.6242116986510694
Submodel,9.375,20.25,0.6242116986510674
Submodel,9.375,21.0,0.6242116986510623
Submodel,9.375,21.75,0.6242116986510603
Submodel,9.375,22.5,0.6242116986510612
Submodel,9.375,23.25,0.6242116986510624
Submodel,9.375,24.0,0.6242116986510671
Submodel,9.375,24.75,0.6242116986510692
Submodel,9.375,25.5,0.6242116986510672
Submodel,9.375,26.25,0.6242116986510657
Submodel,9.375,27.0,0.6242116986510688
Submodel,9.375,27.75,0.6242116986510674
Submodel,9.375,28.5,0.6242116986510631
Submodel,9.375,29.25,0.6242116986510658
Submodel,9.375,30.0,0.6242116986510657
Submodel,9.75,0.0,0.12009352320281944
Submodel,9.75,0.75,0.1464984509428531
Submodel,9.75,1.5,0.17290337868288602
Submodel,9.75,2.25,0.1993083064229203
Submodel,9.75,3.0,0.22571323416295366
Submodel,9.75,3.75,0.25211816190298697
Submodel,9.75,4.5,0.2785230896430212
Submodel,9.75,5.25,0.30492801738305425
Submodel,9.75,6.0,0.33133294512308825
Submodel,9.75,6.75,0.3577378728631217
Submodel,9.75,7.5,0.38414280060315514
Submodel,9.75,8.25,0.4105477283431875
Submodel,9.75,9.0,0.4369526560832205
Submodel,9.75,9.75,0.46335758382325565
Submodel,9.75,10.5,0.4897625115632891
Submodel,9.75,11.25,0.5161674393033228
Submodel,9.75,12.0,0.5425723670433563
Submodel,9.75,12.75,0.568616179570167
Submodel,9.75,13.5,0.5873971480680796
Submodel,9.75,14.25,0.6061781165659919
Submodel,9.75,15.0,0.6242116986510557
Submodel,9.75,15.75,0.6242116986510537
Submodel,9.75,16.5,0.624211698651069
Submodel,9.75,17.25,0.6242116986510667
Submodel,9.75,18.0,0.6242116986510666
Submodel,9.75,18.75,0.6242116986510783
Submodel,9.75,19.5,0.6242116986510757
Submodel,9.75,20.25,0.6242116986510665
Submodel,9.75,21.0,0.6242116986510665
Submodel,9.75,21.75,0.6242116986510665
Submodel,9.75,22.5,0.6242116986510665
Submodel,9.75,23.25,0.6242116986510665
Submodel,9.75,24.0,0.6242116986510665
Submodel,9.75,24.75,0.6242116986510665
Submodel,9.75,25.5,0.6242116986510665
Submodel,9.75,26.25,0.6242116986510665
Submodel,9.75,27.0,0.6242116986510665
Submodel,9.75,27.75,0.6242116986510665
Submodel,9.75,28.5,0.6242116986510665
Submodel,9.75,29.25,0.6242116986510665
Submodel,9.75,30.0,0.6242116986510665
Submodel,10.125,0.0,0.12596128492282713
Submodel,10.125,0.75,0.15236621266285974
Submodel,10.125,1.5,0.17877114040289413
Submodel,10.125,2.25,0.2051760681429277
Submodel,10.125,3.0,0.23158099588296166
Submodel,10.125,3.75,0.25798592362299533
Submodel,10.125,4.5,0.2843908513630292
Submodel,10.125,5.25,0.31079577910306266
Submodel,10.125,6.0,0.3372007068430962
Submodel,10.125,6.75,0.3636056345831299
Submodel,10.125,7.5,0.39001056232316356
Submodel,10.125,8.25,0.4164154900631973
Submodel,10.125,9.0,0.4428204178032308
Submodel,10.125,9.75,0.46922534554326456
Submodel,10.125,10.5,0.49563027328329823
Submodel,10.125,11.25,0.522035201023332
Submodel,10.125,12.0,0.5484401287633655
Submodel,10.125,12.75,0.5748450565033992
Submodel,10.125,13.5,0.5981291300668867
Submodel,10.125,14.25,0.6169100985648022
Submodel,10.125,15.0,0.6242116986510718
Submodel,10.125,15.75,0.6242116986510716
Submodel,10.125,16.5,0.6242116986510718
Submodel,10.125,17.25,0.6242116986510704
Submodel,10.125,18.0,0.6242116986510717
Submodel,10.125,18.75,0.6242116986510718
Submodel,10.125,19.5,0.6242116986510718
Submodel,10.125,20.25,0.6242116986510718
Submodel,10.125,21.0,0.6242116986510718
Submodel,10.125,21.75,0.6242116986510718
Submodel,10.125,22.5,0.6242116986510718
Submodel,10.125,23.25,0.6242116986510718
Submodel,10.125,24.0,0.6242116986510718
Submodel,10.125,24.75,0.6242116986510718
Submodel,10.125,25.5,0.6242116986510718
Submodel,10.125,26.25,0.6242116986510718
Submodel,10.125,27.0,0.6242116986510718
Submodel,10.125,27.75,0.6242116986510718
Submodel,10.125,28.5,0.6242116986510718
Submodel,10.125,29.25,0.6242116986510718
Submodel,10.125,30.0,0.6242116986510718
Submodel,10.5,0.0,0.13182904664283346
Submodel,10.5,0.75,0.15823397438286824
Submodel,10.5,1.5,0.18463890212290057
Submodel,10.5,2.25,0.2110438298629346
Submodel,10.5,3.0,0.23744875760296819
Submodel,10.5,3.75,0.26385368534300174
Submodel,10.5,4.5,0.29025861308303524
Submodel,10.5,5.25,0.31666354082306863
Submodel,10.5,6.0,0.34306846856310225
Submodel,10.5,6.75,0.3694733963031375
Submodel,10.5,7.5,0.39587832404317125
Submodel,10.5,8.25,0.42228325178320536
Submodel,10.5,9.0,0.4486881795232365
Submodel,10.5,9.75,0.47509310726327114
Submodel,10.5,10.5,0.5014980350033057
Submodel,10.5,11.25,0.5279029627433381
Submodel,10.5,12.0,0.5543078904833704
Submodel,10.5,12.75,0.5807128182234068
Submodel,10.5,13.5,0.6071177459634384
Submodel,10.5,14.25,0.6242116986510675
Submodel,10.5,15.0,0.6242116986510625
Submodel,10.5,15.75,0.6242116986510671
Submodel,10.5,16.5,0.6242116986510531
Submodel,10.5,17.25,0.6242116986510593
Submodel,10.5,18.0,0.6242116986510704
Submodel,10.5,18.75,0.6242116986510696
Submodel,10.5,19.5,0.6242116986510594
Submodel,10.5,20.25,0.6242116986510693
Submodel,10.5,21.0,0.6242116986510693
Submodel,10.5,21.75,0.6242116986510693
Submodel,10.5,22.5,0.6242116986510693
Submodel,10.5,23.25,0.6242116986510693
Submodel,10.5,24.0,0.6242116986510693
Submodel,10.5,24.75,0.6242116986510693
Submodel,10.5,25.5,0.6242116986510693
Submodel,10.5,26.25,0.6242116986510693
Submodel,10.5,27.0,0.6242116986510693
Submodel,10.5,27.75,0.6242116986510693
Submodel,10.5,28.5,0.6242116986510693
Submodel,10.5,29.25,0.6242116986510693
Submodel,10.5,30.0,0.6242116986510693
Submodel,10.875,0.0,0.13769680836284418
Submodel,10.875,0.75,0.16410173610287426
Submodel,10.875,1.5,0.1905066638429087
Submodel,10.875,2.25,0.21691159158294207
Submodel,10.875,3.0,0.2433165193229755
Submodel,10.875,3.75,0.26972144706300905
Submodel,10.875,4.5,0.2961263748030425
Submodel,10.875,5.25,0.32253130254307605
Submodel,10.875,6.0,0.3489362302831095
Submodel,10.875,6.75,0.375341158023143
Submodel,10.875,7.5,0.4017460857631554
Submodel,10.875,8.25,0.42815101350321055
Submodel,10.875,9.0,0.45455594124324417
Submodel,10.875,9.75,0.48096086898327844
Submodel,10.875,10.5,0.5073657967233123
Submodel,10.875,11.25,0.5337707244633452
Submodel,10.875,12.0,0.5601756522033786
Submodel,10.875,12.75,0.5865805799434127
Submodel,10.875,13.5,0.6129855076834462
Submodel,10.875,14.25,0.6242116986510619
Submodel,10.875,15.0,0.6242116986510718
Submodel,10.875,15.75,0.6242116986510718
Submodel,10.875,16.5,0.6242116986510718
Submodel,10.875,17.25,0.6242116986510718
Submodel,10.875,18.0,0.6242116986510718
Submodel,10.875,18.75,0.6242116986510718
Submodel,10.875,19.5,0.6242116986510718
Submodel,10.875,20.25,0.6242116986510718
Submodel,10.875,21.0,0.6242116986510718
Submodel,10.875,21.75,0.6242116986510718
Submodel,10.875,22.5,0.6242116986510718
Submodel,10.875,23.25,0.6242116986510718
Submodel,10.875,24.0,0.6242116986510718
Submodel,10.875,24.75,0.6242116986510718
Submodel,10.875,25.5,0.6242116986510718
Submodel,10.875,26.25,0.6242116986510718
Submodel,10.875,27.0,0.6242116986510718
Submodel,10.875,27.75,0.6242116986510718
Submodel,10.875,28.5,0.6242116986510718
Submodel,10.875,29.25,0.6242116986510718
Submodel,10.875,30.0,0.6242116986510718
Submodel,11.25,0.0,0.14356457008284904
Submodel,11.25,0.75,0.16996949782288254
Submodel,11.25,1.5,0.1963744255629166
Submodel,11.25,2.25,0.22277935330295007
Submodel,11.25,3.0,0.24918428104298382
Submodel,11.25,3.75,0.27558920878301724
Submodel,11.25,4.5,0.30199413652305096
Submodel,11.25,5.25,0.3283990642630845
Submodel,11.25,6.0,0.35480399200311796
Submodel,11.25,6.75,0.38120891974315135
Submodel,11.25,7.5,0.407613847483184
Submodel,11.25,8.25,0.4340187752232191
Submodel,11.25,9.0,0.46042370296325374
Submodel,11.25,9.75,0.48682863070328647
Submodel,11.25,10.5,0.5132335584433201
Submodel,11.25,11.25,0.5396384861833531
Submodel,11.25,12.0,0.5660434139233872
Submodel,11.25,12.75,0.5924483416634208
Submodel,11.25,13.5,0.618853269403454
Submodel,11.25,14.25,0.6242116986510707
Submodel,11.25,15.0,0.6242116986510707
Submodel,11.25,15.75,0.6242116986510707
Submodel,11.25,16.5,0.6242116986510707
Submodel,11.25,17.25,0.6242116986510707
Submodel,11.25,18.0,0.6242116986510707
Submodel,11.25,18.75,0.6242116986510707
Submodel,11.25,19.5,0.6242116986510707
Submodel,11.25,20.25,0.6242116986510707
Submodel,11.25,21.0,0.6242116986510707
Submodel,11.25,21.75,0.6242116986510707
Submodel,11.25,22.5,0.6242116986510707
Submodel,11.25,23.25,0.6242116986510707
Submodel,11.25,24.0,0.6242116986510707
Submodel,11.25,24.75,0.6242116986510707
Submodel,11.25,25.5,0.6242116986510707
Submodel,11.25,26.25,0.6242116986510707
Submodel,11.25,27.0,0.6242116986510707
Submodel,11.25,27.75,0.6242116986510707
Submodel,11.25,28.5,0.6242116986510707
Submodel,11.25,29.25,0.6242116986510707
Submodel,11.25,30.0,0.6242116986510707
Submodel,11.625,0.0,0.14943233180285695
Submodel,11.625,0.75,0.17583725954289117
Submodel,11.625,1.5,0.2022421872829243
Submodel,11.625,2.25,0.22864711502295823
Submodel,11.625,3.0,0.2550520427629922
Submodel,11.625,3.75,0.28145697050302515
Submodel,11.625,4.5,0.30786189824305904
Submodel,11.625,5.25,0.334266825983093
Submodel,11.625,6.0,0.36067175372312593
Submodel,11.625,6.75,0.38707668146315993
Submodel,11.625,7.5,0.4134816092031938
Submodel,11.625,8.25,0.43988653694322777
Submodel,11.625,9.0,0.4662914646832607
Submodel,11.625,9.75,0.4926963924232947
Submodel,11.625,10.5,0.5191013201633276
Submodel,11.625,11.25,0.5455062479033614
Submodel,11.625,12.0,0.5719111756433953
Submodel,11.625,12.75,0.5983161033834294
Submodel,11.625,13.5,0.624211698651056
Submodel,11.625,14.25,0.6242116986510877
Submodel,11.625,15.0,0.6242116986510775
Submodel,11.625,15.75,0.6242116986510775
Submodel,11.625,16.5,0.6242116986510775
Submodel,11.625,17.25,0.6242116986510775
Submodel,11.625,18.0,0.6242116986510775
Submodel,11.625,18.75,0.6242116986510775
Submodel,11.625,19.5,0.6242116986510775
Submodel,11.625,20.25,0.6242116986510775
Submodel,11.625,21.0,0.6242116986510775
Submodel,11.625,21.75,0.6242116986510775
Submodel,11.625,22.5,0.6242116986510775
Submodel,11.625,23.25,0.6242116986510775
Submodel,11.625,24.0,0.6242116986510775
Submodel,11.625,24.75,0.6242116986510775
Submodel,11.625,25.5,0.6242116986510775
Submodel,11.625,26.25,0.6242116986510775
Submodel,11.625,27.0,0.6242116986510775
Submodel,11.625,27.75,0.6242116986510775
Submodel,11.625,28.5,0.6242116986510775
Submodel,11.625,29.25,0.6242116986510775
Submodel,11.625,30.0,0.6242116986510775
Submodel,12.0,0.0,0.155300093522864
Submodel,12.0,0.75,0.18170502126289811
Submodel,12.0,1.5,0.20810994900293142
Submodel,12.0,2.25,0.23451487674296526
Submodel,12.0,3.0,0.2609198044829996
Submodel,12.0,3.75,0.2873247322230331
Submodel,12.0,4.5,0.3137296599630661
Submodel,12.0,5.25,0.34013458770309946
Submodel,12.0,6.0,0.36653951544313307
Submodel,12.0,6.75,0.3929444431831657
Submodel,12.0,7.5,0.41934937092319974
Submodel,12.0,8.25,0.4457542986632335
Submodel,12.0,9.0,0.4721592264032671
Submodel,12.0,9.75,0.4985641541433002
Submodel,12.0,10.5,0.5249690818833337
Submodel,12.0,11.25,0.551374009623367
Submodel,12.0,12.0,0.5777789373634015
Submodel,12.0,12.75,0.6041838651034349
Submodel,12.0,13.5,0.6242116986510715
Submodel,12.0,14.25,0.6242116986510815
Submodel,12.0,15.0,0.624211698651084
Submodel,12.0,15.75,0.624211698651084
Submodel,12.0,16.5,0.624211698651084
Submodel,12.0,17.25,0.624211698651084
Submodel,12.0,18.0,0.624211698651084
Submodel,12.0,18.75,0.624211698651084
Submodel,12.0,19.5,0.624211698651084
Submodel,12.0,20.25,0.624211698651084
Submodel,12.0,21.0,0.624211698651084
Submodel,12.0,21.75,0.624211698651084
Submodel,12.0,22.5,0.624211698651084
Submodel,12.0,23.25,0.624211698651084
Submodel,12.0,24.0,0.624211698651084
Submodel,12.0,24.75,0.624211698651084
Submodel,12.0,25.5,0.624211698651084
Submodel,12.0,26.25,0.624211698651084
Submodel,12.0,27.0,0.624211698651084
Submodel,12.0,27.75,0.624211698651084
Submodel,12.0,28.5,0.624211698651084
Submodel,12.0,29.25,0.624211698651084
Submodel,12.0,30.0,0.624211698651084
Submodel,12.375,0.0,0.16116785524287122
Submodel,12.375,0.75,0.18757278298290342
Submodel,12.375,1.5,0.2139777107229377
Submodel,12.375,2.25,0.24038263846297114
Submodel,12.375,3.0,0.2667875662030044
Submodel,12.375,3.75,0.2931924939430381
Submodel,12.375,4.5,0.3195974216830714
Submodel,12.375,5.25,0.34600234942310487
Submodel,12.375,6.0,0.3724072771631381
Submodel,12.375,6.75,0.3988122049031714
Submodel,12.375,7.5,0.42521713264320476
Submodel,12.375,8.25,0.45162206038324043
Submodel,12.375,9.0,0.4780269881232717
Submodel,12.375,9.75,0.5044319158633073
Submodel,12.375,10.5,0.5308368436033408
Submodel,12.375,11.25,0.5572417713433724
Submodel,12.375,12.0,0.5836466990834094
Submodel,12.375,12.75,0.6100516268234433
Submodel,12.375,13.5,0.6242116986510737
Submodel,12.375,14.25,0.6242116986510736
Submodel,12.375,15.0,0.6242116986510408
Submodel,12.375,15.75,0.624211698651064
Submodel,12.375,16.5,0.624211698651064
Submodel,12.375,17.25,0.624211698651064
Submodel,12.375,18.0,0.624211698651064
Submodel,12.375,18.75,0.624211698651064
Submodel,12.375,19.5,0.624211698651064
Submodel,12.375,20.25,0.624211698651064
Submodel,12.375,21.0,0.624211698651064
Submodel,12.375,21.75,0.624211698651064
Submodel,12.375,22.5,0.624211698651064
Submodel,12.375,23.25,0.624211698651064
Submodel,12.375,24.0,0.624211698651064
Submodel,12.375,24.75,0.624211698651064
Submodel,12.375,25.5,0.624211698651064
Submodel,12.375,26.25,0.624211698651064
Submodel,12.375,27.0,0.624211698651064
Submodel,12.375,27.75,0.624211698651064
Submodel,12.375,28.5,0.624211698651064
Submodel,12.375,29.25,0.624211698651064
Submodel,12.375,30.0,0.624211698651064
Submodel,12.75,0.0,0.1670356169628783
Submodel,12.75,0.75,0.19344054470291375
Submodel,12.75,1.5,0.21984547244294614
Submodel,12.75,2.25,0.24625040018297978
Submodel,12.75,3.0,0.2726553279230135
Submodel,12.75,3.75,0.29906025566304667
Submodel,12.75,4.5,0.3254651834030807
Submodel,12.75,5.25,0.35187011114311495
Submodel,12.75,6.0,0.3782750388831471
Submodel,12.75,6.75,0.4046799666231813
Submodel,12.75,7.5,0.43108489436321445
Submodel,12.75,8.25,0.45748982210324857
Submodel,12.75,9.0,0.48389474984328174
Submodel,12.75,9.75,0.5102996775833158
Submodel,12.75,10.5,0.5367046053233483
Submodel,12.75,11.25,0.5631095330633823
Submodel,12.75,12.0,0.5895144608034163
Submodel,12.75,12.75,0.6159193885434452
Submodel,12.75,13.5,0.6242116986510627
Submodel,12.75,14.25,0.6242116986510546
Submodel,12.75,15.0,0.6242116986510757
Submodel,12.75,15.75,0.6242116986510595
Submodel,12.75,16.5,0.6242116986510595
Submodel,12.75,17.25,0.6242116986510595
Submodel,12.75,18.0,0.6242116986510595
Submodel,12.75,18.75,0.6242116986510595
Submodel,12.75,19.5,0.6242116986510595
Submodel,12.75,20.25,0.6242116986510595
Submodel,12.75,21.0,0.6242116986510595
Submodel,12.75,21.75,0.6242116986510595
Submodel,12.75,22.5,0.6242116986510595
Submodel,12.75,23.25,0.6242116986510595
Submodel,12.75,24.0,0.6242116986510595
Submodel,12.75,24.75,0.6242116986510595
Submodel,12.75,25.5,0.6242116986510595
Submodel,12.75,26.25,0.6242116986510595
Submodel,12.75,27.0,0.6242116986510595
Submodel,12.75,27.75,0.6242116986510595
Submodel,12.75,28.5,0.6242116986510595
Submodel,12.75,29.25,0.6242116986510595
Submodel,12.75,30.0,0.6242116986510595
Submodel,13.125,0.0,0.17290337868288758
Submodel,13.125,0.75,0.19930830642291958
Submodel,13.125,1.5,0.22571323416295347
Submodel,13.125,2.25,0.25211816190298786
Submodel,13.125,3.0,0.27852308964302175
Submodel,13.125,3.75,0.30492801738305536
Submodel,13.125,4.5,0.33133294512308864
Submodel,13.125,5.25,0.3577378728631228
Submodel,13.125,6.0,0.3841428006031561
Submodel,13.125,6.75,0.41054772834318953
Submodel,13.125,7.5,0.43695265608322337
Submodel,13.125,8.25,0.463357583823257
Submodel,13.125,9.0,0.48976251156329026
Submodel,13.125,9.75,0.5161674393033239
Submodel,13.125,10.5,0.5425723670433573
Submodel,13.125,11.25,0.5689772947833911
Submodel,13.125,12.0,0.5953822225234244
Submodel,13.125,12.75,0.6217871502634582
Submodel,13.125,13.5,0.6242116986510649
Submodel,13.125,14.25,0.6242116986510704
Submodel,13.125,15.0,0.6242116986510593
Submodel,13.125,15.75,0.6242116986510595
Submodel,13.125,16.5,0.6242116986510595
Submodel,13.125,17.25,0.6242116986510595
Submodel,13.125,18.0,0.6242116986510595
Submodel,13.125,18.75,0.6242116986510595
Submodel,13.125,19.5,0.6242116986510595
Submodel,13.125,20.25,0.6242116986510595
Submodel,13.125,21.0,0.6242116986510595
Submodel,13.125,21.75,0.6242116986510595
Submodel,13.125,22.5,0.6242116986510595
Submodel,13.125,23.25,0.6242116986510595
Submodel,13.125,24.0,0.6242116986510595
Submodel,13.125,24.75,0.6242116986510595
Submodel,13.125,25.5,0.6242116986510595
Submodel,13.125,26.25,0.6242116986510595
Submodel,13.125,27.0,0.6242116986510595
Submodel,13.125,27.75,0.6242116986510595
Submodel,13.125,28.5,0.6242116986510595
Submodel,13.125,29.25,0.6242116986510595
Submodel,13.125,30.0,0.6242116986510595
Submodel,13.5,0.0,0.17877114040289557
Submodel,13.5,0.75,0.20517606814292755
Submodel,13.5,1.5,0.2315809958829613
Submodel,13.5,2.25,0.2579859236229949
Submodel,13.5,3.0,0.2843908513630284
Submodel,13.5,3.75,0.310795779103062
Submodel,13.5,4.5,0.33720070684309544
Submodel,13.5,5.25,0.36360563458312906
Submodel,13.5,6.0,0.39001056232316267
Submodel,13.5,6.75,0.4164154900631965
Submodel,13.5,7.5,0.4428204178032299
Submodel,13.5,8.25,0.4692253455432635
Submodel,13.5,9.0,0.4956302732832969
Submodel,13.5,9.75,0.5220352010233307
Submodel,13.5,10.5,0.5484401287633641
Submodel,13.5,11.25,0.5748450565033975
Submodel,13.5,12.0,0.6012499842434311
Submodel,13.5,12.75,0.624211698651073
Submodel,13.5,13.5,0.624211698651062
Submodel,13.5,14.25,0.6242116986510664
Submodel,13.5,15.0,0.6242116986510651
Submodel,13.5,15.75,0.6242116986510506
Submodel,13.5,16.5,0.6242116986510662
Submodel,13.5,17.25,0.6242116986510662
Submodel,13.5,18.0,0.6242116986510662
Submodel,13.5,18.75,0.6242116986510662
Submodel,13.5,19.5,0.6242116986510677
Submodel,13.5,20.25,0.6242116986510767
Submodel,13.5,21.0,0.6242116986510712
Submodel,13.5,21.75,0.6242116986510712
Submodel,13.5,22.5,0.6242116986510712
Submodel,13.5,23.25,0.6242116986510712
Submodel,13.5,24.0,0.6242116986510712
Submodel,13.5,24.75,0.6242116986510712
Submodel,13.5,25.5,0.6242116986510712
Submodel,13.5,26.25,0.6242116986510712
Submodel,13.5,27.0,0.6242116986510712
Submodel,13.5,27.75,0.6242116986510712
Submodel,13.5,28.5,0.6242116986510712
Submodel,13.5,29.25,0.6242116986510712
Submodel,13.5,30.0,0.6242116986510712
Submodel,13.875,0.0,0.18463890212290116
Submodel,13.875,0.75,0.2110438298629354
Submodel,13.875,1.5,0.2374487576029682
Submodel,13.875,2.25,0.2638536853430018
Submodel,13.875,3.0,0.2902586130830353
Submodel,13.875,3.75,0.31666354082306875
Submodel,13.875,4.5,0.34306846856310214
Submodel,13.875,5.25,0.3694733963031357
Submodel,13.875,6.0,0.395878324043169
Submodel,13.875,6.75,0.4222832517832026
Submodel,13.875,7.5,0.4486881795232363
Submodel,13.875,8.25,0.4750931072632698
Submodel,13.875,9.0,0.5014980350033036
Submodel,13.875,9.75,0.5279029627433366
Submodel,13.875,10.5,0.5543078904833707
Submodel,13.875,11.25,0.5807128182234039
Submodel,13.875,12.0,0.6071177459634371
Submodel,13.875,12.75,0.6242116986510704
Submodel,13.875,13.5,0.6242116986510649
Submodel,13.875,14.25,0.6242116986510704
Submodel,13.875,15.0,0.6242116986511201
Submodel,13.875,15.75,0.6242116986511193
Submodel,13.875,16.5,0.6242116986511193
Submodel,13.875,17.25,0.6242116986511193
Submodel,13.875,18.0,0.6242116986511193
Submodel,13.875,18.75,0.6242116986511193
Submodel,13.875,19.5,0.6242116986511193
Submodel,13.875,20.25,0.6242116986511193
Submodel,13.875,21.0,0.6242116986511193
Submodel,13.875,21.75,0.6242116986511193
Submodel,13.875,22.5,0.6242116986511193
Submodel,13.875,23.25,0.6242116986511193
Submodel,13.875,24.0,0.6242116986511193
Submodel,13.875,24.75,0.6242116986511193
Submodel,13.875,25.5,0.6242116986511193
Submodel,13.875,26.25,0.6242116986511193
Submodel,13.875,27.0,0.6242116986511193
Submodel,13.875,27.75,0.6242116986511193
Submodel,13.875,28.5,0.6242116986511193
Submodel,13.875,29.25,0.6242116986511193
Submodel,13.875,30.0,0.6242116986511193
Submodel,14.25,0.0,0.19050666384291018
Submodel,14.25,0.75,0.21691159158294185
Submodel,14.25,1.5,0.2433165193229759
Submodel,14.25,2.25,0.2697214470630096
Submodel,14.25,3.0,0.2961263748030427
Submodel,14.25,3.75,0.32253130254307744
Submodel,14.25,4.5,0.34893623028311094
Submodel,14.25,5.25,0.3753411580231442
Submodel,14.25,6.0,0.401746085763178
Submodel,14.25,6.75,0.4281510135032115
Submodel,14.25,7.5,0.454555941243245
Submodel,14.25,8.25,0.4809608689832786
Submodel,14.25,9.0,0.5073657967233122
Submodel,14.25,9.75,0.5337707244633468
Submodel,14.25,10.5,0.5601756522033782
Submodel,14.25,11.25,0.5865805799434116
Submodel,14.25,12.0,0.6129855076834483
Submodel,14.25,12.75,0.6242116986510665
Submodel,14.25,13.5,0.6242116986510625
Submodel,14.25,14.25,0.6242116986510708
Submodel,14.25,15.0,0.6242116986510559
Submodel,14.25,15.75,0.624211698651071
Submodel,14.25,16.5,0.624211698651071
Submodel,14.25,17.25,0.624211698651071
Submodel,14.25,18.0,0.624211698651071
Submodel,14.25,18.75,0.624211698651071
Submodel,14.25,19.5,0.624211698651071
Submodel,14.25,20.25,0.624211698651071
Submodel,14.25,21.0,0.624211698651071
Submodel,14.25,21.75,0.624211698651071
Submodel,14.25,22.5,0.624211698651071
Submodel,14.25,23.25,0.624211698651071
Submodel,14.25,24.0,0.624211698651071
Submodel,14.25,24.75,0.624211698651071
Submodel,14.25,25.5,0.624211698651071
Submodel,14.25,26.25,0.624211698651071
Submodel,14.25,27.0,0.624211698651071
Submodel,14.25,27.75,0.624211698651071
Submodel,14.25,28.5,0.624211698651071
Submodel,14.25,29.25,0.624211698651071
Submodel,14.25,30.0,0.624211698651071
Submodel,14.625,0.0,0.19637442556291637
Submodel,14.625,0.75,0.22277935330295007
Submodel,14.625,1.5,0.2491842810429832
Submodel,14.625,2.25,0.2755892087830165
Submodel,14.625,3.0,0.3019941365230504
Submodel,14.625,3.75,0.32839906426308374
Submodel,14.625,4.5,0.3548039920031172
Submodel,14.625,5.25,0.3812089197431509
Submodel,14.625,6.0,0.40761384748318397
Submodel,14.625,6.75,0.43401877522321736
Submodel,14.625,7.5,0.46042370296325147
Submodel,14.625,8.25,0.4868286307032848
Submodel,14.625,9.0,0.5132335584433189
Submodel,14.625,9.75,0.5396384861833523
Submodel,14.625,10.5,0.5660434139233855
Submodel,14.625,11.25,0.5924483416634188
Submodel,14.625,12.0,0.6188532694034511
Submodel,14.625,12.75,0.6242116986510603
Submodel,14.625,13.5,0.6242116986510601
Submodel,14.625,14.25,0.6242116986510601
Submodel,14.625,15.0,0.6242116986510601
Submodel,14.625,15.75,0.6242116986510601
Submodel,14.625,16.5,0.6242116986510601
Submodel,14.625,17.25,0.6242116986510601
Submodel,14.625,18.0,0.6242116986510601
Submodel,14.625,18.75,0.6242116986510601
Submodel,14.625,19.5,0.6242116986510601
Submodel,14.625,20.25,0.6242116986510601
Submodel,14.625,21.0,0.6242116986510601
Submodel,14.625,21.75,0.6242116986510601
Submodel,14.625,22.5,0.6242116986510601
Submodel,14.625,23.25,0.6242116986510601
Submodel,14.625,24.0,0.6242116986510601
Submodel,14.625,24.75,0.6242116986510601
Submodel,14.625,25.5,0.6242116986510601
Submodel,14.625,26.25,0.6242116986510601
Submodel,14.625,27.0,0.6242116986510601
Submodel,14.625,27.75,0.6242116986510601
Submodel,14.625,28.5,0.6242116986510601
Submodel,14.625,29.25,0.6242116986510601
Submodel,14.625,30.0,0.6242116986510601
Submodel,15.0,0.0,0.20224218728292695
Submodel,15.0,0.75,0.22864711502295834
Submodel,15.0,1.5,0.25505204276299326
Submodel,15.0,2.25,0.28145697050302493
Submodel,15.0,3.0,0.30786189824305854
Submodel,15.0,3.75,0.3342668259830938
Submodel,15.0,4.5,0.36067175372312676
Submodel,15.0,5.25,0.38707668146316
Submodel,15.0,6.0,0.41348160920319127
Submodel,15.0,6.75,0.43988653694322627
Submodel,15.0,7.5,0.46629146468325977
Submodel,15.0,8.25,0.4926963924232941
Submodel,15.0,9.0,0.5191013201633272
Submodel,15.0,9.75,0.5455062479033603
Submodel,15.0,10.5,0.5719111756433944
Submodel,15.0,11.25,0.5983161033834279
Submodel,15.0,12.0,0.6242116986511043
Submodel,15.0,12.75,0.6242116986511119
Submodel,15.0,13.5,0.6242116986511114
Submodel,15.0,14.25,0.6242116986511114
Submodel,15.0,15.0,0.6242116986511114
Submodel,15.0,15.75,0.6242116986511114
Submodel,15.0,16.5,0.6242116986511114
Submodel,15.0,17.25,0.6242116986511114
Submodel,15.0,18.0,0.6242116986511114
Submodel,15.0,18.75,0.6242116986511114
Submodel,15.0,19.5,0.6242116986511114
Submodel,15.0,20.25,0.6242116986511114
Submodel,15.0,21.0,0.6242116986511114
Submodel,15.0,21.75,0.6242116986511114
Submodel,15.0,22.5,0.6242116986511114
Submodel,15.0,23.25,0.6242116986511114
Submodel,15.0,24.0,0.6242116986511114
Submodel,15.0,24.75,0.6242116986511114
Submodel,15.0,25.5,0.6242116986511114
Submodel,15.0,26.25,0.6242116986511114
Submodel,15.0,27.0,0.6242116986511114
Submodel,15.0,27.75,0.6242116986511114
Submodel,15.0,28.5,0.6242116986511114
Submodel,15.0,29.25,0.6242116986511114
Submodel,15.0,30.0,0.6242116986511114
